<?xml version="1.0" encoding="UTF-8" ?>
<Configuration status="WARN">
     <!-- Logging Properties -->
    <Properties>
        <Property name="LOG_PATTERN">%d{HH:mm:ss.SSS} %-5level %logger{36} - %msg%n</Property>
        <Property name="APP_LOG_ROOT">/home/ccmsIdx/CLICK-PSS-10-Logs/eStampAuthService</Property>
    </Properties>
    <Appenders>
        <Console name="Console" target="SYSTEM_OUT">
               <!--  <PatternLayout pattern="${LOG_PATTERN}"/> -->
            <PatternLayout>
            <Pattern>
                ${LOG_PATTERN}
            </Pattern>
            </PatternLayout>
        </Console>
       
         <RollingFile name="debugLog" fileName="${APP_LOG_ROOT}/clickPss-debug.log"
            filePattern="${APP_LOG_ROOT}/clickPss-debug-%d{yyyy-MM-dd}-%i.log">
            <LevelRangeFilter minLevel="DEBUG" maxLevel="DEBUG" onMatch="ACCEPT" onMismatch="DENY"/>
               <PatternLayout pattern="${LOG_PATTERN}"/>
            
            <Policies>
                <TimeBasedTriggeringPolicy/>
                <SizeBasedTriggeringPolicy size="10MB" />
            </Policies>
            <DefaultRolloverStrategy max="30"/>
        </RollingFile>
        <RollingFile name="infoLog" fileName="${APP_LOG_ROOT}/clickPss-info.log"
            filePattern="${APP_LOG_ROOT}/clickPss-info-%d{yyyy-MM-dd}-%i.log" >
            <LevelRangeFilter minLevel="INFO" maxLevel="INFO" onMatch="ACCEPT" onMismatch="DENY"/>
           <PatternLayout pattern="${LOG_PATTERN}"/>
            
            <Policies>
                <TimeBasedTriggeringPolicy/>
                <SizeBasedTriggeringPolicy size="10MB" />
            </Policies>
            <DefaultRolloverStrategy max="30"/>
        </RollingFile>
         
        <RollingFile name="errorLog" fileName="${APP_LOG_ROOT}/clickPss-error.log"
            filePattern="${APP_LOG_ROOT}/clickPss-error-%d{yyyy-MM-dd}-%i.log" >
            <LevelRangeFilter minLevel="ERROR" maxLevel="ERROR" onMatch="ACCEPT" onMismatch="DENY"/>
         <PatternLayout pattern="${LOG_PATTERN}"/>
           
            <Policies>
                <TimeBasedTriggeringPolicy/>
                <SizeBasedTriggeringPolicy size="10MB" />
            </Policies>
            <DefaultRolloverStrategy max="30"/>
        </RollingFile>
    </Appenders>
    <Loggers>
        <Logger name="com.aurionpro" additivity="false" level="debug">
            <AppenderRef ref="debugLog" level="debug" />
            <AppenderRef ref="infoLog" level="info" />
            <AppenderRef ref="errorLog" level="error" />
            <AppenderRef ref="Console" level="info" />
        </Logger>
        <Root level="debug">
            <AppenderRef ref="Console" />
            
        </Root>
    </Loggers>
</Configuration>
