<?xml version="1.0" encoding="UTF-8"?>
<!DOCTYPE hibernate-mapping PUBLIC "-//Hibernate/Hibernate Mapping DTD 3.0//EN" "http://hibernate.sourceforge.net/hibernate-mapping-3.0.dtd">
<!-- Generated Aug 9, 2013 4:41:21 PM by Hibernate Tools 3.2.1.GA -->
<hibernate-mapping>
  <class name="com.seeinfobiz.click.entitybean.Cxalrtxprcsxm" table="CXALRTXPRCSXM">
    <id name="ixprcsxalrt" type="long">
      <column name="IXPRCSXALRT" precision="20" scale="0"/>
      <generator class="assigned"/>
    </id>
    <many-to-one class="com.seeinfobiz.click.entitybean.Pxprdctxm" fetch="select" name="pxprdctxm">
      <column name="IXPRDT" precision="20" scale="0"/>
    </many-to-one>
    <property name="dxprcsxalrt" type="timestamp">
      <column length="23" name="DXPRCSXALRT"/>
    </property>
    <property name="nmxalrt" type="string">
      <column length="50" name="NMXALRT"/>
    </property>
    <property name="ixalrtxcfg" type="long">
      <column name="IXALRTXCFG" precision="20" scale="0"/>
    </property>
    <property name="fxalrtxprs" type="string">
      <column length="1" name="FXALRTXPRS" not-null="true"/>
    </property>
    <property name="fxalrtxgen" type="string">
      <column length="1" name="FXALRTXGEN" not-null="true"/>
    </property>
    <property name="fxalrtxeml" type="string">
      <column length="1" name="FXALRTXEML" not-null="true"/>
    </property>
    <property name="frmtxotpt" type="string">
      <column length="50" name="FRMTXOTPT"/>
    </property>
    <property name="cdexomrxbr" type="string">
      <column length="20" name="CDEXOMRXBR"/>
    </property>
    <property name="flxfrncyxprs" type="string">
      <column length="1" name="FLXFRNCYXPRS"/>
    </property>
    <property name="stxdt" type="timestamp">
      <column length="23" name="STXDT"/>
    </property>
    <property name="edxdt" type="timestamp">
      <column length="23" name="EDXDT"/>
    </property>
    <property name="ixlcl" type="long">
      <column name="IXLCL" precision="20" scale="0"/>
    </property>
    <property name="flgxlgoxw" type="string">
      <column length="500" name="FLGXLGOXW"/>
    </property>
    <property name="flgxlgoxwo" type="string">
      <column length="20" name="FLGXLGOXWO"/>
    </property>
    <property name="flgxbpxfnp" type="string">
      <column length="20" name="FLGXBPXFNP"/>
    </property>
    <property name="txalrt" type="string">
      <column length="20" name="TXALRT"/>
    </property>
    <property name="dxctd" type="timestamp">
      <column length="23" name="DXCTD"/>
    </property>
    <property name="bxctd" type="string">
      <column length="100" name="BXCTD"/>
    </property>
    <property name="dxmfdxlst" type="timestamp">
      <column length="23" name="DXMFDXLST"/>
    </property>
    <property name="bxmfdxlst" type="string">
      <column length="100" name="BXMFDXLST"/>
    </property>
    <property name="flgxlgoxeml" type="string">
      <column length="20" name="FLGXLGOXEML"/>
    </property>
    <property name="ixmxshdlr" type="long">
      <column name="IXMXSHDLR" precision="20" scale="0"/>
    </property>
  </class>
</hibernate-mapping>
