<?xml version="1.0" encoding="UTF-8"?>
<!DOCTYPE hibernate-mapping PUBLIC "-//Hibernate/Hibernate Mapping DTD 3.0//EN" "http://hibernate.sourceforge.net/hibernate-mapping-3.0.dtd">
<!-- Generated Dec 12, 2011 12:20:54 PM by Hibernate Tools 3.2.1.GA -->
<hibernate-mapping>
  <class name="com.seeinfobiz.click.entitybean.Cxqryxm" table="CXQRYXM">
    <id name="cxqryxid" type="long">
      <column name="CXQRYXID" precision="22" scale="0"/>
      <generator class="increment"/>
    </id>
    <property name="cxqryxnm" type="string">
      <column length="50" name="CXQRYXNM"/>
    </property>
    <property name="cxqryxdtl" type="string">
      <column length="200" name="CXQRYXDTL"/>
    </property>
    <property name="ixprm" type="long">
      <column name="IXPRM" precision="22" scale="0"/>
    </property>
  </class>
</hibernate-mapping>
