<?xml version="1.0" encoding="UTF-8"?>
<!DOCTYPE hibernate-mapping PUBLIC "-//Hibernate/Hibernate Mapping DTD 3.0//EN" "http://hibernate.sourceforge.net/hibernate-mapping-3.0.dtd">
<!-- Generated Jul 16, 2011 4:58:57 PM by Hibernate Tools 3.2.1.GA -->
<hibernate-mapping>
  <class name="com.seeinfobiz.click.entitybean.Cxvarxlsxt" table="CXVARXLSXT">
    <id name="ixvarxlst" type="long">
      <column name="IXVARXLST" precision="20" scale="0"/>
      <generator class="increment"/>
    </id>
    <property name="mnxnmx" type="string">
      <column length="100" name="MNXNMX"/>
    </property>
    <property name="varxblxnm" type="string">
      <column length="100" name="VARXBLXNM"/>
    </property>
  </class>
</hibernate-mapping>
