<?xml version="1.0" encoding="UTF-8"?>
<!DOCTYPE hibernate-mapping PUBLIC "-//Hibernate/Hibernate Mapping DTD 3.0//EN" "http://hibernate.sourceforge.net/hibernate-mapping-3.0.dtd">
<!-- Generated Sep 27, 2010 11:57:53 AM by Hibernate Tools 3.2.1.GA -->
<hibernate-mapping>
  <class name="com.seeinfobiz.click.entitybean.Dxbrnchxm" table="DXBRNCHXM">
    <id name="ixbr" type="big_decimal">
      <column name="IXBR" precision="20" scale="0"/>
      <generator class="assigned"/>
    </id>
    <property name="nmxbr" type="string">
      <column length="100" name="NMXBR"/>
    </property>
    <property name="cdexbr" type="string">
      <column length="100" name="CDEXBR"/>
    </property>
    <property name="rmxbr" type="string">
      <column length="500" name="RMXBR"/>
    </property>
    <property name="drs1xa" type="string">
      <column length="100" name="DRS1XA"/>
    </property>
    <property name="drs2xa" type="string">
      <column length="100" name="DRS2XA"/>
    </property>
    <property name="drs3xa" type="string">
      <column length="100" name="DRS3XA"/>
    </property>
    <property name="nmxcty" type="string">
      <column length="100" name="NMXCTY"/>
    </property>
    <property name="nmxst" type="string">
      <column length="100" name="NMXST"/>
    </property>
    <property name="cntry" type="string">
      <column length="100" name="CNTRY"/>
    </property>
    <property name="cdexzp" type="string">
      <column length="100" name="CDEXZP"/>
    </property>
    <property name="rgnxtxxsrvc" type="string">
      <column length="100" name="RGNXTXXSRVC"/>
    </property>
    <property name="ixem" type="string">
      <column length="100" name="IXEM"/>
    </property>
    <property name="noxcntct" type="string">
      <column length="50" name="NOXCNTCT"/>
    </property>
    <property name="noxfx" type="string">
      <column length="50" name="NOXFX"/>
    </property>
    <property name="noxmbl" type="string">
      <column length="50" name="NOXMBL"/>
    </property>
    <property name="cntctxprsnxbrch" type="string">
      <column length="50" name="CNTCTXPRSNXBRCH"/>
    </property>
    <property name="fldx1" type="string">
      <column length="50" name="FLDX1"/>
    </property>
    <property name="fldx2" type="string">
      <column length="50" name="FLDX2"/>
    </property>
    <property name="fldx3" type="string">
      <column length="50" name="FLDX3"/>
    </property>
    <property name="fldx4" type="string">
      <column length="50" name="FLDX4"/>
    </property>
    <property name="fldx5" type="string">
      <column length="50" name="FLDX5"/>
    </property>
    <property name="fldx6" type="string">
      <column length="50" name="FLDX6"/>
    </property>
    <property name="fldx7" type="string">
      <column length="50" name="FLDX7"/>
    </property>
    <property name="fldx8" type="string">
      <column length="50" name="FLDX8"/>
    </property>
    <property name="fldx9" type="string">
      <column length="50" name="FLDX9"/>
    </property>
    <property name="fldx10" type="string">
      <column length="50" name="FLDX10"/>
    </property>
    <property name="fldx11" type="string">
      <column length="50" name="FLDX11"/>
    </property>
    <property name="fldx12" type="string">
      <column length="50" name="FLDX12"/>
    </property>
    <property name="fldx13" type="string">
      <column length="50" name="FLDX13"/>
    </property>
    <property name="fldx14" type="string">
      <column length="50" name="FLDX14"/>
    </property>
    <property name="fldx15" type="string">
      <column length="50" name="FLDX15"/>
    </property>
    <property name="fldx16" type="string">
      <column length="50" name="FLDX16"/>
    </property>
    <property name="fldx17" type="string">
      <column length="50" name="FLDX17"/>
    </property>
    <property name="fldx18" type="string">
      <column length="50" name="FLDX18"/>
    </property>
    <property name="fldx19" type="string">
      <column length="50" name="FLDX19"/>
    </property>
    <property name="fldx20" type="string">
      <column length="50" name="FLDX20"/>
    </property>
    <property name="dxctd" type="date">
      <column length="7" name="DXCTD"/>
    </property>
    <property name="bxctd" type="string">
      <column length="100" name="BXCTD"/>
    </property>
    <property name="dxmfdxlst" type="date">
      <column length="7" name="DXMFDXLST"/>
    </property>
    <property name="bxmfdxlst" type="string">
      <column length="100" name="BXMFDXLST"/>
    </property>
    <set inverse="true" name="dxcstmrxms">
      <key>
        <column name="IXBRCH" precision="20" scale="0"/>
      </key>
      <one-to-many class="com.seeinfobiz.click.entitybean.Dxcstmrxm"/>
    </set>
  </class>
</hibernate-mapping>
