<?xml version="1.0" encoding="UTF-8"?>
<!DOCTYPE hibernate-mapping PUBLIC "-//Hibernate/Hibernate Mapping DTD 3.0//EN" "http://hibernate.sourceforge.net/hibernate-mapping-3.0.dtd">
<!-- Generated Sep 27, 2010 11:57:53 AM by Hibernate Tools 3.2.1.GA -->
<hibernate-mapping>
  <class name="com.seeinfobiz.click.entitybean.Dxdmtxsmry" table="DXDMTXSMRY">
    <id name="ixsmryxdmtxtrns" type="big_decimal">
      <column name="IXSMRYXDMTXTRNS" precision="20" scale="0"/>
      <generator class="assigned"/>
    </id>
    <many-to-one class="com.seeinfobiz.click.entitybean.Dxtrnsxsmryxm" fetch="select" name="dxtrnsxsmryxm">
      <column name="IXSMRXTRS" precision="20" scale="0"/>
    </many-to-one>
    <many-to-one class="com.seeinfobiz.click.entitybean.Pxprdctxm" fetch="select" name="pxprdctxm">
      <column name="IXPRDT" precision="20" scale="0"/>
    </many-to-one>
    <property name="nmxact" type="string">
      <column length="100" name="NMXACT"/>
    </property>
    <property name="ixclnt" type="string">
      <column length="50" name="IXCLNT"/>
    </property>
    <property name="cdexisin" type="string">
      <column length="50" name="CDEXISIN"/>
    </property>
    <property name="dscxisin" type="string">
      <column length="50" name="DSCXISIN"/>
    </property>
    <property name="noxslp" type="string">
      <column length="50" name="NOXSLP"/>
    </property>
    <property name="noxcntrt" type="string">
      <column length="50" name="NOXCNTRT"/>
    </property>
    <property name="dxntxcntrt" type="date">
      <column length="7" name="DXNTXCNTRT"/>
    </property>
    <property name="blxopng" type="big_decimal">
      <column name="BLXOPNG" precision="20" scale="0"/>
    </property>
    <property name="blxclsg" type="big_decimal">
      <column name="BLXCLSG" precision="20" scale="0"/>
    </property>
    <property name="aqustnxcst" type="big_decimal">
      <column name="AQUSTNXCST" precision="20" scale="0"/>
    </property>
    <property name="cdexcrncy" type="string">
      <column length="50" name="CDEXCRNCY"/>
    </property>
    <property name="cdexxchge" type="string">
      <column length="50" name="CDEXXCHGE"/>
    </property>
    <property name="valxmkt" type="big_decimal">
      <column name="VALXMKT" precision="20" scale="0"/>
    </property>
    <property name="prcntxprtflo" type="big_decimal">
      <column name="PRCNTXPRTFLO" precision="20" scale="0"/>
    </property>
    <property name="txxtrnsxscrts" type="big_decimal">
      <column name="TXXTRNSXSCRTS" precision="20" scale="0"/>
    </property>
    <property name="dxstlmnt" type="date">
      <column length="7" name="DXSTLMNT"/>
    </property>
    <property name="noxstlmnt" type="big_decimal">
      <column name="NOXSTLMNT" precision="20" scale="0"/>
    </property>
    <property name="cdexbrkrxstck" type="string">
      <column length="50" name="CDEXBRKRXSTCK"/>
    </property>
    <property name="nmxbrkrxstck" type="string">
      <column length="50" name="NMXBRKRXSTCK"/>
    </property>
    <property name="dxtrde" type="date">
      <column length="7" name="DXTRDE"/>
    </property>
    <property name="mpnxclntxtrdng" type="big_decimal">
      <column name="MPNXCLNTXTRDNG" precision="20" scale="0"/>
    </property>
    <property name="chrgsxtrxn" type="big_decimal">
      <column name="CHRGSXTRXN" precision="20" scale="0"/>
    </property>
    <property name="dscxtrns" type="string">
      <column length="50" name="DSCXTRNS"/>
    </property>
    <property name="fldx1" type="string">
      <column length="50" name="FLDX1"/>
    </property>
    <property name="fldx2" type="string">
      <column length="50" name="FLDX2"/>
    </property>
    <property name="fldx3" type="string">
      <column length="50" name="FLDX3"/>
    </property>
    <property name="fldx4" type="string">
      <column length="50" name="FLDX4"/>
    </property>
    <property name="fldx5" type="string">
      <column length="50" name="FLDX5"/>
    </property>
    <property name="fldx6" type="string">
      <column length="50" name="FLDX6"/>
    </property>
    <property name="fldx7" type="string">
      <column length="50" name="FLDX7"/>
    </property>
    <property name="fldx8" type="string">
      <column length="50" name="FLDX8"/>
    </property>
    <property name="fldx9" type="string">
      <column length="50" name="FLDX9"/>
    </property>
    <property name="fldx10" type="string">
      <column length="50" name="FLDX10"/>
    </property>
    <property name="fldx11" type="string">
      <column length="50" name="FLDX11"/>
    </property>
    <property name="fldx12" type="string">
      <column length="50" name="FLDX12"/>
    </property>
    <property name="fldx13" type="string">
      <column length="50" name="FLDX13"/>
    </property>
    <property name="fldx14" type="string">
      <column length="50" name="FLDX14"/>
    </property>
    <property name="fldx15" type="string">
      <column length="50" name="FLDX15"/>
    </property>
    <property name="fldx16" type="string">
      <column length="50" name="FLDX16"/>
    </property>
    <property name="fldx17" type="string">
      <column length="50" name="FLDX17"/>
    </property>
    <property name="fldx18" type="string">
      <column length="50" name="FLDX18"/>
    </property>
    <property name="fldx19" type="string">
      <column length="50" name="FLDX19"/>
    </property>
    <property name="fldx20" type="string">
      <column length="50" name="FLDX20"/>
    </property>
    <property name="dxctd" type="date">
      <column length="7" name="DXCTD"/>
    </property>
    <property name="bxctd" type="string">
      <column length="100" name="BXCTD"/>
    </property>
    <property name="dxmfdxlst" type="date">
      <column length="7" name="DXMFDXLST"/>
    </property>
    <property name="bxmfdxlst" type="string">
      <column length="100" name="BXMFDXLST"/>
    </property>
  </class>
</hibernate-mapping>
