<?xml version="1.0" encoding="UTF-8"?>
<!DOCTYPE hibernate-mapping PUBLIC "-//Hibernate/Hibernate Mapping DTD 3.0//EN" "http://hibernate.sourceforge.net/hibernate-mapping-3.0.dtd">
<!-- Generated Sep 27, 2010 11:57:53 AM by Hibernate Tools 3.2.1.GA -->
<hibernate-mapping>
  <class name="com.seeinfobiz.click.entitybean.Dxinsuxsmry" table="DXINSUXSMRY">
    <id name="ixsmryxinsuxtrns" type="big_decimal">
      <column name="IXSMRYXINSUXTRNS" precision="20" scale="0"/>
      <generator class="assigned"/>
    </id>
    <many-to-one class="com.seeinfobiz.click.entitybean.Dxtrnsxsmryxm" fetch="select" name="dxtrnsxsmryxm">
      <column name="IXSMRYXTRNS" precision="20" scale="0"/>
    </many-to-one>
    <property name="nmxacnt" type="string">
      <column length="100" name="NMXACNT"/>
    </property>
    <property name="assrdxsmxbsc" type="string">
      <column length="50" name="ASSRDXSMXBSC"/>
    </property>
    <property name="dxcmncmnt" type="date">
      <column length="7" name="DXCMNCMNT"/>
    </property>
    <property name="dxmtrty" type="date">
      <column length="7" name="DXMTRTY"/>
    </property>
    <property name="frncyxpyt" type="string">
      <column length="50" name="FRNCYXPYT"/>
    </property>
    <property name="dxprmum" type="date">
      <column length="7" name="DXPRMUM"/>
    </property>
    <property name="cdexadvsr" type="string">
      <column length="50" name="CDEXADVSR"/>
    </property>
    <property name="nmxadvsr" type="string">
      <column length="50" name="NMXADVSR"/>
    </property>
    <property name="nxrcpt" type="string">
      <column length="50" name="NXRCPT"/>
    </property>
    <property name="dxrcpt" type="date">
      <column length="7" name="DXRCPT"/>
    </property>
    <property name="instxprmum" type="string">
      <column length="50" name="INSTXPRMUM"/>
    </property>
    <property name="amtxfexlt" type="string">
      <column length="50" name="AMTXFEXLT"/>
    </property>
    <property name="adjstxprmumxaftrxbl" type="string">
      <column length="50" name="ADJSTXPRMUMXAFTRXBL"/>
    </property>
    <property name="atxdpst" type="string">
      <column length="50" name="ATXDPST"/>
    </property>
    <property name="noxchq" type="string">
      <column length="50" name="NOXCHQ"/>
    </property>
    <property name="dxchq" type="date">
      <column length="7" name="DXCHQ"/>
    </property>
    <property name="dxprmumxnxt" type="date">
      <column length="7" name="DXPRMUMXNXT"/>
    </property>
    <property name="mnfctrxmtr" type="string">
      <column length="50" name="MNFCTRXMTR"/>
    </property>
    <property name="noxengnx" type="string">
      <column length="50" name="NOXENGNX"/>
    </property>
    <property name="noxmodl" type="string">
      <column length="50" name="NOXMODL"/>
    </property>
    <property name="chsssxno" type="string">
      <column length="50" name="CHSSSXNO"/>
    </property>
    <property name="rtoxno" type="string">
      <column length="50" name="RTOXNO"/>
    </property>
    <property name="rgstrtnxno" type="string">
      <column length="50" name="RGSTRTNXNO"/>
    </property>
    <property name="fldx1" type="string">
      <column length="50" name="FLDX1"/>
    </property>
    <property name="fldx2" type="string">
      <column length="50" name="FLDX2"/>
    </property>
    <property name="fldx3" type="string">
      <column length="50" name="FLDX3"/>
    </property>
    <property name="fldx4" type="string">
      <column length="50" name="FLDX4"/>
    </property>
    <property name="fldx5" type="string">
      <column length="50" name="FLDX5"/>
    </property>
    <property name="fldx6" type="string">
      <column length="50" name="FLDX6"/>
    </property>
    <property name="fldx7" type="string">
      <column length="50" name="FLDX7"/>
    </property>
    <property name="fldx8" type="string">
      <column length="50" name="FLDX8"/>
    </property>
    <property name="fldx9" type="string">
      <column length="50" name="FLDX9"/>
    </property>
    <property name="fldx10" type="string">
      <column length="50" name="FLDX10"/>
    </property>
    <property name="fldx11" type="string">
      <column length="50" name="FLDX11"/>
    </property>
    <property name="fldx12" type="string">
      <column length="50" name="FLDX12"/>
    </property>
    <property name="fldx13" type="string">
      <column length="50" name="FLDX13"/>
    </property>
    <property name="fldx14" type="string">
      <column length="50" name="FLDX14"/>
    </property>
    <property name="fldx15" type="string">
      <column length="50" name="FLDX15"/>
    </property>
    <property name="fldx16" type="string">
      <column length="50" name="FLDX16"/>
    </property>
    <property name="fldx17" type="string">
      <column length="50" name="FLDX17"/>
    </property>
    <property name="fldx18" type="string">
      <column length="50" name="FLDX18"/>
    </property>
    <property name="fldx19" type="string">
      <column length="50" name="FLDX19"/>
    </property>
    <property name="fldx20" type="string">
      <column length="50" name="FLDX20"/>
    </property>
    <property name="dxctd" type="date">
      <column length="7" name="DXCTD"/>
    </property>
    <property name="bxctd" type="string">
      <column length="100" name="BXCTD"/>
    </property>
    <property name="dxmfdxlst" type="date">
      <column length="7" name="DXMFDXLST"/>
    </property>
    <property name="bxmfdxlst" type="string">
      <column length="100" name="BXMFDXLST"/>
    </property>
  </class>
</hibernate-mapping>
