<?xml version="1.0" encoding="UTF-8"?>
<!DOCTYPE hibernate-mapping PUBLIC "-//Hibernate/Hibernate Mapping DTD 3.0//EN" "http://hibernate.sourceforge.net/hibernate-mapping-3.0.dtd">
<!-- Generated Jan 6, 2011 11:34:12 AM by Hibernate Tools 3.2.1.GA -->
<hibernate-mapping>
  <class name="com.seeinfobiz.click.entitybean.Dxprdtnxdtlsxm" table="DXPRDTNXDTLSXM">
    <id name="ixprdtn" type="long">
      <column name="IXPRDTN" precision="20" scale="0"/>
      <generator class="increment"/>
    </id>
    <many-to-one cascade="all" class="com.seeinfobiz.click.entitybean.Pxprdctxm" fetch="select" lazy="false" name="pxprdctxm">
      <column name="IXPRDT" precision="20" scale="0"/>
    </many-to-one>
    <property name="crn" type="string">
      <column length="20" name="CRN"/>
    </property>
    <property name="noxacnt" type="long">
      <column name="NOXACNT" precision="20" scale="0"/>
    </property>
    <property name="ixstmt" type="long">
      <column name="IXSTMT" precision="20" scale="0"/>
    </property>
    <property name="dxstmt" type="date">
      <column length="7" name="DXSTMT"/>
    </property>
    <property name="nmxstmt" type="string">
      <column length="100" name="NMXSTMT"/>
    </property>
    <property name="lctnxstmt" type="string">
      <column length="500" name="LCTNXSTMT"/>
    </property>
    <property name="nmxstmtwol" type="string">
      <column length="100" name="NMXSTMTWOL"/>
    </property>
    <property name="lctnxstmtwol" type="string">
      <column length="500" name="LCTNXSTMTWOL"/>
    </property>
    <property name="fxerrxgnrtn" type="string">
      <column length="2" name="FXERRXGNRTN"/>
    </property>
    <property name="fxerrxgnrtnxwo" type="string">
      <column length="2" name="FXERRXGNRTNXWO"/>
    </property>
    <property name="ixprcs" type="long">
      <column name="IXPRCS" precision="20" scale="0"/>
    </property>
    <property name="dxprcs" type="date">
      <column length="7" name="DXPRCS"/>
    </property>
    <property name="ixem" type="string">
      <column length="100" name="IXEM"/>
    </property>
    <property name="ixemxalt" type="string">
      <column length="100" name="IXEMXALT"/>
    </property>
    <property name="ixemxtmp" type="string">
      <column length="100" name="IXEMXTMP"/>
    </property>
    <property name="rfrncxflxcntntxem" type="string">
      <column length="4000" name="RFRNCXFLXCNTNTXEM"/>
    </property>
    <property name="ixbncdxhrdxsft" type="long">
      <column name="IXBNCDXHRDXSFT" precision="20" scale="0"/>
    </property>
    <property name="dxbncdxem" type="date">
      <column length="7" name="DXBNCDXEM"/>
    </property>
    <property name="fxbncdxem" type="string">
      <column length="2" name="FXBNCDXEM"/>
    </property>
    <property name="cntxrsntxem" type="long">
      <column name="CNTXRSNTXEM" precision="20" scale="0"/>
    </property>
    <property name="fxrsntxem" type="string">
      <column length="2" name="FXRSNTXEM"/>
    </property>
    <property name="dxsntxem" type="date">
      <column length="7" name="DXSNTXEM"/>
    </property>
    <property name="fxsntxem" type="string">
      <column length="2" name="FXSNTXEM"/>
    </property>
    <property name="dxsntxemxtmp" type="timestamp">
      <column length="7" name="DXSNTXEMXTMP"/>
    </property>
    <property name="fxsntxemxtmp" type="string">
      <column length="2" name="FXSNTXEMXTMP"/>
    </property>
    <property name="dxsntxfx" type="date">
      <column length="7" name="DXSNTXFX"/>
    </property>
    <property name="fxsntxfx" type="string">
      <column length="2" name="FXSNTXFX"/>
    </property>
    <property name="dxprntxstmt" type="date">
      <column length="7" name="DXPRNTXSTMT"/>
    </property>
    <property name="fxprntxstmt" type="string">
      <column length="2" name="FXPRNTXSTMT"/>
    </property>
    <property name="ixerlbxbncxem" type="long">
      <column name="IXERLBXBNCXEM" precision="20" scale="0"/>
    </property>
    <property name="ixrlxm" type="long">
      <column name="IXRLXM" precision="20" scale="0"/>
    </property>
    <property name="ixcfgxem" type="long">
      <column name="IXCFGXEM" precision="20" scale="0"/>
    </property>
    <property name="mdxgxgen" type="string">
      <column length="2" name="MDXGXGEN"/>
    </property>
    <property name="mdxrxgen" type="string">
      <column length="2" name="MDXRXGEN"/>
    </property>
    <property name="mdxpxgen" type="string">
      <column length="2" name="MDXPXGEN"/>
    </property>
    <property name="tmpxdsgn" type="string">
      <column length="500" name="TMPXDSGN"/>
    </property>
    <property name="fxgen" type="string">
      <column length="2" name="FXGEN"/>
    </property>
    <property name="fxtrnc" type="string">
      <column length="2" name="FXTRNC"/>
    </property>
    <!-- <property name="fldx4" type="string">
      <column length="50" name="FLDX4"/>
    </property>  -->
    <property name="fldx4" type="string">
      <column name="FLDX4" precision="22" scale="0"/>
    </property>
    <property name="fldx5" type="string">
      <column length="50" name="FLDX5"/>
    </property>
    <property name="NMXSTMTEML" type="string">
      <column length="50" name="NMXSTMTEML"/>
    </property>
    <property name="LCTNXSTMTEML" type="string">
      <column length="200" name="LCTNXSTMTEML"/>
    </property>
    <property name="LCTNXSTMTPRNT" type="string">
      <column length="200" name="LCTNXSTMTPRNT"/>
    </property>
    <property name="NMXSTMTPRNT" type="string">
      <column length="50" name="NMXSTMTPRNT"/>
    </property>
    <property name="NMXSTMTXMSK" type="string">
      <column length="50" name="NMXSTMTXMSK"/>
    </property>
    <property name="cntxpg" type="string">
      <column length="50" name="CNTXPG"/>
    </property>
    <property name="fldx12" type="string">
      <column length="50" name="FLDX12"/>
    </property>
    <property name="fldx13" type="string">
      <column length="50" name="FLDX13"/>
    </property>
    <property name="fldx14" type="string">
      <column length="50" name="FLDX14"/>
    </property>
    <property name="FXTXTXGEN" type="string">
      <column length="50" name="FXTXTXGEN"/>
    </property>
    <property name="fldx16" type="long">
      <column name="FLDX16" precision="20" scale="0"/>
    </property>
    <property name="fldx17" type="date">
      <column length="7" name="FLDX17"/>
    </property>
    <property name="fldx18" type="string">
      <column length="50" name="FLDX18"/>
    </property>
    <property name="fldx19" type="string">
      <column length="50" name="FLDX19"/>
    </property>
    <property name="fldx20" type="string">
      <column length="500" name="FLDX20"/>
    </property>
    <property name="dxctd" type="date">
      <column length="7" name="DXCTD"/>
    </property>
    <property name="bxctd" type="string">
      <column length="100" name="BXCTD"/>
    </property>
    <property name="dxmfdxlst" type="date">
      <column length="7" name="DXMFDXLST"/>
    </property>
    <property name="bxmfdxlst" type="string">
      <column length="100" name="BXMFDXLST"/>
    </property>
    <property name="flxchnlxdlvy" type="string">
      <column length="20" name="FLXCHNLXDLVY"/>
    </property>
    <property name="rdxrcptxflg" type="string">
      <column length="20" name="RDXRCPTXFLG"/>
    </property>
    <property name="drxrcptxflg" type="string">
      <column length="20" name="DRXRCPTXFLG"/>
    </property>
    <!--  Added by rams 20130916 -->
    <property name="ixcstxpr" type="string">
      <column length="255" name="IXCSTXPR"/>
    </property>
    <property name="noxpod" type="string">
      <column length="100" name="NOXPOD"/>
    </property>
    <property name="flgxupldxomni" type="string">
      <column length="20" name="FLGXUPLDXOMNI"/>
    </property>
    <property name="scodexresxomni" type="string">
      <column length="20" name="SCODEXRESXOMNI"/>
    </property>
    <property name="indxdocxomni" type="string">
      <column length="100" name="INDXDOCXOMNI"/>
    </property>
    <property name="dtxupldxdocxomni" type="string">
      <column length="50" name="DTXUPLDXDOCXOMNI"/>
    </property>
    <property name="emsgxresxomni" type="string">
      <column length="100" name="EMSGXRESXOMNI"/>
    </property>
    <property name="flagxservice" type="string">
      <column length="20" name="FLAGXSERVICE"/>
    </property>
    <property name="dtxresxucv" type="string">
      <column length="100" name="DTXRESXUCV"/>
    </property>
    <property name="errxresxucv" type="string">
      <column length="100" name="ERRXRESXUCV"/>
    </property>
    <property name="flagxucv" type="string">
      <column length="10" name="FLAGXUCV"/>
    </property>
    <property name="flagxft" type="string">
      <column length="10" name="FLAGXFT"/>
    </property>
    <property name="flagxsms" type="string">
      <column length="10" name="FLAGXSMS"/>
    </property>
    <property name="smsprcsxstts" type="string">
      <column length="10" name="SMSPRCSXSTTS"/>
    </property>
    <property name="mobxsms" type="string">
      <column length="10" name="MOBXSMS"/>
    </property>
    <property name="wappprcsxstts" type="string">
      <column length="10" name="WAPPPRCSXSTTS"/>
    </property>
    <property name="wappreqid" type="string">
      <column length="50" name="WAPPREQID"/>
    </property>
    <property name="wappxreason" type="string">
      <column length="200" name="WAPPXREASON"/>
    </property>
    <property name="mobile_no" type="string">
      <column length="20" name="MOBILE_NO"/>
    </property>
<!--    estampReports start-->
        <property name="sentEmailFlag" type="string">
      <column length="20" name="STTSXESTAMP"/>
    </property>
    
        <property name="downloadEmailFlag" type="timestamp">
      <column length="20" name="DXESTAMP"/>
    </property>
    
      <property name="errMsgFtp" type="string">
      <column length="200" name="ERRXMSGXFTP"/>
    </property>
    
    <!--    estampReports  end -->
  </class>
</hibernate-mapping>
