<?xml version="1.0" encoding="UTF-8"?>
<!DOCTYPE hibernate-mapping PUBLIC "-//Hibernate/Hibernate Mapping DTD 3.0//EN" "http://hibernate.sourceforge.net/hibernate-mapping-3.0.dtd">
<hibernate-mapping>
  <!--<class dynamic-insert="false" dynamic-update="false" mutable="true"
             name="com.seeinfobiz.click.entitybean.LkpCrtraView"
             optimistic-lock="version"
             polymorphism="implicit"
             select-before-update="false">-->
  <class name="com.seeinfobiz.click.entitybean.LkpCrtraView" table="VW_LKP_CRTRA">
    <id name="lkpid" type="string">
      <generator class="guid"/>
    </id>
    
    <property name="customer_id" type="string">
      <column length="20" name="CUSTOMER_ID"/>
    </property>
	
    <property name="date_of_birth" type="string">
      <column length="11" name="DATE_OF_BIRTH"/>
    </property>
    <property name="customer_name" type="string">
      <column length="50" name="CUSTOMER_NAME"/>
    </property>
    <property name="age" type="string">
      <column name="AGE"/>
    </property>
	
    <property name="gender" type="string">
      <column length="100" name="GENDER"/>
    </property>
	
	
    <property name="home_branch_code" type="string">
      <column length="50" name="HOME_BRANCH_CODE"/>
    </property>
    <property name="account_branch_code" type="string">
      <column length="50" name="ACCOUNT_BRANCH_CODE"/>
    </property>
	

    <property name="city" type="string">
      <column name="CITY"/>
    </property>
    <property name="state" type="string">
      <column name="STATE"/>
    </property>

    <property name="country" type="string">
      <column name="COUNTRY"/>
    </property>
    <property name="zip" type="string">
      <column name="ZIP"/>
    </property>
    
    <property name="opening_balance" type="long">
      <column length="11" name="OPENING_BALANCE"/>
    </property>
    <property name="acy_curr_balance" type="long">
      <column length="100" name="ACY_CURR_BALANCE"/>
    </property>
    <property name="acy_blocked_amount" type="long">
      <column length="100" name="ACY_BLOCKED_AMOUNT"/>
    </property>
    <property name="closing_balance" type="long">
      <column name="CLOSING_BALANCE"/>
    </property>
    <property name="acy_uncollected" type="long">
      <column name="ACY_UNCOLLECTED"/>
    </property>


    <property name="account_type" type="string">
      <column length="100" name="ACCOUNT_TYPE"/>
    </property>
	
    <property name="customer_type" type="string">
      <column length="100" name="CUSTOMER_TYPE"/>
    </property>  
    
    <!--added by stalin ; dated: 2 Dec, 2021-->
<!--    <property name="year_of_birth" type="string">
      <column length="100" name="YEAR_OF_BIRTH"/>
    </property>  -->
	
  </class>
</hibernate-mapping>
