<?xml version="1.0" encoding="UTF-8"?>
<!DOCTYPE hibernate-mapping PUBLIC "-//Hibernate/Hibernate Mapping DTD 3.0//EN" "http://hibernate.sourceforge.net/hibernate-mapping-3.0.dtd">
<!-- Generated Nov 11, 2013 12:45:48 PM by Hibernate Tools 3.2.1.GA -->
<hibernate-mapping>
  <class name="com.seeinfobiz.click.entitybean.MasterPrtyPincde" table="MASTER_PRTY_PINCDE">
    <id name="pincode" type="big_decimal">
      <column name="PINCODE" precision="20" scale="0"/>
      <generator class="assigned"/>
    </id>
    <property name="priority1" type="string">
      <column length="50" name="PRIORITY_1"/>
    </property>
    <property name="priority2" type="string">
      <column length="50" name="PRIORITY_2"/>
    </property>
    <property name="priority3" type="string">
      <column length="50" name="PRIORITY_3"/>
    </property>
    <property name="priority4" type="string">
      <column length="50" name="PRIORITY_4"/>
    </property>
    <property name="priority5" type="string">
      <column length="50" name="PRIORITY_5"/>
    </property>
    <property name="priority6" type="string">
      <column length="50" name="PRIORITY_6"/>
    </property>
    <property name="priority7" type="string">
      <column length="50" name="PRIORITY_7"/>
    </property>
  </class>
</hibernate-mapping>
