<?xml version="1.0" encoding="UTF-8"?>
<!DOCTYPE hibernate-mapping PUBLIC "-//Hibernate/Hibernate Mapping DTD 3.0//EN" "http://hibernate.sourceforge.net/hibernate-mapping-3.0.dtd">
<!-- Generated Nov 11, 2013 12:45:48 PM by Hibernate Tools 3.2.1.GA -->
<hibernate-mapping>
  <class name="com.seeinfobiz.click.entitybean.MasterPrtyTmplt" table="MASTER_PRTY_TMPLT">
    <id name="tempSerialNo" type="long">
      <column length="20" name="TEMP_SERIAL_NO"/>
      <generator class="assigned"/>
    </id>
    <!--        <composite-id name="id" class="com.seeinfobiz.click.entitybean.MasterPrtyTmpltId">-->
    <property name="templateId" type="long">
      <column name="TEMPLATE_ID" precision="20" scale="0"/>
    </property>
    <property name="status" type="string">
      <column length="10" name="STATUS"/>
    </property>
    <!--        </composite-id>-->
    <property name="priority" type="long">
      <column name="PRIORITY" precision="20" scale="0"/>
    </property>
    <property name="insertDate" type="date">
      <column length="7" name="INSERT_DATE"/>
    </property>
    <property name="templateName" type="string">
      <column length="100" name="TEMPLATE_NAME"/>
    </property>
    <property name="templateDept" type="string">
      <column length="100" name="TEMPLATE_DEPT"/>
    </property>
    <property name="productName" type="string">
      <column length="100" name="PRODUCT_NAME"/>
    </property>
    <property name="modeTemplate" type="string">
      <column length="20" name="MODE_TEMPLATE"/>
    </property>
    <property name="clicks" type="java.lang.Long">
      <column name="CLICKS" precision="10" scale="0"/>
    </property>
  </class>
</hibernate-mapping>
