<?xml version="1.0" encoding="UTF-8"?>
<!DOCTYPE hibernate-mapping PUBLIC "-//Hibernate/Hibernate Mapping DTD 3.0//EN" "http://hibernate.sourceforge.net/hibernate-mapping-3.0.dtd">
<!-- Generated Nov 11, 2013 12:45:48 PM by Hibernate Tools 3.2.1.GA -->
<hibernate-mapping>
  <class name="com.seeinfobiz.click.entitybean.MasterPod" table="MASTER_POD">
    <id name="vendor" type="string">
      <column length="20" name="VENDOR"/>
      <generator class="assigned"/>
    </id>
    <property name="processDate" type="date">
      <column length="7" name="PROCESS_DATE"/>
    </property>
    <property name="startPod" type="long">
      <column name="START_POD" precision="25" scale="0"/>
    </property>
    <property name="endPod" type="long">
      <column name="END_POD" precision="25" scale="0"/>
    </property>
    <property name="lastUsedPod" type="long">
      <column name="LAST_USED_POD" precision="25" scale="0"/>
    </property>
    <property name="status" type="string">
      <column length="20" name="STATUS"/>
    </property>
    <property name="lastProcessPod" type="long">
      <column name="LAST_PROCESS_POD" precision="25" scale="0"/>
    </property>
    <property name="prefix" type="string">
      <column length="50" name="PREFIX"/>
    </property>
    <property name="suffix" type="string">
      <column length="50" name="SUFFIX"/>
    </property>
    <property name="startBatchNo" type="long">
      <column name="START_BATCH_NO" precision="25" scale="0"/>
    </property>
    <property name="lastBatchNo" type="long">
      <column name="LAST_BATCH_NO" precision="25" scale="0"/>
    </property>
    <property name="remainingPod" type="long">
      <column name="REMAIN_POD"/>
    </property>
    <!--        <property name="percUtilPod" type="long">
            <column name="PERCENTAGE_UTIL_POD" precision="20" scale="0" />
        </property>-->
  </class>
</hibernate-mapping>
