<?xml version="1.0" encoding="UTF-8"?>
<!DOCTYPE hibernate-mapping PUBLIC "-//Hibernate/Hibernate Mapping DTD 3.0//EN" "http://hibernate.sourceforge.net/hibernate-mapping-3.0.dtd">
<!-- Generated Sep 27, 2010 11:57:53 AM by Hibernate Tools 3.2.1.GA -->
<hibernate-mapping>
  <class lazy="false" name="com.seeinfobiz.click.entitybean.Notiftrksummry" table="NOTIFTRKSUMMRY">
    <id name="id" type="long">
      <column name="id" precision="20" scale="0"/>
      <generator class="increment"/>
    </id>
    <property name="cmpgnname" type="string">
      <column length="100" name="CMPGNNAME"/>
    </property>
    <property name="brdcstdt" type="date">
      <column length="7" name="BRDCSTDT"/>
    </property>
    <property name="notificvol" type="string">
      <column length="100" name="NOTIFICVOL"/>
    </property>
    <property name="delvrd" type="string">
      <column length="100" name="DELVRD"/>
    </property>
    <property name="failed" type="string">
      <column length="100" name="FAILED"/>
    </property>
    <property name="msgread" type="string">
      <column length="100" name="MSGREAD"/>
    </property>
    <property name="linkclkd" type="string">
      <column length="100" name="LINKCLKD"/>
    </property>
  </class>
</hibernate-mapping>
