<?xml version="1.0" encoding="UTF-8"?>
<!DOCTYPE hibernate-mapping PUBLIC "-//Hibernate/Hibernate Mapping DTD 3.0//EN" "http://hibernate.sourceforge.net/hibernate-mapping-3.0.dtd">
<!-- Generated Sep 27, 2010 11:57:53 AM by Hibernate Tools 3.2.1.GA -->
<hibernate-mapping>
  <class lazy="false" name="com.seeinfobiz.click.entitybean.Offerviewed" table="OFFERVIEWED">
    <id name="id" type="long">
      <column name="id" precision="20" scale="0"/>
      <generator class="increment"/>
    </id>
    <property name="stmttype" type="string">
      <column length="100" name="STMTTYPE"/>
    </property>
    <property name="stmtdt" type="date">
      <column length="7" name="STMTDT"/>
    </property>
    <property name="Offrdtls" type="string">
      <column length="100" name="OFFRDTLS"/>
    </property>
    <property name="stmtvol" type="string">
      <column length="100" name="STMTVOL"/>
    </property>
    <property name="totclk" type="string">
      <column length="100" name="TOTCLK"/>
    </property>
    <property name="uniqclk" type="string">
      <column length="100" name="UNIQCLK"/>
    </property>
    <property name="avgtimespent" type="string">
      <column length="100" name="AVGTIMESPENT"/>
    </property>
  </class>
</hibernate-mapping>
