<?xml version="1.0" encoding="UTF-8"?>
<!DOCTYPE hibernate-mapping PUBLIC "-//Hibernate/Hibernate Mapping DTD 3.0//EN" "http://hibernate.sourceforge.net/hibernate-mapping-3.0.dtd">
<!-- Generated Jul 22, 2011 10:27:15 AM by Hibernate Tools 3.2.1.GA -->
<hibernate-mapping>
  <class name="com.seeinfobiz.click.entitybean.Pcxprmxprdtx" table="PCXPRMXPRDTX">
    <id name="ixprmtprd" type="long">
      <column name="IXPRMTPRD" precision="20" scale="0"/>
      <generator class="increment"/>
    </id>
    <property name="ixprm" type="long">
      <column name="IXPRM" precision="20" scale="0"/>
    </property>
    <property name="ixprdt" type="long">
      <column name="IXPRDT" precision="20" scale="0"/>
    </property>
  </class>
</hibernate-mapping>
