<?xml version="1.0" encoding="UTF-8"?>
<!DOCTYPE hibernate-mapping PUBLIC "-//Hibernate/Hibernate Mapping DTD 3.0//EN" "http://hibernate.sourceforge.net/hibernate-mapping-3.0.dtd">
<!-- Generated 28 Oct, 2013 6:52:02 PM by Hibernate Tools 3.2.1.GA -->
<hibernate-mapping>
  <class name="com.seeinfobiz.click.entitybean.Pxalrtxcfgxlgxdtls" table="PXALRTXCFGXLGXDTLS">
    <id name="ixalrtxcfgxlgxdtls" type="long">
      <column name="IXALRTXCFGXLGXDTLS" precision="20" scale="0"/>
      <generator class="assigned"/>
    </id>
    <property name="dxctd" type="timestamp">
      <column length="23" name="DXCTD"/>
    </property>
    <property name="bxctd" type="string">
      <column length="100" name="BXCTD"/>
    </property>
    <property name="dxmfdxlst" type="timestamp">
      <column length="23" name="DXMFDXLST"/>
    </property>
    <property name="bxmfdxlst" type="string">
      <column length="100" name="BXMFDXLST"/>
    </property>
    <property name="ixalrtxcfg" type="long">
      <column name="IXALRTXCFG" precision="20" scale="0"/>
    </property>
    <property name="ixalrtxcfgxlg" type="long">
      <column name="IXALRTXCFGXLG" precision="20" scale="0"/>
    </property>
    <property name="ixprcsxalrt" type="long">
      <column name="IXPRCSXALRT" precision="20" scale="0"/>
    </property>
    <property name="crn" type="string">
      <column length="20" name="CRN"/>
    </property>
    <property name="noxacnt" type="string">
      <column length="25" name="NOXACNT"/>
    </property>
    <property name="ixem" type="string">
      <column length="100" name="IXEM"/>
    </property>
    <property name="ixemxalt" type="string">
      <column length="100" name="IXEMXALT"/>
    </property>
    <property name="fxsntxem" type="string">
      <column length="2" name="FXSNTXEM"/>
    </property>
    <property name="fxbncdxem" type="string">
      <column length="2" name="FXBNCDXEM"/>
    </property>
    <property name="catxbou" type="string">
      <column length="500" name="CATXBOU"/>
    </property>
    <property name="fxredxrept" type="string">
      <column length="20" name="FXREDXREPT"/>
    </property>
    <property name="fxunredxrept" type="string">
      <column length="20" name="FXUNREDXREPT"/>
    </property>
    <property name="fxsbxrbe" type="string">
      <column length="2" name="FXSBXRBE"/>
    </property>
    <property name="fxunsbxrbe" type="string">
      <column length="2" name="FXUNSBXRBE"/>
    </property>
    <property name="fxdlvxrept" type="string">
      <column length="20" name="FXDLVXREPT"/>
    </property>
    <property name="fxundlvxrept" type="string">
      <column length="20" name="FXUNDLVXREPT"/>
    </property>
    <property name="msgxalrt" type="string">
      <column name="MSGXALRT"/>
    </property>
    <property name="fxsmsxalrt" type="string">
      <column length="2" name="FXSMSXALRT" not-null="true"/>
    </property>
    <property name="fxemlxalrt" type="string">
      <column length="2" name="FXEMLXALRT" not-null="true"/>
    </property>
    <property name="dtxsendxsmsxalrt" type="timestamp">
      <column length="23" name="DTXSENDXSMSXALRT"/>
    </property>
    <property name="dtxsendxemlxalrt" type="timestamp">
      <column length="23" name="DTXSENDXEMLXALRT"/>
    </property>
    <property name="sttsxfailxsmsxalrt" type="string">
      <column name="STTSXFAILXSMSXALRT"/>
    </property>
    <property name="sttsxfailxemlxalrt" type="string">
      <column name="STTSXFAILXEMLXALRT"/>
    </property>
    <property name="acc" type="string">
      <column length="25" name="ACC"/>
    </property>
    <!-- <property name="cifxid" type="string">
      <column length="50" name="CIFXID"/>
    </property>
    -->
    <property name="creditxacc" type="string">
      <column length="50" name="CREDITXACC"/>
    </property>
    <property name="creditxaccxtran" type="string">
      <column length="50" name="CREDITXACCXTRAN"/>
    </property>
    <property name="creditxcifxid" type="string">
      <column length="50" name="CREDITXCIFXID"/>
    </property>
    <property name="crxschmxtype" type="string">
      <column length="50" name="CRXSCHMXTYPE"/>
    </property>
    <property name="debitxacc" type="string">
      <column length="50" name="DEBITXACC"/>
    </property>
    <property name="debitxcifxid" type="string">
      <column length="50" name="DEBITXCIFXID"/>
    </property>
    <property name="depositxamount" type="long">
      <column name="DEPOSITXAMOUNT" precision="20"/>
    </property>
    <property name="depositxperiodxdays" type="java.lang.Short">
      <column name="DEPOSITXPERIODXDAYS" precision="3" scale="0"/>
    </property>
    <property name="depositxperiodxmths" type="java.lang.Short">
      <column name="DEPOSITXPERIODXMTHS" precision="3" scale="0"/>
    </property>
    <property name="drxschmxtype" type="string">
      <column length="50" name="DRXSCHMXTYPE"/>
    </property>
    <property name="emailxid" type="string">
      <column length="50" name="EMAILXID"/>
    </property>
    <property name="fixedxamt" type="long">
      <column name="FIXEDXAMT" precision="20"/>
    </property>
    <!--<property name="foracid" type="string">
      <column length="25" name="FORACID"/>
    </property>
    -->
    <property name="htdxsixsrl" type="string">
      <column length="12" name="HTDXSIXSRL"/>
    </property>
    <property name="instxamt" type="long">
      <column name="INSTXAMT" precision="20"/>
    </property>
    <property name="lastxtriedxdate" type="timestamp">
      <column length="23" name="LASTXTRIEDXDATE"/>
    </property>
    <!--  <property name="lchgxtime" type="timestamp">
      <column length="23" name="LCHGXTIME"/>
    </property>
    -->
    <property name="maturityxdate" type="timestamp">
      <column length="23" name="MATURITYXDATE"/>
    </property>
    <property name="mobilexno" type="string">
      <column length="50" name="MOBILEXNO"/>
    </property>
    <property name="nextxexecxdate" type="timestamp">
      <column length="23" name="NEXTXEXECXDATE"/>
    </property>
    <property name="openxeffectivexdate" type="timestamp">
      <column length="23" name="OPENXEFFECTIVEXDATE"/>
    </property>
    <!--  <property name="partxtranxtype" type="java.lang.Character">
      <column length="1" name="PARTXTRANXTYPE"/>
    </property>
    -->
    <property name="phoneno" type="string">
      <column length="50" name="PHONENO"/>
    </property>
    <property name="prxb2kxid" type="string">
      <column length="12" name="PRXB2KXID"/>
    </property>
    <property name="pstdxflg" type="java.lang.Character">
      <column length="1" name="PSTDXFLG"/>
    </property>
    <property name="rcrextime" type="timestamp">
      <column length="23" name="RCREXTIME"/>
    </property>
    <property name="schmxtype" type="string">
      <column length="3" name="SCHMXTYPE"/>
    </property>
    <property name="sixendxdate" type="timestamp">
      <column length="23" name="SIXENDXDATE"/>
    </property>
    <property name="sixfreqxtype" type="java.lang.Character">
      <column length="1" name="SIXFREQXTYPE"/>
    </property>
    <property name="sixorgxexecxdate" type="timestamp">
      <column length="23" name="SIXORGXEXECXDATE"/>
    </property>
    <property name="sixsrlxnum" type="string">
      <column length="12" name="SIXSRLXNUM"/>
    </property>
    <property name="sixstartxdate" type="timestamp">
      <column length="23" name="SIXSTARTXDATE"/>
    </property>
    <!-- <property name="solxid" type="string">
      <column length="8" name="SOLXID"/>
    </property>
    -->
    <property name="telxno" type="string">
      <column length="50" name="TELXNO"/>
    </property>
    <!-- <property name="tranxamt" type="long">
      <column name="TRANXAMT" precision="20"/>
    </property>
    -->
    <property name="tranxattemptxind" type="java.lang.Character">
      <column length="1" name="TRANXATTEMPTXIND"/>
    </property>
    <!--<property name="tranxdate" type="timestamp">
      <column length="23" name="TRANXDATE"/>
    </property>
    <property name="tranxid" type="string">
      <column length="9" name="TRANXID"/>
    </property>
    <property name="tranxparticular" type="string">
      <column length="50" name="TRANXPARTICULAR"/>
    </property>
    -->
    <property name="guxid" type="string">
      <column length="50" name="GUXID"/>
    </property>
    <property name="rexsonxcd" type="string">
      <column length="50" name="REXSONXCD"/>
    </property>
    <property name="errxcode" type="string">
      <column length="50" name="ERRXCODE"/>
    </property>
    <property name="smsxsntxmsg" type="string">
      <column length="500" name="SMSXSNTXMSG"/>
    </property>
    <property name="natrxalrt" type="string">
      <column length="100" name="NATRXALRT"/>
    </property>
    <property name="alrtxstts" type="java.lang.Character">
      <column length="1" name="ALRTXSTTS"/>
    </property>
    <property name="flowxdate" type="timestamp">
      <column length="23" name="FLOWXDATE"/>
    </property>
    <property name="flowxamt" type="long">
      <column name="FLOWXAMT" precision="20"/>
    </property>
    <!-- <property name="solxdesc" type="string">
      <column length="50" name="SOLXDESC"/>
    </property>
    <property name="crncyxcode" type="string">
      <column length="5" name="CRNCYXCODE"/>
    </property>
    <property name="acctxname" type="string">
      <column length="150" name="ACCTXNAME"/>
    </property>
    <property name="schmxcode" type="string">
      <column length="10" name="SCHMXCODE"/>
    </property>
    <property name="acctxactxdate" type="timestamp">
      <column length="23" name="ACCTXACTXDATE"/>
    </property>
    <property name="modulexid" type="string">
      <column length="16" name="MODULEXID"/>
    </property>
    <property name="channelxid" type="string">
      <column length="16" name="CHANNELXID"/>
    </property>
    <property name="effxbalxamt" type="long">
      <column name="EFFXBALXAMT" precision="20"/>
    </property>
    <property name="refxcrncy" type="string">
      <column length="5" name="REFXCRNCY"/>
    </property>
    <property name="dthxinitxsolxid" type="string">
      <column length="8" name="DTHXINITXSOLXID"/>
    </property>
    <property name="utrxnumber" type="string">
      <column length="16" name="UTRXNUMBER"/>
    </property>
    <property name="refxnum" type="string">
      <column length="20" name="REFXNUM"/>
    </property>
    <property name="rptxcode" type="string">
      <column length="5" name="RPTXCODE"/>
    </property>
    <property name="tranxsrlxnum" type="string">
      <column length="15" name="TRANXSRLXNUM"/>
    </property>
    <property name="tranxtype" type="java.lang.Character">
      <column length="1" name="TRANXTYPE"/>
    </property>
    <property name="tranxsubxtype" type="string">
      <column length="2" name="TRANXSUBXTYPE"/>
    </property>
    -->
    <property name="typexofxalert" type="string">
      <column length="10" name="TYPEXOFXALERT"/>
    </property>
    <!--
    <property name="tranxrmks" type="string">
      <column length="100" name="TRANXRMKS"/>
    </property>
    <property name="benefxname" type="string">
      <column length="75" name="BENEFXNAME"/>
    </property>
    <property name="benefxbank" type="string">
      <column length="75" name="BENEFXBANK"/>
    </property>
    <property name="benefxcrxtime" type="timestamp">
      <column length="23" name="BENEFXCRXTIME"/>
    </property>
    <property name="payeexname" type="string">
      <column length="75" name="PAYEEXNAME"/>
    </property>
    <property name="instrmntxalpha" type="string">
      <column length="10" name="INSTRMNTXALPHA"/>
    </property>
    <property name="instrmntxnum" type="string">
      <column length="16" name="INSTRMNTXNUM"/>
    </property>
    <property name="instrmntxtype" type="string">
      <column length="5" name="INSTRMNTXTYPE"/>
    </property>
    <property name="instrmntxdate" type="timestamp">
      <column length="23" name="INSTRMNTXDATE"/>
    </property>
    <property name="chqxstopxtime" type="timestamp">
      <column length="23" name="CHQXSTOPXTIME"/>
    </property>
    <property name="chqxstopxuser" type="string">
      <column length="15" name="CHQXSTOPXUSER"/>
    </property>
    <property name="chqxstopxrevxdate" type="timestamp">
      <column length="23" name="CHQXSTOPXREVXDATE"/>
    </property>
    <property name="nmobilexno" type="string">
      <column length="30" name="NMOBILEXNO"/>
    </property>
    <property name="nemailxid" type="string">
      <column length="50" name="NEMAILXID"/>
    </property>
    <property name="custxseg" type="string">
      <column length="25" name="CUSTXSEG"/>
    </property>
    <property name="custxsubxseg" type="string">
      <column length="25" name="CUSTXSUBXSEG"/>
    </property>
    <property name="oldxaddr" type="string">
      <column length="100" name="OLDXADDR"/>
    </property>
    <property name="newxaddr" type="string">
      <column length="100" name="NEWXADDR"/>
    </property>
    <property name="rejxcode" type="string">
      <column length="15" name="REJXCODE"/>
    </property>
    <property name="rejxdesc" type="string">
      <column length="100" name="REJXDESC"/>
    </property>
    <property name="rcrexuser" type="string">
      <column length="15" name="RCREXUSER"/>
    </property>
    <property name="lchgxuser" type="string">
      <column length="15" name="LCHGXUSER"/>
    </property>
    <property name="entryxuserxid" type="string">
      <column length="15" name="ENTRYXUSERXID"/>
    </property>
    <property name="pstdxuserxid" type="string">
      <column length="15" name="PSTDXUSERXID"/>
    </property>
    <property name="vfdxuserxid" type="string">
      <column length="15" name="VFDXUSERXID"/>
    </property>
    <property name="entryxdate" type="timestamp">
      <column length="23" name="ENTRYXDATE"/>
    </property>
    <property name="pstdxdate" type="timestamp">
      <column length="23" name="PSTDXDATE"/>
    </property>
   <property name="vfdxdate" type="timestamp">
      <column length="23" name="VFDXDATE"/>
    </property>
    -->
    <property name="status" type="string">
      <column length="20" name="STATUS"/>
    </property>
    <property name="msgxalrtxeml" type="string">
      <column name="MSGXALRTXEML"/>
    </property>
    <property name="emailxsub" type="serializable">
      <column name="EMAILXSUB"/>
    </property>
    <property name="ixrtd" type="long">
      <column name="IXRTD" precision="20" scale="0"/>
    </property>
    <property name="rowid" type="string">
      <column length="36" name="ROWID" not-null="true"/>
    </property>
    <property name="emailxstatus" type="java.lang.Character">
      <column length="1" name="EMAILXSTATUS"/>
    </property>
    <property name="smsxstatus" type="java.lang.Character">
      <column length="1" name="SMSXSTATUS"/>
    </property>
    <property name="recordxType" type="string">
      <column length="1" name="RECORDxTYPE"/>
    </property>
    <property name="alertxConfigxNo" type="string">
      <column length="4" name="ALERTxCONFIGxNO"/>
    </property>
    <property name="creditxCardxNo" type="string">
      <column length="19" name="CREDITxCARDxNO"/>
    </property>
    <property name="seqxNum" type="string">
      <column length="2" name="SEQxNUM"/>
    </property>
    <property name="alertxCol1" type="string">
      <column length="200" name="ALERTxCOL1"/>
    </property>
    <property name="alertxCol2" type="string">
      <column length="200" name="ALERTxCOL2"/>
    </property>
    <property name="alertxCol3" type="string">
      <column length="200" name="ALERTxCOL3"/>
    </property>
    <property name="alertxCol4" type="string">
      <column length="200" name="ALERTxCOL4"/>
    </property>
    <property name="alertxCol5" type="string">
      <column length="200" name="ALERTxCOL5"/>
    </property>
    <property name="alertxCol6" type="string">
      <column length="200" name="ALERTxCOL6"/>
    </property>
    <property name="alertxCol7" type="string">
      <column length="200" name="ALERTxCOL7"/>
    </property>
    <property name="alertxCol8" type="string">
      <column length="200" name="ALERTxCOL8"/>
    </property>
    <property name="alertxCol9" type="string">
      <column length="200" name="ALERTxCOL9"/>
    </property>
    <property name="alertxCol10" type="string">
      <column length="200" name="ALERTxCOL10"/>
    </property>
    <property name="mdexalrt" type="string">
      <column length="100" name="MDEXALRT"/>
    </property>
    <property name="seq_no" type="string">
      <column length="100" name="SEQ_NO"/>
    </property>
    <property name="tran_date" type="string">
      <column length="100" name="TRAN_DATE"/>
    </property>
    <property name="time_stamp" type="string">
      <column length="100" name="TIME_STAMP"/>
    </property>
    <property name="record_key" type="string">
      <column length="100" name="RECORD_KEY"/>
    </property>
    <property name="alert_type" type="string">
      <column length="100" name="ALERT_TYPE"/>
    </property>
    <property name="actual_bal" type="string">
      <column length="100" name="ACTUAL_BAL"/>
    </property>
    <property name="ledger_bal" type="string">
      <column length="100" name="LEDGER_BAL"/>
    </property>
    <property name="available_bal" type="string">
      <column length="100" name="AVAILABLE_BAL"/>
    </property>
    <property name="total_pledged_amt" type="string">
      <column length="100" name="TOTAL_PLEDGED_AMT"/>
    </property>
    <property name="total_auth_od" type="string">
      <column length="100" name="TOTAL_AUTH_OD"/>
    </property>
    <property name="value_date" type="string">
      <column length="100" name="VALUE_DATE"/>
    </property>
    <property name="tran_desc" type="string">
      <column length="100" name="TRAN_DESC"/>
    </property>
    <property name="tran_amt" type="string">
      <column length="100" name="TRAN_AMT"/>
    </property>
    <property name="cheque_no" type="string">
      <column length="100" name="CHEQUE_NO"/>
    </property>
    <property name="return_code" type="string">
      <column length="100" name="RETURN_CODE"/>
    </property>
    <property name="due_date" type="string">
      <column length="100" name="DUE_DATE"/>
    </property>
    <property name="due_type" type="string">
      <column length="100" name="DUE_TYPE"/>
    </property>
    <property name="bank" type="string">
      <column length="100" name="BANK"/>
    </property>
    <property name="branch" type="string">
      <column length="100" name="BRANCH"/>
    </property>
    <property name="deposit_date" type="string">
      <column length="100" name="DEPOSIT_DATE"/>
    </property>
    <property name="tran_hist_seq_no" type="string">
      <column length="100" name="TRAN_HIST_SEQ_NO"/>
    </property>
    <property name="module_id" type="string">
      <column length="100" name="MODULE_ID"/>
    </property>
    <property name="narrative" type="string">
      <column length="100" name="NARRATIVE"/>
    </property>
    <property name="oth_inst_ref_no" type="string">
      <column length="100" name="OTH_INST_REF_NO"/>
    </property>
    <property name="consumer_reference" type="string">
      <column length="100" name="CONSUMER_REFERENCE"/>
    </property>
    <property name="tran_code" type="string">
      <column length="100" name="TRAN_CODE"/>
    </property>
    <property name="sms_status" type="string">
      <column length="100" name="SMS_STATUS"/>
    </property>
    <property name="sms_ref_no" type="string">
      <column length="100" name="SMS_REF_NO"/>
    </property>
    <property name="sms_date_time" type="string">
      <column length="100" name="SMS_DATE_TIME"/>
    </property>
    <property name="eml_status" type="string">
      <column length="100" name="EML_STATUS"/>
    </property>
    <property name="eml_ref_no" type="string">
      <column length="100" name="EML_REF_NO"/>
    </property>
    <property name="eml_date_time" type="string">
      <column length="100" name="EML_DATE_TIME"/>
    </property>
    <property name="oth_status" type="string">
      <column length="100" name="OTH_STATUS"/>
    </property>
    <property name="oth_ref_no" type="string">
      <column length="100" name="OTH_REF_NO"/>
    </property>
    <property name="oth_date_time" type="string">
      <column length="100" name="OTH_DATE_TIME"/>
    </property>
    <property name="mobilexnoxorg" type="string">
      <column length="100" name="MOBILEXNOXORG"/>
    </property>
  </class>
</hibernate-mapping>
