<?xml version="1.0" encoding="UTF-8"?>
<!DOCTYPE hibernate-mapping PUBLIC "-//Hibernate/Hibernate Mapping DTD 3.0//EN" "http://hibernate.sourceforge.net/hibernate-mapping-3.0.dtd">
<!-- Generated Jul 24, 2013 12:13:31 PM by Hibernate Tools 3.2.1.GA -->
<hibernate-mapping>
  <class name="com.seeinfobiz.click.entitybean.Pxalrtxcfgxm" table="PXALRTXCFGXM">
    <id name="ixalrtxcfg" type="long">
      <column name="IXALRTXCFG" precision="20" scale="0"/>
      <generator class="increment"/>
    </id>
    <property name="nmxalrtxcfg" type="string">
      <column length="100" name="NMXALRTXCFG"/>
    </property>
    <property name="dxctd" type="timestamp">
      <column length="23" name="DXCTD"/>
    </property>
    <property name="bxctd" type="string">
      <column length="100" name="BXCTD"/>
    </property>
    <property name="dxmfdxlst" type="timestamp">
      <column length="23" name="DXMFDXLST"/>
    </property>
    <property name="bxmfdxlst" type="string">
      <column length="100" name="BXMFDXLST"/>
    </property>
    <property name="sixalrt" type="string">
      <column length="2" name="SIXALRT"/>
    </property>
    <property name="dscxalrt" type="string">
      <column length="500" name="DSCXALRT"/>
    </property>
    <property name="natrxalrt" type="string">
      <column length="100" name="NATRXALRT"/>
    </property>
    <property name="typxalrt" type="string">
      <column length="100" name="TYPXALRT"/>
    </property>
    <property name="mdexalrt" type="string">
      <column length="100" name="MDEXALRT"/>
    </property>
    <property name="evntxalrt" type="string">
      <column length="100" name="EVNTXALRT"/>
    </property>
    <property name="addtnlxcndtnxalrt" type="string">
      <column length="100" name="ADDTNLXCNDTNXALRT"/>
    </property>
    <property name="msgxalrt" type="string">
      <column length="4000" name="MSGXALRT"/>
    </property>
    <property name="adrsxfrmxem" type="string">
      <column length="50" name="ADRSXFRMXEM"/>
    </property>
    <property name="ixbncdxem" type="string">
      <column length="50" name="IXBNCDXEM"/>
    </property>
    <property name="sbxem" type="string">
      <column length="50" name="SBXEM"/>
    </property>
    <property name="fxatchxem" type="boolean">
      <column name="FXATCHXEM" not-null="true" precision="1" scale="0"/>
    </property>
    <property name="qlfrxcrt" type="string">
      <column length="4" name="QLFRXCRT" not-null="true"/>
    </property>
    <property name="prmtrxqryxem" type="string">
      <column length="4000" name="PRMTRXQRYXEM"/>
    </property>
    <property name="dxsnt" type="timestamp">
      <column length="23" name="DXSNT"/>
    </property>
    <property name="fxstts" type="string">
      <column length="2" name="FXSTTS" not-null="true"/>
    </property>
    <property name="rmksxmkrs" type="string">
      <column length="1000" name="RMKSXMKRS"/>
    </property>
    <property name="chkrsxmkrs" type="string">
      <column length="1000" name="CHKRSXMKRS"/>
    </property>
    <property name="rmksxem" type="string">
      <column length="1000" name="RMKSXEM"/>
    </property>
    <property name="fxsubxbe" type="string">
      <column length="100" name="FXSUBXBE"/>
    </property>
    <property name="fxsttsxsd" type="string">
      <column length="3" name="FXSTTSXSD"/>
    </property>
    <property name="dtxsd" type="timestamp">
      <column length="23" name="DTXSD"/>
    </property>
    <property name="fxflxpath" type="string">
      <column length="100" name="FXFLXPATH"/>
    </property>
    <property name="feildxx1" type="string">
      <column length="50" name="FEILDXX1"/>
    </property>
    <property name="feildxx2" type="string">
      <column length="50" name="FEILDXX2"/>
    </property>
    <property name="feildxx3" type="string">
      <column length="50" name="FEILDXX3"/>
    </property>
    <property name="exexstts" type="string">
      <column length="200" name="EXEXSTTS"/>
    </property>
    <property name="fxunsubxbe" type="string">
      <column length="100" name="FXUNSUBXBE"/>
    </property>
    <property name="fxrdxrept" type="string">
      <column length="20" name="FXRDXREPT"/>
    </property>
    <property name="fxunrdxrept" type="string">
      <column length="20" name="FXUNRDXREPT"/>
    </property>
    <property name="ptxfilxin" type="string">
      <column length="100" name="PTXFILXIN"/>
    </property>
    <property name="ixdpt" type="java.lang.Long">
      <column name="IXDPT" precision="18" scale="0"/>
    </property>
    <property name="typxsch" type="string">
      <column length="20" name="TYPXSCH"/>
    </property>
    <property name="isSmsFlg" type="string">
      <column length="10" name="ISXSMSXFLG"/>
    </property>
    <property name="isEmlFlg" type="string">
      <column length="10" name="ISXEMLXFLG"/>
    </property>
    <property name="msgxalrtxeml" type="string">
      <column length="4000" name="MSGXALRTXEML"/>
    </property>
    <property name="emailxsub" type="string">
      <column length="2000" name="EMAILXSUB"/>
    </property>
    <property name="alrtxmsgxflg" type="string">
      <column length="10" name="ALRTXMSGXFLG"/>
    </property>
    <property name="bdyxem" type="string">
      <column length="4000" name="BDYXEM"/>
    </property>
    <property name="ixsrxem" type="string">
      <column length="10" name="IXSRXEM"/>
    </property>
    <property name="ixdocxid" type="string">
      <column name="IXDOCXID"/>
    </property>
    <property name="savThr" type="string">
      <column name="THRESHOLDXSAVING"/>
    </property>
    <property name="currThr" type="string">
      <column name="THRESHOLDXCURRENT"/>
    </property>
    
    <property name="priority" type="string">
      <column name="PRIORITY"/>
    </property>
    <property name="product" type="string">
      <column name="PRODUCT"/>
    </property>
    <property name="fixxalrtxchrgs" type="string">
      <column name="FIXXALRTXCHRGS"/>
    </property>
  </class>
</hibernate-mapping>
