<?xml version="1.0" encoding="UTF-8"?>
<!DOCTYPE hibernate-mapping PUBLIC "-//Hibernate/Hibernate Mapping DTD 3.0//EN" "http://hibernate.sourceforge.net/hibernate-mapping-3.0.dtd">
<!-- Generated 25 Nov, 2013 2:08:29 PM by Hibernate Tools 3.2.1.GA -->
<hibernate-mapping>
  <class name="com.seeinfobiz.click.entitybean.Pxalrtxcstmrxdtls" table="PXALRTXCSTMRXDTLS">
    <id name="ixdtlsxcst" type="big_decimal">
      <column name="IXDTLSXCST" precision="38" scale="2"/>
      <generator class="assigned"/>
    </id>
    <property name="dxctd" type="timestamp">
      <column length="23" name="DXCTD"/>
    </property>
    <property name="bxctd" type="string">
      <column length="100" name="BXCTD"/>
    </property>
    <property name="dxmfdxlst" type="timestamp">
      <column length="23" name="DXMFDXLST"/>
    </property>
    <property name="bxmfdxlst" type="string">
      <column length="100" name="BXMFDXLST"/>
    </property>
    <property name="crn" type="string">
      <column length="50" name="CRN"/>
    </property>
    <property name="noxacnt" type="string">
      <column length="50" name="NOXACNT"/>
    </property>
    <property name="dscxschm" type="string">
      <column length="100" name="DSCXSCHM"/>
    </property>
    <property name="nmxintl" type="string">
      <column length="75" name="NMXINTL"/>
    </property>
    <property name="nmxfst" type="string">
      <column length="150" name="NMXFST"/>
    </property>
    <property name="nmxmdl" type="string">
      <column length="150" name="NMXMDL"/>
    </property>
    <property name="nmxlst" type="string">
      <column length="150" name="NMXLST"/>
    </property>
    <property name="idxprmryxsol" type="string">
      <column length="30" name="IDXPRMRYXSOL"/>
    </property>
    <property name="acctxprefix" type="string">
      <column length="2" name="ACCTXPREFIX"/>
    </property>
    <property name="MOBILE_NO" type="string">
      <column length="40" name="MOBILE_NO"/>
    </property>
    <property name="EMAIL_ID" type="string">
      <column length="100" name="EMAIL_ID"/>
    </property>
  </class>
</hibernate-mapping>
