<?xml version="1.0" encoding="UTF-8"?>
<!DOCTYPE hibernate-mapping PUBLIC "-//Hibernate/Hibernate Mapping DTD 3.0//EN" "http://hibernate.sourceforge.net/hibernate-mapping-3.0.dtd">
<!-- Generated Sep 27, 2010 11:57:53 AM by Hibernate Tools 3.2.1.GA -->
<hibernate-mapping>
  <class name="com.seeinfobiz.click.entitybean.Pxaltxevtxtm" table="PXALTXEVTXTM">
    <id name="ixtmexalt" type="long">
      <column name="IXTMEXALT" precision="20" scale="0"/>
      <generator class="increment"/>
    </id>
    <property name="nmxevt" type="string">
      <column length="20" name="NMXEVT"/>
    </property>
    <property name="typxalt" type="string">
      <column length="100" name="TYPXALT"/>
    </property>
    <property name="tmexschdlr" type="string">
      <column length="50" name="TMEXSCHDLR"/>
    </property>
    <property name="dxctd" type="date">
      <column length="7" name="DXCTD"/>
    </property>
    <property name="bxctd" type="string">
      <column length="100" name="BXCTD"/>
    </property>
    <property name="dxmfdxlst" type="date">
      <column length="7" name="DXMFDXLST"/>
    </property>
    <property name="bxmfdxlst" type="string">
      <column length="100" name="BXMFDXLST"/>
    </property>
  </class>
</hibernate-mapping>
