<?xml version="1.0" encoding="UTF-8"?>
<!DOCTYPE hibernate-mapping PUBLIC "-//Hibernate/Hibernate Mapping DTD 3.0//EN" "http://hibernate.sourceforge.net/hibernate-mapping-3.0.dtd">
<!-- Generated Jul 24, 2013 12:13:31 PM by Hibernate Tools 3.2.1.GA -->
<hibernate-mapping>
  <class name="com.seeinfobiz.click.entitybean.Pxalrtxthrxm" table="PXALRTXTHRXM">
    <id name="idThr" type="long">
      <column name="IDTHR" precision="20" scale="0"/>
      <generator class="increment"/>
    </id>
    <property name="savThr" type="string">
      <column name="SAVINGTHRESHOLD"/>
    </property>
    <property name="currThr" type="string">
      <column name="CURRENTTHRESHOLD"/>
    </property>
  </class>
</hibernate-mapping>
