<?xml version="1.0" encoding="UTF-8"?>
<!DOCTYPE hibernate-mapping PUBLIC "-//Hibernate/Hibernate Mapping DTD 3.0//EN" "http://hibernate.sourceforge.net/hibernate-mapping-3.0.dtd">
<hibernate-mapping>
  <class name="com.seeinfobiz.click.entitybean.Pxalrtxsttsxscd_dtls" table="PXALRTXSTTSXSCD_DTLS">
    <id name="S_NO" type="long">
      <column name="S_NO"/>
      <generator class="assigned"/>
    </id>
    <property name="EMAIL_STATUS" type="string">
      <column length="50" name="EMAIL_STATUS"/>
    </property>
    <property name="SMS_STATUS" type="string">
      <column length="50" name="SMS_STATUS"/>
    </property>
    <property name="ALERTXID" type="string">
      <column length="20" name="ALERTXID"/>
    </property>
    <property name="thresholdValue" type="string">
      <column length="1000" name="IXALRTXTHRESHOLD"/>
    </property>
    <property name="FILE_Id" type="int">
      <column name="FILE_ID" precision="20" scale="0"/>
    </property>
  </class>
</hibernate-mapping>
