<?xml version="1.0" encoding="UTF-8"?>
<!DOCTYPE hibernate-mapping PUBLIC "-//Hibernate/Hibernate Mapping DTD 3.0//EN" "http://hibernate.sourceforge.net/hibernate-mapping-3.0.dtd">
<!-- Generated Oct 16, 2013 1:12:03 PM by Hibernate Tools 3.2.1.GA -->
<hibernate-mapping>
  <class name="com.seeinfobiz.click.entitybean.PXALRTXSTTSXSCDXAUDIT" table="PXALRTXSTTSXSCDXAUDIT_HST">
    <id name="accountNumber" type="string">
      <column length="25" name="ACCOUNT_NUMBER"/>
      <generator class="assigned"/>
    </id>
    <property name="s_no" type="string">
      <column length="20" name="S_NO"/>
    </property>
    <property name="cifId" type="string">
      <column length="20" name="CIF_ID"/>
    </property>
    <!--    <property name="alertStatus" type="java.lang.Character">
      <column length="1" name="ALERT_STATUS"/>
    </property>-->
    <property name="emailStatus" type="string">
      <column length="1" name="EMAIL_STATUS"/>
    </property>
    <property name="smsStatus" type="string">
      <column length="1" name="SMS_STATUS"/>
    </property>
    <property name="dxctd" type="timestamp">
      <column length="23" name="DXCTD"/>
    </property>
    <property name="bxctd" type="string">
      <column length="100" name="BXCTD"/>
    </property>
    <property name="dxmfdxlst" type="timestamp">
      <column length="23" name="DXMFDXLST"/>
    </property>
    <property name="bxmfdxlst" type="string">
      <column length="100" name="BXMFDXLST"/>
    </property>
    <property name="ixalrtxthreshold" type="string">
      <column name="IXALRTXTHRESHOLD"/>
    </property>
    <property name="alertmode" type="string">
      <column name="ALERT_MODE"/>
    </property>
    <property name="rcduser" type="string">
      <column name="RCD_USER"/>
    </property>
    <property name="MOBILE_NO" type="string">
      <column length="40" name="MOBILE_NO"/>
    </property>
    <property name="old_MOBILE_no" type="string">
      <column length="40" name="OLD_MOBILE_NO"/>
    </property>
    <property name="EMAIL_ID" type="string">
      <column length="100" name="EMAIL_ID"/>
    </property>
    <property name="OLD_EMAIL_ID" type="string">
      <column length="100" name="OLD_EMAIL_ID"/>
    </property>
    <property name="AUDIT_ACTION" type="string">
      <column name="AUDIT_ACTION"/>
    </property>
    <property name="auditdt" type="timestamp">
      <column name="AUDIT_TIMESTAMP"/>
    </property>
  </class>
</hibernate-mapping>
