<?xml version="1.0" encoding="UTF-8"?>
<!DOCTYPE hibernate-mapping PUBLIC "-//Hibernate/Hibernate Mapping DTD 3.0//EN" "http://hibernate.sourceforge.net/hibernate-mapping-3.0.dtd">
<!-- Generated Sep 27, 2010 11:57:53 AM by Hibernate Tools 3.2.1.GA -->
<hibernate-mapping>
  <class name="com.seeinfobiz.click.entitybean.Pxarcvxshdlrxdtls" table="PXARCVXSHDLRXDTLS">
    <id name="ixmdxshdlrxarcv" type="big_decimal">
      <column name="IXMDXSHDLRXARCV" precision="20" scale="0"/>
      <generator class="assigned"/>
    </id>
    <many-to-one class="com.seeinfobiz.click.entitybean.Pxarcvxshdlrxm" fetch="select" name="pxarcvxshdlrxm">
      <column name="IXSHDLRXARCV" precision="20" scale="0"/>
    </many-to-one>
    <many-to-one class="com.seeinfobiz.click.entitybean.Pxarcvxshdlrxmde" fetch="select" insert="false" name="pxarcvxshdlrxmde" update="false">
      <column name="IXMDXSHDLRXARCV" not-null="true" precision="20" scale="0" unique="true"/>
    </many-to-one>
    <property name="ixdtlsxshdlrxarcv" type="big_decimal">
      <column name="IXDTLSXSHDLRXARCV" not-null="true" precision="20" scale="0"/>
    </property>
    <property name="mnthxschldrx1" type="string">
      <column length="2" name="MNTHXSCHLDRX1"/>
    </property>
    <property name="dxschldrx1" type="date">
      <column length="7" name="DXSCHLDRX1"/>
    </property>
    <property name="tmxschldrx1" type="string">
      <column length="5" name="TMXSCHLDRX1"/>
    </property>
    <property name="mnthxschldrx2" type="string">
      <column length="2" name="MNTHXSCHLDRX2"/>
    </property>
    <property name="dxschldrx2" type="date">
      <column length="7" name="DXSCHLDRX2"/>
    </property>
    <property name="tmxschldrx2" type="string">
      <column length="5" name="TMXSCHLDRX2"/>
    </property>
    <property name="mnthxschldrx3" type="string">
      <column length="2" name="MNTHXSCHLDRX3"/>
    </property>
    <property name="dxschldrx3" type="date">
      <column length="7" name="DXSCHLDRX3"/>
    </property>
    <property name="tmxschldrx3" type="string">
      <column length="5" name="TMXSCHLDRX3"/>
    </property>
    <property name="mnthxschldrx4" type="string">
      <column length="2" name="MNTHXSCHLDRX4"/>
    </property>
    <property name="dxschldrx4" type="date">
      <column length="7" name="DXSCHLDRX4"/>
    </property>
    <property name="tmxschldrx4" type="string">
      <column length="5" name="TMXSCHLDRX4"/>
    </property>
    <property name="dxctd" type="date">
      <column length="7" name="DXCTD"/>
    </property>
    <property name="bxctd" type="string">
      <column length="100" name="BXCTD"/>
    </property>
    <property name="dxmfdxlst" type="date">
      <column length="7" name="DXMFDXLST"/>
    </property>
    <property name="bxmfdxlst" type="string">
      <column length="100" name="BXMFDXLST"/>
    </property>
  </class>
</hibernate-mapping>
