<?xml version="1.0" encoding="UTF-8"?>
<!DOCTYPE hibernate-mapping PUBLIC "-//Hibernate/Hibernate Mapping DTD 3.0//EN" "http://hibernate.sourceforge.net/hibernate-mapping-3.0.dtd">
<!-- Generated Sep 27, 2010 11:57:53 AM by Hibernate Tools 3.2.1.GA -->
<hibernate-mapping>
  <class name="com.seeinfobiz.click.entitybean.Pxbncdxschdlrxm" table="PXBNCDXSCHDLRXM">
    <id name="ixshdlrxbncd" type="long">
      <column name="IXSHDLRXBNCD" precision="20" scale="0"/>
      <generator class="assigned"/>
    </id>
    <property name="mdxshdlr" type="string">
      <column length="1" name="MDXSHDLR"/>
    </property>
    <property name="dxctd" type="date">
      <column length="7" name="DXCTD"/>
    </property>
    <property name="bxctd" type="string">
      <column length="100" name="BXCTD"/>
    </property>
    <property name="dxmfdxlst" type="date">
      <column length="7" name="DXMFDXLST"/>
    </property>
    <property name="bxmfdxlst" type="string">
      <column length="100" name="BXMFDXLST"/>
    </property>
    <set inverse="true" name="pxbncdxshdlrxdtlses">
      <key>
        <column name="IXSHDLRXBNCD" precision="20" scale="0"/>
      </key>
      <one-to-many class="com.seeinfobiz.click.entitybean.Pxbncdxshdlrxdtls"/>
    </set>
  </class>
</hibernate-mapping>
