<?xml version="1.0" encoding="UTF-8"?>
<!DOCTYPE hibernate-mapping PUBLIC "-//Hibernate/Hibernate Mapping DTD 3.0//EN" "http://hibernate.sourceforge.net/hibernate-mapping-3.0.dtd">
<!-- Generated Sep 27, 2010 11:57:53 AM by Hibernate Tools 3.2.1.GA -->
<hibernate-mapping>
  <class name="com.seeinfobiz.click.entitybean.Pxbncdxlstxrd" table="PXBNCDXLSTXRD">
    <id name="ixrdxlst" type="long">
      <column name="IXRDXLST" precision="20" scale="0"/>
      <generator class="increment"/>
    </id>
    <many-to-one cascade="all" class="com.seeinfobiz.click.entitybean.Pxbncdxmlxcng" fetch="select" lazy="false" name="pxbncdxmlxcng">
      <column name="IXCNFGXMLXBNCD" precision="20" scale="0"/>
    </many-to-one>
    <property name="dxrdxlst" type="string">
      <column length="30" name="DXRDXLST"/>
    </property>
    <property name="ixmsg" type="string">
      <column length="100" name="IXMSG"/>
    </property>
    <property name="dxctd" type="date">
      <column length="7" name="DXCTD"/>
    </property>
    <property name="bxctd" type="string">
      <column length="100" name="BXCTD"/>
    </property>
    <property name="dxmfdxlst" type="date">
      <column length="7" name="DXMFDXLST"/>
    </property>
    <property name="bxmfdxlst" type="string">
      <column length="100" name="BXMFDXLST"/>
    </property>
  </class>
</hibernate-mapping>
