<?xml version="1.0" encoding="UTF-8"?>
<!DOCTYPE hibernate-mapping PUBLIC "-//Hibernate/Hibernate Mapping DTD 3.0//EN" "http://hibernate.sourceforge.net/hibernate-mapping-3.0.dtd">
<!-- Generated Sep 27, 2010 11:57:53 AM by Hibernate Tools 3.2.1.GA -->
<hibernate-mapping>
  <class name="com.seeinfobiz.click.entitybean.Pxbncdxerlbxm" table="PXBNCDXERLBXM">
    <id name="ixerlbxbncd" type="long">
      <column name="IXERLBXBNCD" precision="20" scale="0"/>
      <generator class="increment"/>
    </id>
    <property name="cdexerxbncd" type="string">
      <column length="100" name="CDEXERXBNCD"/>
    </property>
    <property name="dscxbncd" type="string">
      <column length="200" name="DSCXBNCD"/>
    </property>
    <property name="intsyxbncd" type="string">
      <column length="2" name="INTSYXBNCD"/>
    </property>
    <property name="dxctd" type="date">
      <column length="7" name="DXCTD"/>
    </property>
    <property name="bxctd" type="string">
      <column length="100" name="BXCTD"/>
    </property>
    <property name="dxmfdxlst" type="date">
      <column length="7" name="DXMFDXLST"/>
    </property>
    <property name="bxmfdxlst" type="string">
      <column length="100" name="BXMFDXLST"/>
    </property>
  </class>
</hibernate-mapping>
