<?xml version="1.0" encoding="UTF-8"?>
<!DOCTYPE hibernate-mapping PUBLIC "-//Hibernate/Hibernate Mapping DTD 3.0//EN" "http://hibernate.sourceforge.net/hibernate-mapping-3.0.dtd">
<!-- Generated Apr 25, 2012 11:36:43 AM by Hibernate Tools 3.2.1.GA -->
<hibernate-mapping>
  <class name="com.seeinfobiz.click.entitybean.Pxcmpxrprt" table="PXCMPXRPRT">
    <id name="ixrp" type="long">
      <column name="IXRP" precision="22" scale="0"/>
      <generator class="increment"/>
    </id>
    <property name="cmpxnm" type="string">
      <column length="4000" name="CMPXNM"/>
    </property>
    <property name="ixcust" type="string">
      <column length="4000" name="IXCUST"/>
    </property>
    <property name="enqxcmp" type="string">
      <column length="4000" name="ENQXCMP"/>
    </property>
    <property name="sldxcmp" type="string">
      <column length="4000" name="SLDXCMP"/>
    </property>
    <property name="col1xrp" type="string">
      <column length="4000" name="COL1XRP"/>
    </property>
    <property name="col2xrp" type="string">
      <column length="4000" name="COL2XRP"/>
    </property>
    <property name="col3xrp" type="string">
      <column length="2000" name="COL3XRP"/>
    </property>
    <property name="col4xrp" type="string">
      <column length="2000" name="COL4XRP"/>
    </property>
    <property name="col5xrp" type="string">
      <column length="2000" name="COL5XRP"/>
    </property>
    <property name="col6xrp" type="string">
      <column length="2000" name="COL6XRP"/>
    </property>
    <property name="col7xrp" type="string">
      <column length="2000" name="COL7XRP"/>
    </property>
    <property name="col8xrp" type="string">
      <column length="2000" name="COL8XRP"/>
    </property>
    <property name="col9xrp" type="string">
      <column length="2000" name="COL9XRP"/>
    </property>
    <property name="col10xrp" type="string">
      <column length="2000" name="COL10XRP"/>
    </property>
    <property name="col11xrp" type="string">
      <column length="2000" name="COL11XRP"/>
    </property>
    <property name="col12xrp" type="string">
      <column length="2000" name="COL12XRP"/>
    </property>
    <property name="col13xrp" type="string">
      <column length="2000" name="COL13XRP"/>
    </property>
    <property name="col14xrp" type="string">
      <column length="2000" name="COL14XRP"/>
    </property>
    <property name="col15xrp" type="string">
      <column length="2000" name="COL15XRP"/>
    </property>
    <property name="col16xrp" type="string">
      <column length="2000" name="COL16XRP"/>
    </property>
    <property name="col17xrp" type="string">
      <column length="2000" name="COL17XRP"/>
    </property>
    <property name="col18xrp" type="string">
      <column length="2000" name="COL18XRP"/>
    </property>
    <property name="col19xrp" type="string">
      <column length="2000" name="COL19XRP"/>
    </property>
    <property name="col20xrp" type="string">
      <column length="2000" name="COL20XRP"/>
    </property>
    <property name="col21xrp" type="string">
      <column length="2000" name="COL21XRP"/>
    </property>
    <property name="col22xrp" type="string">
      <column length="2000" name="COL22XRP"/>
    </property>
  </class>
</hibernate-mapping>
