<?xml version="1.0" encoding="UTF-8"?>
<!DOCTYPE hibernate-mapping PUBLIC "-//Hibernate/Hibernate Mapping DTD 3.0//EN" "http://hibernate.sourceforge.net/hibernate-mapping-3.0.dtd">
<!-- Generated Apr 6, 2012 11:14:54 AM by Hibernate Tools 3.2.1.GA -->
<hibernate-mapping>
  <class name="com.seeinfobiz.click.entitybean.Pxcstxcolxmap" table="PXCSTXCOLXMAP">
    <id name="ixmap" type="long">
      <column name="IXMAP" precision="22" scale="0"/>
      <generator class="increment"/>
    </id>
    <many-to-one class="com.seeinfobiz.click.entitybean.Pxemxlstxmst" fetch="select" lazy="false" name="pxemxlstxmst">
      <column name="IXLSTXFLE" precision="22" scale="0"/>
    </many-to-one>
    <property name="col1xcs" type="string">
      <column length="4000" name="COL1XCS"/>
    </property>
    <property name="col2xcs" type="string">
      <column length="4000" name="COL2XCS"/>
    </property>
    <property name="col3xcs" type="string">
      <column length="4000" name="COL3XCS"/>
    </property>
    <property name="col4xcs" type="string">
      <column length="4000" name="COL4XCS"/>
    </property>
    <property name="col5xcs" type="string">
      <column length="4000" name="COL5XCS"/>
    </property>
    <property name="col6xcs" type="string">
      <column length="4000" name="COL6XCS"/>
    </property>
    <property name="col7xcs" type="string">
      <column length="4000" name="COL7XCS"/>
    </property>
    <property name="col8xcs" type="string">
      <column length="4000" name="COL8XCS"/>
    </property>
    <property name="col9xcs" type="string">
      <column length="4000" name="COL9XCS"/>
    </property>
    <property name="col10xcs" type="string">
      <column length="4000" name="COL10XCS"/>
    </property>
    <property name="col11xcs" type="string">
      <column length="4000" name="COL11XCS"/>
    </property>
    <property name="col12xcs" type="string">
      <column length="4000" name="COL12XCS"/>
    </property>
    <property name="col13xcs" type="string">
      <column length="4000" name="COL13XCS"/>
    </property>
    <property name="col14xcs" type="string">
      <column length="4000" name="COL14XCS"/>
    </property>
    <property name="col15xcs" type="string">
      <column length="4000" name="COL15XCS"/>
    </property>
    <property name="col16xcs" type="string">
      <column length="4000" name="COL16XCS"/>
    </property>
    <property name="col17xcs" type="string">
      <column length="4000" name="COL17XCS"/>
    </property>
    <property name="col18xcs" type="string">
      <column length="4000" name="COL18XCS"/>
    </property>
    <property name="col19xcs" type="string">
      <column length="4000" name="COL19XCS"/>
    </property>
    <property name="col20xcs" type="string">
      <column length="4000" name="COL20XCS"/>
    </property>
    <property name="col21xcs" type="string">
      <column length="4000" name="COL21XCS"/>
    </property>
    <property name="col22xcs" type="string">
      <column length="4000" name="COL22XCS"/>
    </property>
    <property name="col23xcs" type="string">
      <column length="4000" name="COL23XCS"/>
    </property>
    <property name="col24xcs" type="string">
      <column length="4000" name="COL24XCS"/>
    </property>
    <property name="col25xcs" type="string">
      <column length="4000" name="COL25XCS"/>
    </property>
    <property name="col26xcs" type="string">
      <column length="4000" name="COL26XCS"/>
    </property>
    <property name="col27xcs" type="string">
      <column length="4000" name="COL27XCS"/>
    </property>
    <property name="col28xcs" type="string">
      <column length="4000" name="COL28XCS"/>
    </property>
    <property name="col29xcs" type="string">
      <column length="4000" name="COL29XCS"/>
    </property>
    <property name="col30xcs" type="string">
      <column length="4000" name="COL30XCS"/>
    </property>
    <property name="col31xcs" type="string">
      <column length="4000" name="COL31XCS"/>
    </property>
    <property name="col32xcs" type="string">
      <column length="4000" name="COL32XCS"/>
    </property>
    <property name="col33xcs" type="string">
      <column length="4000" name="COL33XCS"/>
    </property>
    <property name="col34xcs" type="string">
      <column length="4000" name="COL34XCS"/>
    </property>
    <property name="col35xcs" type="string">
      <column length="4000" name="COL35XCS"/>
    </property>
    <property name="col36xcs" type="string">
      <column length="4000" name="COL36XCS"/>
    </property>
    <property name="col37xcs" type="string">
      <column length="4000" name="COL37XCS"/>
    </property>
    <property name="col38xcs" type="string">
      <column length="4000" name="COL38XCS"/>
    </property>
    <property name="col39xcs" type="string">
      <column length="4000" name="COL39XCS"/>
    </property>
    <property name="col40xcs" type="string">
      <column length="4000" name="COL40XCS"/>
    </property>
    <property name="col41xcs" type="string">
      <column length="4000" name="COL41XCS"/>
    </property>
    <property name="col42xcs" type="string">
      <column length="4000" name="COL42XCS"/>
    </property>
    <property name="col43xcs" type="string">
      <column length="4000" name="COL43XCS"/>
    </property>
    <property name="col44xcs" type="string">
      <column length="4000" name="COL44XCS"/>
    </property>
    <property name="col45xcs" type="string">
      <column length="4000" name="COL45XCS"/>
    </property>
    <property name="col46xcs" type="string">
      <column length="4000" name="COL46XCS"/>
    </property>
    <property name="col47xcs" type="string">
      <column length="4000" name="COL47XCS"/>
    </property>
    <property name="col48xcs" type="string">
      <column length="4000" name="COL48XCS"/>
    </property>
    <property name="col49xcs" type="string">
      <column length="4000" name="COL49XCS"/>
    </property>
    <property name="col50xcs" type="string">
      <column length="4000" name="COL50XCS"/>
    </property>
  </class>
</hibernate-mapping>
