<?xml version="1.0" encoding="UTF-8"?>
<!DOCTYPE hibernate-mapping PUBLIC "-//Hibernate/Hibernate Mapping DTD 3.0//EN" "http://hibernate.sourceforge.net/hibernate-mapping-3.0.dtd">
<!-- Generated Jun 3, 2012 2:57:35 PM by Hibernate Tools 3.2.1.GA -->
<hibernate-mapping>
  <class name="com.seeinfobiz.click.entitybean.Pxdsgxlbl" table="PXDSGXLBL">
    <id name="ixdsgxlbl" type="long">
      <column name="IXDSGXLBL" precision="22" scale="0"/>
      <generator class="increment"/>
    </id>
    <property name="nmxlblxdsg" type="string">
      <column length="2000" name="NMXLBLXDSG"/>
    </property>
    <property name="col1xdsgxlbl" type="string">
      <column length="2000" name="COL1XDSGXLBL"/>
    </property>
    <property name="col2xdsgxlbl" type="string">
      <column length="2000" name="COL2XDSGXLBL"/>
    </property>
    <property name="col3xdsgxlbl" type="string">
      <column length="2000" name="COL3XDSGXLBL"/>
    </property>
  </class>
</hibernate-mapping>
