<?xml version="1.0" encoding="UTF-8"?>
<!DOCTYPE hibernate-mapping PUBLIC "-//Hibernate/Hibernate Mapping DTD 3.0//EN" "http://hibernate.sourceforge.net/hibernate-mapping-3.0.dtd">
<!-- Generated Apr 6, 2012 11:14:54 AM by Hibernate Tools 3.2.1.GA -->
<hibernate-mapping>
  <class name="com.seeinfobiz.click.entitybean.Pxemxlstxmst" table="PXEMXLSTXMST">
    <id name="ixlstxfle" type="long">
      <column name="IXLSTXFLE" precision="22" scale="0"/>
      <generator class="increment"/>
    </id>
    <property name="nmxfle" type="string">
      <column length="4000" name="NMXFLE"/>
    </property>
    <property name="corrcxtot" type="long">
      <column name="CORRCXTOT" precision="22" scale="0"/>
    </property>
    <property name="incrxtot" type="long">
      <column name="INCRXTOT" precision="22" scale="0"/>
    </property>
    <property name="col1xlst" type="string">
      <column length="4000" name="COL1XLST"/>
    </property>
    <property name="col2xlst" type="string">
      <column length="4000" name="COL2XLST"/>
    </property>
    <!-- Archival status of campaign cust file -->
    <property name="archxstts" type="string">
      <column length="5" name="ARCHXSTTS"/>
    </property>
    <set inverse="true" name="pxcstxmsts">
      <key>
        <column name="IXLSTXFLE" precision="22" scale="0"/>
      </key>
      <one-to-many class="com.seeinfobiz.click.entitybean.Pxcstxmst"/>
    </set>
    <set inverse="true" name="pxcstxcolxmaps">
      <key>
        <column name="IXLSTXFLE" precision="22" scale="0"/>
      </key>
      <one-to-many class="com.seeinfobiz.click.entitybean.Pxcstxcolxmap"/>
    </set>
    <set inverse="true" name="pxmisxemxcmpxcsts">
      <key>
        <column name="IXLSTXFLE" precision="22" scale="0"/>
      </key>
      <one-to-many class="com.seeinfobiz.click.entitybean.Pxmisxemxcmpxcst"/>
    </set>

     <property name="queryText" type="string">
      <column length="4000" name="PRMTRXQRYXEM"/>
    </property>
    <property name="expxfle" type="date">
       <column length="7" name="EXPXFLE"/>
    </property>

  </class>
</hibernate-mapping>
