<?xml version="1.0" encoding="UTF-8"?>
<!DOCTYPE hibernate-mapping PUBLIC "-//Hibernate/Hibernate Mapping DTD 3.0//EN" "http://hibernate.sourceforge.net/hibernate-mapping-3.0.dtd">
<!-- Generated Sep 27, 2010 11:57:53 AM by Hibernate Tools 3.2.1.GA -->
<hibernate-mapping>
  <class name="com.seeinfobiz.click.entitybean.Pxemlxcrtraxm" table="PXEMLXCRTRAXM">
    <id name="ixcrtraxem" type="long">
      <column name="IXCRTRAXEM" precision="20" scale="0"/>
      <generator class="increment"/>
    </id>
    <many-to-one cascade="all" class="com.seeinfobiz.click.entitybean.Pxemlxpsdxm" fetch="select" name="pxemlxpsdxm">
      <column name="IXWDPXEM" precision="20" scale="0"/>
    </many-to-one>
    <property name="crtxwdpxem" type="string">
      <column length="100" name="CRTXWDPXEM"/>
    </property>
    <property name="rng" type="string">
      <column length="50" name="RNG"/>
    </property>
    <property name="lnxwdxp" type="big_decimal">
      <column name="LNXWDXP" precision="20" scale="0"/>
    </property>
    <property name="dxctd" type="date">
      <column length="7" name="DXCTD"/>
    </property>
    <property name="bxctd" type="string">
      <column length="100" name="BXCTD"/>
    </property>
    <property name="dxmfdxlst" type="date">
      <column length="7" name="DXMFDXLST"/>
    </property>
    <property name="bxmfdxlst" type="string">
      <column length="100" name="BXMFDXLST"/>
    </property>
  </class>
</hibernate-mapping>
