<?xml version="1.0" encoding="UTF-8"?>
<!DOCTYPE hibernate-mapping PUBLIC "-//Hibernate/Hibernate Mapping DTD 3.0//EN" "http://hibernate.sourceforge.net/hibernate-mapping-3.0.dtd">
<!-- Generated Sep 27, 2010 11:57:53 AM by Hibernate Tools 3.2.1.GA -->
<hibernate-mapping>
  <class name="com.seeinfobiz.click.entitybean.Pxemlxalias" table="PXEMLXALIAS">
    <id name="aliasxid" type="long">
      <column name="aliasxid" precision="20" scale="0"/>
      <generator class="increment"/>
    </id>
    <property name="aliasxname" type="string">
      <column length="50" name="ALIASXNAME"/>
    </property>
    <property name="aliasxdescription" type="string">
      <column length="100" name="ALIASXDESCRIPTION"/>
    </property>
    <set inverse="true" name="pxprmxemlxms">
      <key>
        <column name="SRVXRLYXSMTP" precision="20" scale="0"/>
      </key>
      <one-to-many class="com.seeinfobiz.click.entitybean.Pxprmxemlxm"/>
    </set>
  </class>
</hibernate-mapping>
