<?xml version="1.0" encoding="UTF-8"?>
<!DOCTYPE hibernate-mapping PUBLIC "-//Hibernate/Hibernate Mapping DTD 3.0//EN" "http://hibernate.sourceforge.net/hibernate-mapping-3.0.dtd">
<!-- Generated Oct 26, 2010 3:40:18 PM by Hibernate Tools 3.2.1.GA -->
<hibernate-mapping>
  <class name="com.seeinfobiz.click.entitybean.Pxemxsrvxcnfg" table="PXEMXSRVXCNFG">
    <id name="ixsrxem" type="long">
      <column name="IXSRXEM" precision="20" scale="0"/>
      <generator class="increment"/>
    </id>
    <property name="nmxsrxem" type="string">
      <column length="200" name="NMXSRXEM"/>
    </property>
    <property name="typxsrxem" type="string">
      <column length="200" name="TYPXSRXEM"/>
    </property>
    <property name="hstxsrxem" type="string">
      <column length="200" name="HSTXSRXEM"/>
    </property>
    <property name="nmuxsrxem" type="string">
      <column length="200" name="NMUXSRXEM"/>
    </property>
    <property name="wdxpsrxem" type="string">
      <column length="200" name="WDXPSRXEM"/>
    </property>
    <property name="prtxsrxem" type="long">
      <column name="PRTXSRXEM" precision="20" scale="0"/>
    </property>
    <property name="rmksxem" type="string">
      <column length="200" name="RMKSXEM"/>
    </property>
    <property name="dxctd" type="date">
      <column length="7" name="DXCTD"/>
    </property>
    <property name="bxctd" type="string">
      <column length="100" name="BXCTD"/>
    </property>
    <property name="dxmfdxlst" type="date">
      <column length="7" name="DXMFDXLST"/>
    </property>
    <property name="bxmfdxlst" type="string">
      <column length="100" name="BXMFDXLST"/>
    </property>
    <set inverse="true" name="pxprdctxms">
      <key>
        <column name="SRVXRLYXSMTP" precision="20" scale="0"/>
      </key>
      <one-to-many class="com.seeinfobiz.click.entitybean.Pxprdctxm"/>
    </set>
  </class>
</hibernate-mapping>
