<?xml version="1.0" encoding="UTF-8"?>
<!DOCTYPE hibernate-mapping PUBLIC "-//Hibernate/Hibernate Mapping DTD 3.0//EN" "http://hibernate.sourceforge.net/hibernate-mapping-3.0.dtd">
<!-- Generated Aug 31, 2011 11:55:03 AM by Hibernate Tools 3.2.1.GA -->
<hibernate-mapping>
  <class name="com.seeinfobiz.click.entitybean.Pxemlimgdtls" table="PXEMLIMGDTLS">
    <id name="prmximgxdtlsid" type="long">
      <column name="PRMXIMGXDTLSID" precision="20" scale="0"/>
      <generator class="increment"/>
    </id>
    <many-to-one class="com.seeinfobiz.click.entitybean.Pxemlxcng" fetch="select" name="pxemlxcng">
      <column name="IXCFGXEM" precision="20" scale="0"/>
    </many-to-one>
    <property name="imgxurl" type="string">
      <column length="500" name="IMGXURL"/>
    </property>
    <property name="dxctd" type="date">
      <column length="7" name="DXCTD"/>
    </property>
    <property name="bxctd" type="string">
      <column length="100" name="BXCTD"/>
    </property>
    <property name="dxmfdxlst" type="date">
      <column length="7" name="DXMFDXLST"/>
    </property>
    <property name="bxmfdxlst" type="string">
      <column length="20" name="BXMFDXLST"/>
    </property>
  </class>
</hibernate-mapping>
