<?xml version="1.0" encoding="UTF-8"?>
<!DOCTYPE hibernate-mapping PUBLIC "-//Hibernate/Hibernate Mapping DTD 3.0//EN" "http://hibernate.sourceforge.net/hibernate-mapping-3.0.dtd">
<!-- Generated Sep 27, 2010 11:57:53 AM by Hibernate Tools 3.2.1.GA -->
<hibernate-mapping>
  <class name="com.seeinfobiz.click.entitybean.Pxendxproduct" table="PXENDXPRODUCT">
    <id name="endxprdctxId" type="long">
      <column name="ENDXPRDCTXID" precision="20" scale="0"/>
      <generator class="increment"/>
    </id>
    <many-to-one cascade="none" class="com.seeinfobiz.click.entitybean.Pxprdctxm" fetch="select" lazy="false" name="ixprdt">
      <column name="IXPRDT" precision="20" scale="0"/>
    </many-to-one>
    <many-to-one cascade="none" class="com.seeinfobiz.click.entitybean.Pxmainxproduct" fetch="select" lazy="false" name="mainxprdctxId">
      <column name="MAINXPRDCTXID" precision="20" scale="0"/>
    </many-to-one>
    <many-to-one cascade="none" class="com.seeinfobiz.click.entitybean.Pxsubxproduct" fetch="select" lazy="false" name="subxprddctxId">
      <column name="SUBXPRDDCTXID" precision="20" scale="0"/>
    </many-to-one>
    <property name="endxprdctxnm" type="string">
      <column length="100" name="ENDXPRDCTXNM"/>
    </property>
    <property name="rmksxaprvl" type="string">
      <column length="100" name="RMKSXAPRVL"/>
    </property>
    <property name="crtdxdtme" type="timestamp">
      <column name="CRTDXDTME"/>
    </property>
    <property name="updtxdtme" type="timestamp">
      <column name="UPDTXDTME"/>
    </property>
    <property name="bxctd" type="string">
      <column length="100" name="BXCTD"/>
    </property>
    <property name="ixdpt" type="string">
      <column length="100" name="IXDPT"/>
    </property>
  </class>
</hibernate-mapping>
