<?xml version="1.0" encoding="UTF-8"?>
<!DOCTYPE hibernate-mapping PUBLIC "-//Hibernate/Hibernate Mapping DTD 3.0//EN" "http://hibernate.sourceforge.net/hibernate-mapping-3.0.dtd">
<!-- Generated Sep 27, 2010 11:57:53 AM by Hibernate Tools 3.2.1.GA -->
<hibernate-mapping>
  <class name="com.seeinfobiz.click.entitybean.Pxeshdlrxprcsxetl" table="PXESHDLRXPRCSXETL">
    <id name="ixetlxeshdlr" type="long">
      <column name="IXETLXESHDLR" precision="20" scale="0"/>
      <generator class="increment"/>
    </id>
    <many-to-one cascade="all" class="com.seeinfobiz.click.entitybean.Pxeshdlrxprsxm" fetch="select" name="pxeshdlrxprsxm">
      <column name="IXPRCSXESHDLR" precision="20" scale="0"/>
    </many-to-one>
    <many-to-one cascade="all" class="com.seeinfobiz.click.entitybean.Pxeshlrxprcsxmde" fetch="select" name="pxeshlrxprcsxmde">
      <column name="IXMDEXESHDLR" precision="20" scale="0"/>
    </many-to-one>
    <property name="nmxflxetl" type="string">
      <column length="100" name="NMXFLXETL"/>
    </property>
    <property name="dxctd" type="date">
      <column length="7" name="DXCTD"/>
    </property>
    <property name="bxctd" type="string">
      <column length="100" name="BXCTD"/>
    </property>
    <property name="dxmfdxlst" type="date">
      <column length="7" name="DXMFDXLST"/>
    </property>
    <property name="bxmfdxlst" type="string">
      <column length="100" name="BXMFDXLST"/>
    </property>
    <property name="BTXCHXNM" type="string">
      <column length="100" name="BTXCHXNM"/>
    </property>
    <property name="BTXCHXLOC" type="string">
      <column length="200" name="BTXCHXLOC"/>
    </property>
  </class>
</hibernate-mapping>
