<?xml version="1.0" encoding="UTF-8"?>
<!DOCTYPE hibernate-mapping PUBLIC "-//Hibernate/Hibernate Mapping DTD 3.0//EN" "http://hibernate.sourceforge.net/hibernate-mapping-3.0.dtd">
<!-- Generated Sep 27, 2010 11:57:53 AM by Hibernate Tools 3.2.1.GA -->
<hibernate-mapping>
  <class name="com.seeinfobiz.click.entitybean.Pxeshlrxprcsxdtls" table="PXESHLRXPRCSXDTLS">
    <id name="ixdtlsxeshdlr" type="long">
      <column name="IXDTLSXESHDLR" precision="20" scale="0"/>
      <generator class="increment"/>
    </id>
    <many-to-one cascade="all" class="com.seeinfobiz.click.entitybean.Pxeshdlrxprsxm" fetch="select" name="pxeshdlrxprsxm">
      <column name="IXPRCSXESHDLR" precision="20" scale="0"/>
    </many-to-one>
    <many-to-one cascade="all" class="com.seeinfobiz.click.entitybean.Pxeshlrxprcsxmde" fetch="select" name="pxeshlrxprcsxmde">
      <column name="IXMDEXESHDLR" precision="20" scale="0"/>
    </many-to-one>
    <property name="mdexshdlr" type="string">
      <column length="2" name="MDEXSHDLR"/>
    </property>
    <property name="mntxschldrx1" type="string">
      <column length="2" name="MNTXSCHLDRX1"/>
    </property>
    <property name="dxschldrx1" type="string">
      <column length="2" name="DXSCHLDRX1"/>
    </property>
    <property name="mnthxschldrx2" type="string">
      <column length="2" name="MNTHXSCHLDRX2"/>
    </property>
    <property name="dxschldrx2" type="string">
      <column length="2" name="DXSCHLDRX2"/>
    </property>
    <property name="mnthxschldrx3" type="string">
      <column length="2" name="MNTHXSCHLDRX3"/>
    </property>
    <property name="dxschldrx3" type="string">
      <column length="2" name="DXSCHLDRX3"/>
    </property>
    <property name="mnthxschldrx4" type="string">
      <column length="2" name="MNTHXSCHLDRX4"/>
    </property>
    <property name="dxschldrx4" type="string">
      <column length="2" name="DXSCHLDRX4"/>
    </property>
    <property name="dyxwk" type="string">
      <column length="1" name="DYXWK"/>
    </property>
    <property name="tmxschldrxwk" type="string">
      <column length="5" name="TMXSCHLDRXWK"/>
    </property>
    <property name="dxctd" type="date">
      <column length="7" name="DXCTD"/>
    </property>
    <property name="bxctd" type="string">
      <column length="100" name="BXCTD"/>
    </property>
    <property name="dxmfdxlst" type="date">
      <column length="7" name="DXMFDXLST"/>
    </property>
    <property name="bxmfdxlst" type="string">
      <column length="100" name="BXMFDXLST"/>
    </property>
  </class>
</hibernate-mapping>
