<?xml version="1.0" encoding="UTF-8"?>
<!DOCTYPE hibernate-mapping PUBLIC "-//Hibernate/Hibernate Mapping DTD 3.0//EN" "http://hibernate.sourceforge.net/hibernate-mapping-3.0.dtd">
<!-- Generated Sep 27, 2010 11:57:53 AM by Hibernate Tools 3.2.1.GA -->
<hibernate-mapping>
  <class name="com.seeinfobiz.click.entitybean.Pxfrmxeml" table="PXFRMXEML">
    <id name="frmxemlxid" type="long">
      <column name="FRMXEMLXID" precision="20" scale="0"/>
      <generator class="increment"/>
    </id>
    <property name="frmxemlxname" type="string">
      <column length="50" name="FRMXEMLXNAME"/>
    </property>
    <property name="frmxemlxdesc" type="string">
      <column length="100" name="FRMXEMLXDES"/>
    </property>
    
  </class>
</hibernate-mapping>
