<?xml version="1.0" encoding="UTF-8"?>
<!DOCTYPE hibernate-mapping PUBLIC "-//Hibernate/Hibernate Mapping DTD 3.0//EN" "http://hibernate.sourceforge.net/hibernate-mapping-3.0.dtd">
<!-- Generated Sep 27, 2010 11:57:53 AM by Hibernate Tools 3.2.1.GA -->
<hibernate-mapping>
  <class lazy="false" name="com.seeinfobiz.click.entitybean.Pximplxm" table="PXIMPLXM">
    <id name="iximpl" type="long">
      <column name="IXIMPL" precision="20" scale="0"/>
      <generator class="increment"/>
    </id>
    <many-to-one cascade="all" class="com.seeinfobiz.click.entitybean.Pxmnxds" fetch="select" lazy="false" name="pxmnxds">
      <column name="IXMN" precision="20" scale="0"/>
    </many-to-one>
    <property name="nmximl" type="string">
      <column length="100" name="NMXIML"/>
    </property>
    <property name="dxctd" type="date">
      <column length="7" name="DXCTD"/>
    </property>
    <property name="bxctd" type="string">
      <column length="100" name="BXCTD"/>
    </property>
    <property name="dxmfdxlst" type="date">
      <column length="7" name="DXMFDXLST"/>
    </property>
    <property name="bxmfdxlst" type="string">
      <column length="100" name="BXMFDXLST"/>
    </property>
  </class>
</hibernate-mapping>
