<?xml version="1.0" encoding="UTF-8"?>
<!DOCTYPE hibernate-mapping PUBLIC "-//Hibernate/Hibernate Mapping DTD 3.0//EN" "http://hibernate.sourceforge.net/hibernate-mapping-3.0.dtd">
<!-- Generated Sep 27, 2010 11:57:53 AM by Hibernate Tools 3.2.1.GA -->
<hibernate-mapping>
  <class name="com.seeinfobiz.click.entitybean.Pxlnkxm" table="PXLNKXM">
    <id name="ixlnx" type="long">
      <column name="IXLNK" precision="20" scale="0"/>
      <generator class="increment"/>
    </id>
    <property name="lblxlnk" type="string">
      <column length="100" name="LBLXLNK"/>
    </property>
    <property name="urlxlcl" type="string">
      <column length="500" name="URLXLCL"/>
    </property>
    <property name="dxctd" type="date">
      <column length="7" name="DXCTD"/>
    </property>
    <property name="bxctd" type="string">
      <column length="100" name="BXCTD"/>
    </property>
    <property name="dxmfdxlst" type="date">
      <column length="7" name="DXMFDXLST"/>
    </property>
    <property name="bxmfdxlst" type="string">
      <column length="100" name="BXMFDXLST"/>
    </property>
  </class>
</hibernate-mapping>
