<?xml version="1.0" encoding="UTF-8"?>
<!DOCTYPE hibernate-mapping PUBLIC "-//Hibernate/Hibernate Mapping DTD 3.0//EN" "http://hibernate.sourceforge.net/hibernate-mapping-3.0.dtd">
<!-- Generated Apr 6, 2012 11:14:54 AM by Hibernate Tools 3.2.1.GA -->
<hibernate-mapping>
  <class name="com.seeinfobiz.click.entitybean.Pxmisxemxcmpxcst" table="PXMISXEMXCMPXCST">
    <id name="ixmis" type="long">
      <column name="IXMIS" precision="22" scale="0"/>
      <generator class="increment"/>
    </id>
    <many-to-one class="com.seeinfobiz.click.entitybean.Pxemxlstxmst" fetch="select" lazy="false" name="pxemxlstxmst">
      <column name="IXLSTXFLE" precision="22" scale="0"/>
    </many-to-one>
    <property name="emlxcs" type="string">
      <column length="4000" name="EMLXCS"/>
    </property>
    <property name="nmxcs" type="string">
      <column length="4000" name="NMXCS"/>
    </property>
    <property name="reasonxmis" type="string">
      <column length="4000" name="REASONXMIS"/>
    </property>
    <property name="col1xmis" type="string">
      <column length="4000" name="COL1XMIS"/>
    </property>
    <property name="col2xmis" type="string">
      <column length="4000" name="COL2XMIS"/>
    </property>
  </class>
</hibernate-mapping>
