<?xml version="1.0" encoding="UTF-8"?>
<!DOCTYPE hibernate-mapping PUBLIC "-//Hibernate/Hibernate Mapping DTD 3.0//EN" "http://hibernate.sourceforge.net/hibernate-mapping-3.0.dtd">
<!-- Generated Sep 27, 2010 11:57:53 AM by Hibernate Tools 3.2.1.GA -->
<hibernate-mapping>
  <class lazy="false" name="com.seeinfobiz.click.entitybean.Pxmnxds" table="PXMNXDS">
    <id name="ixmnu" type="long">
      <column name="IXMNU" precision="20" scale="0"/>
      <generator class="increment"/>
    </id>
    <property name="nmxmn" type="string">
      <column length="100" name="NMXMN"/>
    </property>
    <property name="urlxmn" type="string">
      <column length="200" name="URLXMN"/>
    </property>
    <property name="ixprntxmn" type="string">
      <column length="50" name="IXPRNTXMN"/>
    </property>
    <property name="tltpxmn" type="string">
      <column length="100" name="TLTPXMN"/>
    </property>
    <property name="orxmn" type="string">
      <column length="20" name="ORXMN"/>
    </property>
    <property name="nmxdpyxmn" type="string">
      <column length="100" name="NMXDPYXMN"/>
    </property>
    <property name="dxctd" type="date">
      <column length="7" name="DXCTD"/>
    </property>
    <property name="bxctd" type="string">
      <column length="100" name="BXCTD"/>
    </property>
    <property name="dxmfdxlst" type="date">
      <column length="7" name="DXMFDXLST"/>
    </property>
    <property name="bxmfdxlst" type="string">
      <column length="100" name="BXMFDXLST"/>
    </property>
    <set inverse="true" name="pxacnxnms">
      <key>
        <column name="IXMN" precision="20" scale="0"/>
      </key>
      <one-to-many class="com.seeinfobiz.click.entitybean.Pxacnxnm"/>
    </set>
    <set inverse="true" name="pximplxms">
      <key>
        <column name="IXMN" precision="20" scale="0"/>
      </key>
      <one-to-many class="com.seeinfobiz.click.entitybean.Pximplxm"/>
    </set>
  </class>
</hibernate-mapping>
