<?xml version="1.0" encoding="UTF-8"?>
<!DOCTYPE hibernate-mapping PUBLIC "-//Hibernate/Hibernate Mapping DTD 3.0//EN" "http://hibernate.sourceforge.net/hibernate-mapping-3.0.dtd">
<!-- Generated Sep 27, 2010 11:57:53 AM by Hibernate Tools 3.2.1.GA -->
<hibernate-mapping>
  <class name="com.seeinfobiz.click.entitybean.Pxmtxrlxm" table="PXMTXRLXM">
    <id name="ixrlxm" type="long">
      <column name="IXRLXM" precision="20" scale="0"/>
      <generator class="increment"/>
    </id>
    <many-to-one cascade="all" class="com.seeinfobiz.click.entitybean.Pxprdctxm" fetch="select" lazy="false" name="pxprdctxm">
      <column name="IXPRDT" precision="20" scale="0"/>
    </many-to-one>
    <property name="nmxrlxm" type="string">
      <column length="100" name="NMXRLXM"/>
    </property>
    <property name="ixst" type="long">
      <column name="IXST" precision="20" scale="0"/>
    </property>
    <property name="fxstts" type="string">
      <column length="2" name="FXSTTS" not-null="true"/>
    </property>
    <property name="rmxmkr" type="string">
      <column length="1000" name="RMXMKR"/>
    </property>
    <property name="rmxaprvl" type="string">
      <column length="1000" name="RMXAPRVL"/>
    </property>
    <property name="rmxchkrs" type="string">
      <column length="1000" name="RMXCHKRS"/>
    </property>
    <property name="pmtrxqry" type="string">
      <column length="4000" name="PMTRXQRY"/>
    </property>
    <property name="crtxsrvngxad" type="string">
      <column length="2" name="CRTXSRVNGXAD" not-null="true"/>
    </property>
    <property name="sltsxmxtot" type="java.lang.Long">
      <column name="SLTSXMXTOT" precision="10" scale="0"/>
    </property>
    <property name="dxctd" type="timestamp">
      <column length="7" name="DXCTD"/>
    </property>
    <property name="bxctd" type="string">
      <column length="100" name="BXCTD"/>
    </property>
    <property name="dxmfdxlst" type="timestamp">
      <column length="7" name="DXMFDXLST"/>
    </property>
    <property name="bxmfdxlst" type="string">
      <column length="100" name="BXMFDXLST"/>
    </property>
    <property name="ixdpt" type="long">
      <column name="IXDPT" precision="22" scale="0"/>
    </property>
    <set inverse="true" name="pxmtxrlxgrpxlnks">
      <key>
        <column name="IXRLXM" not-null="true" precision="20" scale="0"/>
      </key>
      <one-to-many class="com.seeinfobiz.click.entitybean.Pxmtxrlxgrpxlnk"/>
    </set>
    <set inverse="true" name="pxmtxrlxdtlses">
      <key>
        <column name="IXRLXM" precision="20" scale="0"/>
      </key>
      <one-to-many class="com.seeinfobiz.click.entitybean.Pxmtxrlxdtls"/>
    </set>
  </class>
</hibernate-mapping>
