<?xml version="1.0" encoding="UTF-8"?>
<!DOCTYPE hibernate-mapping PUBLIC "-//Hibernate/Hibernate Mapping DTD 3.0//EN" "http://hibernate.sourceforge.net/hibernate-mapping-3.0.dtd">
<!-- Generated Sep 27, 2010 11:57:53 AM by Hibernate Tools 3.2.1.GA -->
<hibernate-mapping>
  <class name="com.seeinfobiz.click.entitybean.Pxmtxrlxgrpxlnk" table="PXMTXRLXGRPXLNK">
    <id name="ixmkxrlxgrpxlnk" type="long">
      <column name="IXMKXRLXGRPXLNK" precision="22" scale="0"/>
      <generator class="increment"/>
    </id>
    <many-to-one class="com.seeinfobiz.click.entitybean.Pxmtxrlxm" fetch="select" lazy="false" name="pxmtxrlxm">
      <column name="IXRLXM" not-null="true" precision="20" scale="0"/>
    </many-to-one>
    <many-to-one cascade="all" class="com.seeinfobiz.click.entitybean.Pxmtxgrpxm" fetch="select" lazy="false" name="pxmtxgrpxm">
      <column name="IXGRPXM" not-null="true" precision="20" scale="0"/>
    </many-to-one>
    <property name="prrty" type="string">
      <column name="PRRTY" not-null="true" precision="2" scale="0"/>
    </property>
    <property name="noxofxcustxsafy" type="long">
      <column name="NOXOFXCUSTXSAFY" precision="22" scale="0"/>
    </property>
    <property name="dxctd" type="timestamp">
      <column length="7" name="DXCTD"/>
    </property>
    <property name="bxctd" type="string">
      <column length="100" name="BXCTD"/>
    </property>
    <property name="dxmfdxlst" type="timestamp">
      <column length="7" name="DXMFDXLST"/>
    </property>
    <property name="bxmfdxlst" type="string">
      <column length="100" name="BXMFDXLST"/>
    </property>
  </class>
</hibernate-mapping>
