<?xml version="1.0" encoding="UTF-8"?>
<!DOCTYPE hibernate-mapping PUBLIC "-//Hibernate/Hibernate Mapping DTD 3.0//EN" "http://hibernate.sourceforge.net/hibernate-mapping-3.0.dtd">
<!-- Generated Sep 27, 2010 11:57:53 AM by Hibernate Tools 3.2.1.GA -->
<hibernate-mapping>
  <class name="com.seeinfobiz.click.entitybean.Pxmtxgrpxm" table="PXMTXGRPXM">
    <id name="ixgrpxm" type="long">
      <column name="IXGRPXM" precision="20" scale="0"/>
      <generator class="increment"/>
    </id>
    <many-to-one class="com.seeinfobiz.click.entitybean.Pxprdctxm" fetch="select" lazy="false" name="pxprdctxm">
      <column name="IXPRDT" precision="20" scale="0"/>
    </many-to-one>
    <property name="nmxgrpxm" type="string">
      <column length="100" name="NMXGRPXM"/>
    </property>
    <property name="rmksxaprvl" type="string">
      <column length="1000" name="RMKSXAPRVL"/>
    </property>
    <property name="toxval" type="date">
      <column length="7" name="TOXVAL"/>
    </property>
    <property name="frmxval" type="date">
      <column length="7" name="FRMXVAL"/>
    </property>
    <property name="dxctd" type="timestamp">
      <column length="7" name="DXCTD"/>
    </property>
    <property name="bxctd" type="string">
      <column length="100" name="BXCTD"/>
    </property>
    <property name="dxmfdxlst" type="timestamp">
      <column length="7" name="DXMFDXLST"/>
    </property>
    <property name="bxmfdxlst" type="string">
      <column length="100" name="BXMFDXLST"/>
    </property>
    <property name="ixdpt" type="long">
      <column name="IXDPT" precision="22" scale="0"/>
    </property>
    <set inverse="true" name="pxmtxrlxgrpxlnks">
      <key>
        <column name="IXGRPXM" not-null="true" precision="20" scale="0"/>
      </key>
      <one-to-many class="com.seeinfobiz.click.entitybean.Pxmtxrlxgrpxlnk"/>
    </set>
  </class>
</hibernate-mapping>
