<?xml version="1.0" encoding="UTF-8"?>
<!DOCTYPE hibernate-mapping PUBLIC "-//Hibernate/Hibernate Mapping DTD 3.0//EN" "http://hibernate.sourceforge.net/hibernate-mapping-3.0.dtd">
<!-- Generated Sep 27, 2010 11:57:53 AM by Hibernate Tools 3.2.1.GA -->
<hibernate-mapping>
  <class name="com.seeinfobiz.click.entitybean.Pxprdctxsla" table="PXPRDCTXSLA">
    <id name="ixslaxprdt" type="long">
      <column name="IXSLAXPRDT" precision="20" scale="0"/>
      <generator class="increment"/>
    </id>
    <many-to-one class="com.seeinfobiz.click.entitybean.Pxprdctxm" fetch="select" name="pxprdctxm">
      <column name="IXPRDT" precision="20" scale="0"/>
    </many-to-one>
    <property name="dxctd" type="date">
      <column length="7" name="DXCTD"/>
    </property>
    <property name="bxctd" type="string">
      <column length="100" name="BXCTD"/>
    </property>
    <property name="dxmfdxlst" type="date">
      <column length="7" name="DXMFDXLST"/>
    </property>
    <property name="bxmfdxlst" type="string">
      <column length="100" name="BXMFDXLST"/>
    </property>
    <property name="extnxdta" type="long">
      <column name="EXTNXDTA" precision="22" scale="0"/>
    </property>
    <property name="genxst" type="long">
      <column name="GENXST" precision="22" scale="0"/>
    </property>
    <property name="brdcstxdta" type="long">
      <column name="BRDCSTXDTA" precision="22" scale="0"/>
    </property>
  </class>
</hibernate-mapping>
