<?xml version="1.0" encoding="UTF-8"?>
<!DOCTYPE hibernate-mapping PUBLIC "-//Hibernate/Hibernate Mapping DTD 3.0//EN" "http://hibernate.sourceforge.net/hibernate-mapping-3.0.dtd">
<!-- Generated Apr 20, 2012 5:09:06 PM by Hibernate Tools 3.2.1.GA -->
<hibernate-mapping>
  <class name="com.seeinfobiz.click.entitybean.Pxprmxtmpt" table="PXPRMXTMPT">
    <id name="ixtmpt" type="long">
      <column name="IXTMPT" precision="22" scale="0"/>
      <generator class="increment"/>
    </id>
    <property name="nmxtmpt" type="string">
      <column length="200" name="NMXTMPT"/>
    </property>
    <property name="dtaxtmpt" type="string">
      <column length="4000" name="DTAXTMPT"/>
    </property>
    <property name="colxtmpt" type="string">
      <column length="100" name="COLXTMPT"/>
    </property>
  </class>
</hibernate-mapping>
