<?xml version="1.0" encoding="UTF-8"?>
<!DOCTYPE hibernate-mapping PUBLIC "-//Hibernate/Hibernate Mapping DTD 3.0//EN" "http://hibernate.sourceforge.net/hibernate-mapping-3.0.dtd">
<!-- Generated Nov 19, 2011 10:32:04 AM by Hibernate Tools 3.2.1.GA -->
<hibernate-mapping>
  <class name="com.seeinfobiz.click.entitybean.Pxprmxemlxshdlrxdtls" table="PXPRMXEMLXSHDLRXDTLS">
    <id name="ixprmxemlxshdlr" type="long">
      <column name="IXPRMXEMLXSHDLR" precision="20" scale="0"/>
      <generator class="increment"/>
    </id>
    <many-to-one cascade="all" class="com.seeinfobiz.click.entitybean.Pxprmxemlxm" fetch="select" lazy="false" name="pxprmxemlxm">
      <column name="IXPRM" precision="20" scale="0"/>
    </many-to-one>
    <property name="mntxschldrx1" type="string">
      <column length="2" name="MNTXSCHLDRX1"/>
    </property>
    <property name="dxschldrx1" type="string">
      <column length="2" name="DXSCHLDRX1"/>
    </property>
    <property name="mnthxschldrx2" type="string">
      <column length="2" name="MNTHXSCHLDRX2"/>
    </property>
    <property name="dxschldrx2" type="string">
      <column length="2" name="DXSCHLDRX2"/>
    </property>
    <property name="mnthxschldrx3" type="string">
      <column length="2" name="MNTHXSCHLDRX3"/>
    </property>
    <property name="dxschldrx3" type="string">
      <column length="2" name="DXSCHLDRX3"/>
    </property>
    <property name="mnthxschldrx4" type="string">
      <column length="2" name="MNTHXSCHLDRX4"/>
    </property>
    <property name="dxschldrx4" type="string">
      <column length="2" name="DXSCHLDRX4"/>
    </property>
    <property name="dyxwk" type="string">
      <column length="10" name="DYXWK"/>
    </property>
    <property name="tmxschldrxwk" type="string">
      <column length="20" name="TMXSCHLDRXWK"/>
    </property>
    <property name="dxctd" type="date">
      <column length="7" name="DXCTD"/>
    </property>
    <property name="bxctd" type="string">
      <column length="100" name="BXCTD"/>
    </property>
    <property name="dxmfdxlst" type="date">
      <column length="7" name="DXMFDXLST"/>
    </property>
    <property name="bxmfdxlst" type="string">
      <column length="100" name="BXMFDXLST"/>
    </property>
    <property name="mdexshdlr" type="string">
      <column length="2" name="MDEXSHDLR"/>
    </property>
  </class>
</hibernate-mapping>
