<?xml version="1.0" encoding="UTF-8"?>
<!DOCTYPE hibernate-mapping PUBLIC "-//Hibernate/Hibernate Mapping DTD 3.0//EN" "http://hibernate.sourceforge.net/hibernate-mapping-3.0.dtd">
<!-- Generated Sep 27, 2010 11:57:53 AM by Hibernate Tools 3.2.1.GA -->
<hibernate-mapping>
  <class name="com.seeinfobiz.click.entitybean.Pxrlxm" table="PXRLXM">
    <id name="ixrl" type="long">
      <column name="IXRL" precision="20" scale="0"/>
      <generator class="increment"/>
    </id>
    <property name="nmxrl" type="string">
      <column length="100" name="NMXRL"/>
    </property>
    <property name="dsxrl" type="string">
      <column length="100" name="DSXRL"/>
    </property>
    <property name="dxctd" type="date">
      <column length="7" name="DXCTD"/>
    </property>
    <property name="bxctd" type="string">
      <column length="100" name="BXCTD"/>
    </property>
    <property name="dxmfdxlst" type="date">
      <column length="7" name="DXMFDXLST"/>
    </property>
    <property name="bxmfdxlst" type="string">
      <column length="100" name="BXMFDXLST"/>
    </property>
    <property name="roletype" type="string">
      <column length="100" name="TYPEXRL"/>
    </property>
    <property name="staffuser" type="string">
      <column length="100" name="FLGXSTF"/>
    </property>
    <set inverse="true" name="pxusxrlxlnks">
      <key>
        <column name="IXRL" precision="20" scale="0"/>
      </key>
      <one-to-many class="com.seeinfobiz.click.entitybean.Pxusxrlxlnk"/>
    </set>
    <set inverse="true" name="pxrlxmnxlnks">
      <key>
        <column name="IXRL" precision="20" scale="0"/>
      </key>
      <one-to-many class="com.seeinfobiz.click.entitybean.Pxrlxmnxlnk"/>
    </set>
  </class>
</hibernate-mapping>
