<?xml version="1.0" encoding="UTF-8"?>
<!DOCTYPE hibernate-mapping PUBLIC "-//Hibernate/Hibernate Mapping DTD 3.0//EN" "http://hibernate.sourceforge.net/hibernate-mapping-3.0.dtd">
<!-- Generated Sep 27, 2010 11:57:53 AM by Hibernate Tools 3.2.1.GA -->
<hibernate-mapping>
  <class name="com.seeinfobiz.click.entitybean.Pxrlxmnxlnk" table="PXRLXMNXLNK">
    <id name="ixlnkxmnxrl" type="long">
      <column name="IXLNKXMNXRL" precision="20" scale="0"/>
      <generator class="increment"/>
    </id>
    <many-to-one class="com.seeinfobiz.click.entitybean.Pxrlxm" fetch="select" lazy="false" name="pxrlxm">
      <column name="IXRL" precision="20" scale="0"/>
    </many-to-one>
    <property name="ixmn" type="long">
      <column name="IXMN" precision="20" scale="0"/>
    </property>
    <property name="tskxmn" type="string">
      <column length="10" name="TSKXMN"/>
    </property>
    <property name="rgtxrl" type="string">
      <column length="10" name="RGTXRL"/>
    </property>
    <property name="dxctd" type="date">
      <column length="7" name="DXCTD"/>
    </property>
    <property name="bxctd" type="string">
      <column length="100" name="BXCTD"/>
    </property>
    <property name="dxmfdxlst" type="date">
      <column length="7" name="DXMFDXLST"/>
    </property>
    <property name="bxmfdxlst" type="string">
      <column length="100" name="BXMFDXLST"/>
    </property>
  </class>
</hibernate-mapping>
