<?xml version="1.0" encoding="UTF-8"?>
<!DOCTYPE hibernate-mapping PUBLIC "-//Hibernate/Hibernate Mapping DTD 3.0//EN" "http://hibernate.sourceforge.net/hibernate-mapping-3.0.dtd">
<!-- Generated Sep 4, 2012 3:37:46 PM by Hibernate Tools 3.2.1.GA -->
<hibernate-mapping>
  <class name="com.seeinfobiz.click.entitybean.Pxshdlrxabort" table="PXSHDLRXABORT">
    <id name="ixshdlrxabt" type="long">
      <column name="IXSHDLRXABT"/>
      <generator class="increment"/>
    </id>
    <property name="ixmxshdlr" type="long">
      <column name="IXMXSHDLR" not-null="true" precision="22" scale="0"/>
    </property>
    <property name="dtxabtxshdlrxabt" type="timestamp">
      <column name="DTXABTXSHDLRXABT" not-null="true"/>
    </property>
    <property name="sttsxshdlrxabt" type="string">
      <column name="STTSXSHDLRXABT"/>
    </property>
    <property name="rsnxshdlrxabt" type="string">
      <column name="RSNXSHDLRXABT"/>
    </property>
    <property name="abortedBy" type="string">
      <column name="ABORTED_BY"/>
    </property>
    <property name="ixtmexshdlr" type="string">
      <column length="10" name="IXTMEXSHDLR"/>
    </property>
  </class>
</hibernate-mapping>
