<?xml version="1.0" encoding="UTF-8"?>
<!DOCTYPE hibernate-mapping PUBLIC "-//Hibernate/Hibernate Mapping DTD 3.0//EN" "http://hibernate.sourceforge.net/hibernate-mapping-3.0.dtd">
<!-- Generated Oct 20, 2011 1:57:33 PM by Hibernate Tools 3.2.1.GA -->
<hibernate-mapping>
  <class name="com.seeinfobiz.click.entitybean.Pxsmsxcfg" table="Pxsmsxcfg">
    <id name="ixcfgxsms" type="long">
      <column name="ixcfgxsms" precision="20" scale="0"/>
      <generator class="increment"/>
    </id>
    <many-to-one cascade="none" class="com.seeinfobiz.click.entitybean.Pxprdctxm" fetch="select" lazy="false" name="ixprdt">
      <column name="ixprdt" precision="22" scale="0"/>
    </many-to-one>
    <property name="idxdoc" type="string">
      <column length="100" name="idxdoc"/>
    </property>
    <property name="nmxsmsxnm" type="string">
      <column length="60" name="nmxsmsxnm"/>
    </property>
    <property name="smsxmsg" type="string">
      <column length="500" name="smsxmsg"/>
    </property>
    <property name="rmrks" type="string">
      <column length="200" name="rmrks"/>
    </property>
    <property name="rmrkschekrs" type="string">
      <column length="200" name="rmrkschekrs"/>
    </property>
    <property name="flgxsms" type="string">
      <column length="2" name="flgxsms"/>
    </property>
    <property name="dxctd" type="date">
      <column length="7" name="DXCTD"/>
    </property>
    <property name="bxctd" type="string">
      <column length="100" name="BXCTD"/>
    </property>
    <property name="dxmfdxlst" type="date">
      <column length="7" name="DXMDFXLST"/>
    </property>
    <property name="bxmfdxlst" type="string">
      <column length="100" name="BXMFDXLST"/>
    </property>
  </class>
</hibernate-mapping>
