<?xml version="1.0" encoding="UTF-8"?>
<!DOCTYPE hibernate-mapping PUBLIC "-//Hibernate/Hibernate Mapping DTD 3.0//EN" "http://hibernate.sourceforge.net/hibernate-mapping-3.0.dtd">
<!-- Generated Sep 27, 2010 11:57:53 AM by Hibernate Tools 3.2.1.GA -->
<hibernate-mapping>
  <class name="com.seeinfobiz.click.entitybean.Pxstxarcvxtrn" table="PXSTXARCVXTRN">
    <id name="ixtrnsxarcv" type="big_decimal">
      <column name="IXTRNSXARCV" precision="20" scale="0"/>
      <generator class="assigned"/>
    </id>
    <many-to-one class="com.seeinfobiz.click.entitybean.Pxprdctxm" fetch="select" name="pxprdctxm">
      <column name="IXPRDT" precision="20" scale="0"/>
    </many-to-one>
    <property name="dtxarch" type="date">
      <column length="7" name="DTXARCH"/>
    </property>
    <property name="pdxarch" type="java.lang.Long">
      <column name="PDXARCH" precision="10" scale="0"/>
    </property>
    <property name="ptxflxarch" type="string">
      <column length="100" name="PTXFLXARCH"/>
    </property>
    <property name="dxctd" type="date">
      <column length="7" name="DXCTD"/>
    </property>
    <property name="bxctd" type="string">
      <column length="100" name="BXCTD"/>
    </property>
    <property name="dxmfdxlst" type="date">
      <column length="7" name="DXMFDXLST"/>
    </property>
    <property name="bxmfdxlst" type="string">
      <column length="100" name="BXMFDXLST"/>
    </property>
  </class>
</hibernate-mapping>
