<?xml version="1.0" encoding="UTF-8"?>
<!DOCTYPE hibernate-mapping PUBLIC "-//Hibernate/Hibernate Mapping DTD 3.0//EN" "http://hibernate.sourceforge.net/hibernate-mapping-3.0.dtd">
<!-- Generated Dec 11, 2010 10:46:47 AM by Hibernate Tools 3.2.1.GA -->
<hibernate-mapping>
  <class name="com.seeinfobiz.click.entitybean.Pxstxarcvxm" table="PXSTXARCVXM">
    <id name="ixrlxarcv" type="long">
      <column name="IXRLXARCV" precision="20" scale="0"/>
      <generator class="increment"/>
    </id>
    <many-to-one cascade="all" class="com.seeinfobiz.click.entitybean.Pxprdctxm" fetch="select" lazy="false" name="pxprdctxm">
      <column name="IXPRDT" precision="20" scale="0"/>
    </many-to-one>
    <property name="nmxrlxarcv" type="string">
      <column length="100" name="NMXRLXARCV"/>
    </property>
    <property name="mntsxfnxarcv" type="long">
      <column name="MNTSXFNXARCV" precision="20" scale="0"/>
    </property>
    <property name="ixprcs" type="long">
      <column name="IXPRCS" precision="20" scale="0"/>
    </property>
    <property name="rm" type="string">
      <column length="1000" name="RM"/>
    </property>
    <property name="dxctd" type="date">
      <column length="7" name="DXCTD"/>
    </property>
    <property name="bxctd" type="string">
      <column length="100" name="BXCTD"/>
    </property>
    <property name="dxmfdxlst" type="date">
      <column length="7" name="DXMFDXLST"/>
    </property>
    <property name="bxmfdxlst" type="string">
      <column length="100" name="BXMFDXLST"/>
    </property>
    <property name="lcxflxem" type="string">
      <column length="2000" name="LCXFLXEM"/>
    </property>
    <property name="arcxrarxfrmt" type="java.lang.Boolean">
      <column name="ARCXRARXFRMT" precision="1" scale="0"/>
    </property>
    <property name="arcxzipxfrmt" type="java.lang.Boolean">
      <column name="ARCXZIPXFRMT" precision="1" scale="0"/>
    </property>
    <property name="arcxflxnm" type="string">
      <column length="100" name="ARCXFLXNM"/>
    </property>
    <property name="sxsttuxs" type="string">
      <column length="300" name="SXSTTUXS"/>
    </property>
    <property name="ixdpt" type="long">
      <column name="IXDPT" precision="22" scale="0"/>
    </property>
    <set inverse="true" name="pxarcvxshdlrxms">
      <key>
        <column name="IXPRS" precision="20" scale="0"/>
      </key>
      <one-to-many class="com.seeinfobiz.click.entitybean.Pxarcvxshdlrxm"/>
    </set>
    <set inverse="true" name="pxstxarcvxdtlses">
      <key>
        <column name="IXRLXARCV" precision="20" scale="0"/>
      </key>
      <one-to-many class="com.seeinfobiz.click.entitybean.Pxstxarcvxdtls"/>
    </set>
  </class>
</hibernate-mapping>
