<?xml version="1.0" encoding="UTF-8"?>
<!DOCTYPE hibernate-mapping PUBLIC "-//Hibernate/Hibernate Mapping DTD 3.0//EN" "http://hibernate.sourceforge.net/hibernate-mapping-3.0.dtd">
<!-- Generated Oct 20, 2011 1:57:33 PM by Hibernate Tools 3.2.1.GA -->
<hibernate-mapping>
  <class name="com.seeinfobiz.click.entitybean.Pxtemplatexpriorityxm" table="MASTER_PRTY_TMPLT">
    <id name="templxu" type="long">
      <column name="TEMP_SERIAL_NO" precision="20" scale="0"/>
      <generator class="increment"/>
    </id>
    <property name="docxId" type="long">
      <column name="TEMPLATE_ID" precision="20" scale="0"/>
    </property>
    <property name="nmxtemplate" type="string">
      <column length="100" name="TEMPLATE_NAME"/>
    </property>
    <property name="nmxprdt" type="string">
      <column length="100" name="PRODUCT_NAME"/>
    </property>
    <property name="templxdept" type="string">
      <column length="100" name="TEMPLATE_DEPT"/>
    </property>
    <property name="modextempl" type="string">
      <column length="100" name="MODE_TEMPLATE"/>
    </property>
    <property name="xpriorxity" type="long">
      <column name="PRIORITY" precision="20" scale="0"/>
    </property>
    <property name="stts" type="string">
      <column length="30" name="STATUS"/>
    </property>
    <property name="xclicksx" type="long">
      <column name="CLICKS" precision="20" scale="0"/>
    </property>
    <property name="insrtxdate" type="date">
      <column length="7" name="INSERT_DATE"/>
    </property>
    <property name="dxctd" type="date">
      <column length="7" name="DXCTD"/>
    </property>
    <property name="bxctd" type="string">
      <column length="100" name="BXCTD"/>
    </property>
    <property name="dxmfdxlst" type="date">
      <column length="7" name="DXMDFXLST"/>
    </property>
    <property name="bxmfdxlst" type="string">
      <column length="100" name="BXMFDXLST"/>
    </property>
  </class>
</hibernate-mapping>
