<?xml version="1.0" encoding="UTF-8"?>
<!DOCTYPE hibernate-mapping PUBLIC "-//Hibernate/Hibernate Mapping DTD 3.0//EN" "http://hibernate.sourceforge.net/hibernate-mapping-3.0.dtd">
<!-- Generated Sep 27, 2010 11:57:53 AM by Hibernate Tools 3.2.1.GA -->
<hibernate-mapping>
  <class name="com.seeinfobiz.click.entitybean.Pxusrxtmpxrgtxm" table="PXUSRXTMPXRGTXM">
    <id name="ixtmpxu" type="long">
      <column name="IXTMPXU" precision="20" scale="0"/>
      <generator class="increment"/>
    </id>
    <many-to-one class="com.seeinfobiz.click.entitybean.Pxusrxm" fetch="select" lazy="false" name="pxusrxm">
      <column name="IXU" precision="20" scale="0"/>
    </many-to-one>
    <property name="dxstxtmp" type="date">
      <column length="7" name="DXSTXTMP"/>
    </property>
    <property name="dxedxtmp" type="date">
      <column length="7" name="DXEDXTMP"/>
    </property>
    <property name="dxctd" type="date">
      <column length="7" name="DXCTD"/>
    </property>
    <property name="bxctd" type="string">
      <column length="100" name="BXCTD"/>
    </property>
    <property name="dxmfdxlst" type="date">
      <column length="7" name="DXMFDXLST"/>
    </property>
    <property name="bxmfdxlst" type="string">
      <column length="100" name="BXMFDXLST"/>
    </property>
    <set inverse="true" name="pxusrxtmpxrgtxdtls">
      <key>
        <column name="IXTMPXU" precision="20" scale="0"/>
      </key>
      <one-to-many class="com.seeinfobiz.click.entitybean.Pxusrxtmpxrgtxdtl"/>
    </set>
  </class>
</hibernate-mapping>
