<?xml version="1.0" encoding="UTF-8"?>
<!DOCTYPE hibernate-mapping PUBLIC "-//Hibernate/Hibernate Mapping DTD 3.0//EN" "http://hibernate.sourceforge.net/hibernate-mapping-3.0.dtd">
<!-- Generated Sep 27, 2010 11:57:53 AM by Hibernate Tools 3.2.1.GA -->
<hibernate-mapping>
  <class name="com.seeinfobiz.click.entitybean.Pxusrxtmpxrgtxdtl" table="PXUSRXTMPXRGTXDTL">
    <id name="ixtmpxuxdtl" type="long">
      <column name="IXTMPXUXDTL" precision="20" scale="0"/>
      <generator class="increment"/>
    </id>
    <many-to-one cascade="all" class="com.seeinfobiz.click.entitybean.Pxusrxtmpxrgtxm" fetch="select" lazy="false" name="pxusrxtmpxrgtxm">
      <column name="IXTMPXU" precision="20" scale="0"/>
    </many-to-one>
    <property name="ixmnu" type="long">
      <column name="IXMNU" precision="20" scale="0"/>
    </property>
    <property name="axsxrghtxtmp" type="string">
      <column length="100" name="AXSXRGHTXTMP"/>
    </property>
    <property name="dxctd" type="date">
      <column length="7" name="DXCTD"/>
    </property>
    <property name="bxctd" type="string">
      <column length="100" name="BXCTD"/>
    </property>
    <property name="dxmfdxlst" type="date">
      <column length="7" name="DXMFDXLST"/>
    </property>
    <property name="bxmfdxlst" type="string">
      <column length="100" name="BXMFDXLST"/>
    </property>
  </class>
</hibernate-mapping>
