<?xml version="1.0" encoding="UTF-8"?>
<!DOCTYPE hibernate-mapping PUBLIC "-//Hibernate/Hibernate Mapping DTD 3.0//EN" "http://hibernate.sourceforge.net/hibernate-mapping-3.0.dtd">
<!-- Generated Dec 9, 2011 10:58:43 AM by Hibernate Tools 3.2.1.GA -->
<hibernate-mapping>
  <class name="com.seeinfobiz.click.entitybean.Pxwzrdxdtls" table="PXWZRDXDTLS">
    <id name="prdId" type="long">
      <column name="PRD_ID" precision="20" scale="0"/>
      <generator class="assigned"/>
    </id>
    <property name="step1" type="string">
      <column length="4000" name="STEP_1"/>
    </property>
    <property name="step2" type="string">
      <column length="4000" name="STEP_2"/>
    </property>
    <property name="step3" type="string">
      <column length="4000" name="STEP_3"/>
    </property>
    <property name="step4" type="string">
      <column length="4000" name="STEP_4"/>
    </property>
    <property name="step5" type="string">
      <column length="4000" name="STEP_5"/>
    </property>
    <property name="step6" type="string">
      <column length="4000" name="STEP_6"/>
    </property>
    <property name="step7" type="string">
      <column length="4000" name="STEP_7"/>
    </property>
    <property name="step8" type="string">
      <column length="4000" name="STEP_8"/>
    </property>
    <property name="step9" type="string">
      <column length="4000" name="STEP_9"/>
    </property>
    <property name="step10" type="string">
      <column length="4000" name="STEP_10"/>
    </property>
    <property name="step11" type="string">
      <column length="4000" name="STEP_11"/>
    </property>
    <property name="step12" type="string">
      <column length="4000" name="STEP_12"/>
    </property>
    <property name="step13" type="string">
      <column length="4000" name="STEP_13"/>
    </property>
  </class>
</hibernate-mapping>
