<?xml version="1.0" encoding="UTF-8"?>

<!--
    Document   : emailCampaign.xml
    Created on : March 22, 2012, 10:55 AM
    Author     : Sagar
    Description:
        Purpose of the document follows.
-->

<!DOCTYPE struts PUBLIC
"-//Apache Software Foundation//DTD Struts Configuration 2.0//EN"
"http://struts.apache.org/dtds/struts-2.0.dtd">

<struts>
    <package name="emailCampaign" namespace="/clickpss" extends="Session">
        <default-interceptor-ref name="myStack" />
        <action name="uploadCampaignFile" class="emailCmpId">
            <result name="success">/views/EmailCampaign/UploadDataFile.jsp</result>
        </action>
        <action name="cmpRoiReport" class="emailCmpId" method="getReportData">
            <result name="success">/views/EmailCampaign/ROIReport.jsp</result>
        </action>
        <action name="cmpListAction" class="emailCmpId" method="getReportData">
            <result name="success">/views/EmailCampaign/sendCampaignMail.jsp</result>
        </action>
        <action name="cmpRepoFile" class="emailCmpId" method="getReportData">
            <result name="success">/views/EmailCampaign/ROIReport.jsp</result>
        </action>
         <action name="uploadReportFileAction" class="emailCmpId" method="getReportFileData">
            <result name="success">/views/EmailCampaign/ROIReport.jsp</result>
        </action>
        <action name="uploadDataFileAction" class="emailCmpId" method="uploadDataFile">
            <result name="success">/views/EmailCampaign/UploadedDataSummary.jsp</result>
            <result name="error">/views/EmailCampaign/UploadDataFile.jsp</result>
        </action>
         <action name="uploadDataDirectAction" class="emailCmpId" method="uploadDataDirect">
            <result name="success">/views/EmailCampaign/UploadedDataSummary.jsp</result>
            <result name="error">/views/EmailCampaign/UploadDataFile.jsp</result>
        </action>
        <action name="viewUploadSummary" class="emailCmpId" method="viewDataSummary">
            <result name="success">/views/EmailCampaign/UploadedDataSummary.jsp</result>
        </action>

        <action name="marketting_cmp_email" class="emailCmpId" method="getPromotionalEmailDetails">
            <result name="SUCCESSM" >/views/EmailCampaign/email_markting_view.jsp</result>
            <result name="SUCCESSC" >/views/EmailCampaign/email_reworkview.jsp</result>
            <result name="error" >/views/EmailCampaign/email_markting_view.jsp</result>
        </action>
        <action name="addCmpEmail" class="emailCmpId" method="addPromotionalEmailDetails">
            <result name="success" >/views/EmailCampaign/EmailCmpMaker</result>
        </action>
        <action name="checkCmpEmlQueryAction" class="emailCmpId" method="validatePromoEmailRule">
            <result>/views/markting/BusinessPromo/validateRule.jsp</result>
        </action>
        <action name="saveCmpEmail" class="emailCmpId" method="savePromotionalEmailDetailsNew">
            <result name="success" >/views/EmailCampaign/email_markting_view.jsp</result>
            <result name="error" >/views/EmailCampaign/EmailCmpMaker</result>
            <result name="duplicateRule" >/views/EmailCampaign/EmailCmpMaker</result>
        </action>
        <action name="cancelAddCmp" class="emailCmpId" method="cancelAddPrmEmail">
            <result name="success" >/views/EmailCampaign/email_markting_view.jsp</result>
            <result name="SUCCESSM" >/views/EmailCampaign/email_markting_view.jsp</result>
            <result name="SUCCESSC" >/views/EmailCampaign/email_reworkview.jsp</result>
        </action>
        <action name="getUserForUpdateEmailActionCmp" class="emailCmpId" method="getDataForUpdatePrmEmail">
            <result name="success" >/views/EmailCampaign/EmailCmpMaker</result>
        </action>
        <action name="UpdateEmailActioncancelAddCmpEmail" class="emailCmpId" method="updatePrmEmailNew">
            <result name="success" >/views/EmailCampaign/email_markting_view.jsp</result>
            <result name="error" >/views/EmailCampaign/EmailCmpMaker</result>
        </action>
        <action name="findCmpEmlRuleStatusAction" class="emailCmpId" method="searchDatewisePrmEmail">
            <result name="SUCCESSM" >/views/EmailCampaign/email_markting_view.jsp</result>
            <result name="SUCCESSC" >/views/EmailCampaign/email_reworkview.jsp</result>
            <result name="error" >/views/EmailCampaign/email_reworkview.jsp</result>
            <result name="success" >/views/EmailCampaign/email_markting_view.jsp</result>
        </action>
        <action name="deleteCmpEmail" class="emailCmpId" method="deletePromotionalEmailDetails">
            <result name="success" >/views/EmailCampaign/email_markting_view.jsp</result>
            <result name="error" >/views/EmailCampaign/email_markting_view.jsp</result>
        </action>
        <action name="searchCmpEmlRuleAction" class="emailCmpId" method="searchPrmEmlRule">
            <result name="SUCCESSM" >/views/EmailCampaign/email_markting_view.jsp</result>
            <result name="SUCCESSC" >/views/EmailCampaign/email_reworkview.jsp</result>
            <result name="error" >/views/EmailCampaign/email_markting_view.jsp</result>
            <result name="ERRORM" >/views/EmailCampaign/email_markting_view.jsp</result>
            <result name="ERRORC" >/views/EmailCampaign/email_reworkview.jsp</result>
            <result name="success" >/views/EmailCampaign/email_markting_view.jsp</result>
        </action>
        <action name="resetCmpEmlRuleRuleAction" class="emailCmpId" method="resetPrmEmlRuleRule">
            <result name="success" >/views/EmailCampaign/email_reworkview.jsp</result>
            <result name="SUCCESSM" >/views/EmailCampaign/email_markting_view.jsp</result>
            <result name="SUCCESSC" >/views/EmailCampaign/email_reworkview.jsp</result>
        </action>
        <!-- Action for sending the Test MAIL -->

        <action name="sendTestMailCmp" class="emailCmpId" method="sendMail">
            <result name="success" >/views/EmailCampaign/email_reworkview.jsp</result>
            <result name="SUCCESSM" >/views/EmailCampaign/email_markting_view.jsp</result>
            <result name="SUCCESSC" >/views/EmailCampaign/email_reworkview.jsp</result>
        </action>

        <!-- Now we are writing action for the checker -->
        <action name="updateSatatusCmpEmail" class="emailCmpId" method="updatePrmEmlRule">
            <result name="success" >/views/EmailCampaign/email_reworkview.jsp</result>
            <result name="error" >/views/EmailCampaign/email_reworkview.jsp</result>
        </action>
        <action name="getPreviewCmp" class="emailCmpId" method="getPreviewEmail">
            <result>/views/EmailCampaign/promotionalemailPreview.jsp</result>
        </action>
        <action name="campaignEmailAction" class="emailCmpId" method="displayPromotionalEmail">
            <result>/views/EmailCampaign/email_markting_view.jsp</result>
        </action>
        <action name="campaignCheckerAction" class="emailCmpId" method="displayPromotionalEmail">
            <result>/views/EmailCampaign/email_reworkview.jsp</result>
        </action>
        <action name="getCmpEmailViewableAction" class="emailCmpId" method="getPrmEmailViewable">
            <result>/views/EmailCampaign/emailMarkettingViewable.jsp</result>
        </action>
        <action name="getCmpEmailViewableCheckerAction" class="emailCmpId" method="getPrmEmailViewable">
            <result>/views/EmailCampaign/emailMarkettingViewable.jsp</result>
        </action>

        <action name="newTestMailCmp" class="emailCmpId" method="sendMailNew">
            <result name="success" >/views/EmailCampaign/TestMailStatus.jsp</result>
             <result name="error" >/views/EmailCampaign/TestMailStatus.jsp</result>
        </action>
        <action name="getCmpMakerPreview" class="emailCmpId" method="getPrevMakerEmail">
            <result name="Success">/views/EmailCampaign/promotionalemailPreview_new.jsp</result>
            <result name="ERROR">/error/common.jsp</result>
        </action>
        <action name="getColListData1" class="emailCmpId" method="getListOfColoumns">
            <result>/views/EmailCampaign/EmailCmpMaker</result>
        </action>
        <action name="assignTitleAction" class="emailCmpId" method="getAndAssignTitles">
            <result>/views/EmailCampaign/assignLabel.jsp</result>
        </action>
        <action name="titleNamesAction" class="emailCmpId" method="getTitleNameList">
            <result>/views/EmailCampaign/sendCampaignMail.jsp</result>
        </action>
        <action name="showCustomersAction" class="emailCmpId" method="showCustomers">
            <result name="success">/views/EmailCampaign/sendCampaignMail.jsp</result>
        </action>
        <action name="sendCampaignToCustomers" class="emailCmpId" method="sendCampaign">
            <result name="success">/views/EmailCampaign/sendCampaignMail.jsp</result>
        </action>
        <action name="submitSelectedCustomers" class="emailCmpId" method="submitCustomerList">
            <result name="success">/views/EmailCampaign/sendCampaignMail.jsp</result>
        </action>
        
          <action name="loadExistQuery" class="emailCmpId" method="loadExistQuery">
             <result name="success">/views/EmailCampaign/UploadDataFile.jsp</result>
        </action>
    </package>
</struts>

