<?xml version="1.0" encoding="UTF-8" ?>
<!DOCTYPE struts PUBLIC
        "-//Apache Software Foundation//DTD Struts Configuration 2.0//EN"
        "http://struts.apache.org/dtds/struts-2.0.dtd">
<struts>
    <package name="addStatementMaker" namespace="/clickpss" extends="Session">
         <default-interceptor-ref name="myStack" />
        <action name="ActionStmtMaker" class="IDAddStmentMaker">
            <result name="success">/views/product/addstmt/addstmtview.jsp</result>
        </action>
        <action name="ActionaddStmtMaker" class="IDAddStmentMaker" method="addMaker">
            <result name="success">/views/product/addstmt/addstmt.jsp</result>
        </action>
        <action name="ActionSubmitMaker" class="IDAddStmentMaker" method="addStmt">
            <result name="success">/views/product/addstmt/addstmtview.jsp</result>
        </action>
        <action name="PreviewMaker" class="IDAddStmentMaker" method="preview">
            <result name="success">/views/product/addstmt/addstmt.jsp</result>
        </action>
        <action name="CancelMaker" class="IDAddStmentMaker" method="cancelMaker">
            <result name="success">/views/product/addstmt/addstmtview.jsp</result>
        </action>
    </package>
</struts>

