<?xml version="1.0" encoding="UTF-8" ?>

<!DOCTYPE struts PUBLIC
"-//Apache Software Foundation//DTD Struts Configuration 2.0//EN"
"http://struts.apache.org/dtds/struts-2.0.dtd">

<struts>
    <package name="adhocrequest" namespace="/clickpss" extends="Session">
        <default-interceptor-ref name="myStack" />

        <action name="getAdhocrequest" class="com.seeinfobiz.click.action.adhoc.AdhocController" method="getIndexPage">
            <result name="success">/views/adhoc/landingPage.jsp</result>
        </action>
        <action name="generateStmt" class="com.seeinfobiz.click.action.adhoc.AdhocController" method="generateSTMT">
            <result name="success">/views/adhoc/landingPage.jsp</result>
        </action>
        <action name="viewStmt" class="com.seeinfobiz.click.action.adhoc.AdhocController" method="viewStatements">
             <result name="success">/views/adhoc/getResult.jsp</result>
            <result name="viewsuccess" >/views/adhoc/PDFViewer.jsp</result>       
            <result name="emailsuccess">/views/adhoc/getResult.jsp</result>
            <result name="error">/views/adhoc/getResult.jsp</result>
        </action>   
        
        <action name="viewChecker" class="com.seeinfobiz.click.action.adhoc.AdhocController" method="viewChecker">
             <result name="success">/views/adhoc/getResult.jsp</result>
            <result name="viewsuccess" >/views/adhoc/PDFViewer.jsp</result>           
            <result name="emailsuccess">/views/adhoc/getResult.jsp</result>
            <result name="error">/views/adhoc/getResult.jsp</result>
        </action>    
        
        <action name="addHocCheckerAction" class="com.seeinfobiz.click.action.adhoc.AdhocController" method="displayAddHoc">
            <result name="success">/views/adhoc/addhocChecker.jsp</result>
        </action> 
        <action name="addHocCheckerActions" class="com.seeinfobiz.click.action.adhoc.AdhocController" method="displayAddHocs">
            <result name="success">/views/adhoc/adhocviewer.jsp</result>
        </action> 
        <action name="findAdHocCheckStatusAction" class="com.seeinfobiz.click.action.adhoc.AdhocController" method="getAddStatementForPeriod">
            <result>/views/product/addstmt/addStatementChecker.jsp</result>
        </action>
        <action name="searchAdhocAction" class="com.seeinfobiz.click.action.adhoc.AdhocController" method="findStatement">
            <result name="CheckerSearch">/views/adhoc/addhocChecker.jsp</result>
        </action>
         <action name="resetAdStmtAction" class="com.seeinfobiz.click.action.adhoc.AdhocController" method="resetStatementSearch">
                <result name="CheckerSearchReset">/views/adhoc/addhocChecker.jsp</result>
        </action>
        <action name="getCheckerApprovedAdhocView" class="com.seeinfobiz.click.action.adhoc.AdhocController" method="getCheckerApprovedStmtDataToView">
            <result name="updateChecker">/views/adhoc/viewAddStatement.jsp</result>
        </action>
        <action name="getCheckerApprovedAdhocViews" class="com.seeinfobiz.click.action.adhoc.AdhocController" method="getCheckerApprovedStmtDataToViews">
            <result name="updateChecker">/views/adhoc/viewAddStatements.jsp</result>
        </action>

    </package>
</struts>

