<?xml version="1.0" encoding="UTF-8"?>
<!DOCTYPE struts PUBLIC
"-//Apache Software Foundation//DTD Struts Configuration 2.0//EN"
"http://struts.apache.org/dtds/struts-2.0.dtd">

<struts>
    <package name="viewsAdServGrp" namespace="/clickpss" extends="Session">
        <default-interceptor-ref name="myStack" />
       <interceptors>
            <interceptor name="temp" class="com.seeinfobiz.click.interceptors.AdServingGrpInterceptor"/>
        </interceptors>
        <action name="adServingGrpAction" class="adServingGrpBeanId" method="displayAdServingGroup">
            <result>/views/markting/BusinessPromo/adServingRuleGroup.jsp</result>
        </action>
        <action name="hitCreateAdServingGrpAction" class="adServingGrpBeanId" method="getAdServingGrpInputData">
            <result>/views/markting/BusinessPromo/createAdServingGroup.jsp</result>
        </action>
        <action name="createAdServingGrpAction" class="adServingGrpBeanId" method="addAdServingGroup">
            <result name="NewAdRuleGroup">/views/markting/BusinessPromo/setAdServingGroupPriority.jsp</result>
            <result name="SetAdServingRules" type="redirect">ListAdSeringRulesAction</result>
            <result name="AdServExists">/views/markting/BusinessPromo/createAdServingGroup.jsp</result>
        </action>
        <action name="ListAdSeringRulesAction" class="adServingGrpBeanId" method="getAdServingRules">
            <result>/views/markting/BusinessPromo/selectAdServingRules.jsp</result>
        </action>
        <action name="SetAdSeringPriorityAction" class="adServingGrpBeanId" method="setAdSrvingRulePriorities">
            <result name="GoTpPriorities">/views/markting/BusinessPromo/setAdServingGroupPriority.jsp</result>
            <!--result name="input">/views/markting/BusinessPromo/setAdServingGroupPriority.jsp</result-->
        </action>
        <action name="SaveAdServingPriority" class="adServingGrpBeanId" method="saveAdServingGroupPriority">
            <interceptor-ref name="temp"/>
            <interceptor-ref name="validation">
                <param name="excludeMethods">saveAdServingGroupPriority</param>
            </interceptor-ref>
            <result>/views/markting/BusinessPromo/adServingRuleGroup.jsp</result>
            <!--result name="input">/views/markting/BusinessPromo/adServingRuleGroup.jsp</result-->
        </action>
        <action name="deleteAdServingGrpAction" class="adServingGrpBeanId" method="deleteAdServingGroup">
            <result>/views/markting/BusinessPromo/adServingRuleGroup.jsp</result>
        </action>
        <action name="searchAdServingGrpAction" class="adServingGrpBeanId" method="findAdServingGroup">
            <result>/views/markting/BusinessPromo/adServingRuleGroup.jsp</result>
        </action>
        <action name="resetAdServingGrpAction" class="adServingGrpBeanId" method="resetAdServingGrpSearch">
            <result>/views/markting/BusinessPromo/adServingRuleGroup.jsp</result>
        </action>
        <action name="cancelAdServingGrpAction" class="adServingGrpBeanId" method="cancelAdServingGrpAdd">
            <result>/views/markting/BusinessPromo/adServingRuleGroup.jsp</result>
        </action>
    </package>
</struts>
