<?xml version="1.0" encoding="UTF-8"?>
<!DOCTYPE struts PUBLIC
"-//Apache Software Foundation//DTD Struts Configuration 2.0//EN"
"http://struts.apache.org/dtds/struts-2.0.dtd">

<struts>
    <package name="viewsAdServGrp" namespace="/clickpss" extends="Session">
        <default-interceptor-ref name="myStack" />
        <action name="adServingGrpAction" class="adServingGrpBeanId" method="displayAdServingGroup">
            <result>/views/markting/BusinessPromo/adServingGroup/adServinglRuleGroup.jsp</result>
        </action>
        <action name="hitCreateAdServingGrpAction" class="adServingGrpBeanId" method="getAdServingGrpInputData">
            <result>/views/markting/BusinessPromo/adServingGroup/createGroup.jsp</result>
        </action>
        <action name="addAdServingGrpAction" class="adServingGrpBeanId" method="addAdServingGroup">
            <result name="success">/views/markting/BusinessPromo/adServingGroup/adServinglRuleGroup.jsp</result>
             <result name="duplicateGroup" >/views/markting/BusinessPromo/adServingGroup/createGroup.jsp</result>
        </action>
        <action name="adServingRuleGroupAction" class="adServingGrpBeanId" method="getAdServingRuleGroup">
             <result>/views/markting/BusinessPromo/adServingGroup/createGroup.jsp</result>
        </action>
        <action name="getAdServingGroupUpdateAction" class="adServingGrpBeanId" method="getAdSerGrp">
            <result>/views/markting/BusinessPromo/adServingGroup/adServingEditGroup.jsp</result>
        </action>
        <action name="updateAdServingGroupAction" class="adServingGrpBeanId" method="updateGroupDate">
            <result>/views/markting/BusinessPromo/adServingGroup/adServinglRuleGroup.jsp</result>
            <result name="duplicateGroup" >/views/markting/BusinessPromo/adServingGroup/adServingEditGroup.jsp</result>
        </action>
        <action name="deleteAdServingGrpAction" class="adServingGrpBeanId" method="deleteAdServingGroup">
            <result>/views/markting/BusinessPromo/adServingGroup/adServinglRuleGroup.jsp</result>
        </action>
        <action name="searchAdServingGrpAction" class="adServingGrpBeanId" method="findAdServingGroup">
           <result>/views/markting/BusinessPromo/adServingGroup/adServinglRuleGroup.jsp</result>
        </action>
        <action name="resetAdServingGrpAction" class="adServingGrpBeanId" method="resetAdServingGrpSearch">
            <result>/views/markting/BusinessPromo/adServingGroup/adServinglRuleGroup.jsp</result>
        </action>
        <action name="cancelAdServingGrpAction" class="adServingGrpBeanId" method="cancelAdServingGrpAdd">
          <result>/views/markting/BusinessPromo/adServingGroup/adServinglRuleGroup.jsp</result>
        </action>
    </package>
</struts>
