<?xml version="1.0" encoding="UTF-8"?>

<!--
    Document   : adServing.xml
    Created on : November 3, 2010, 6:01 PM
    Author     : Administrator
    Description: Purpose of the document follows.
-->
<!DOCTYPE struts PUBLIC
"-//Apache Software Foundation//DTD Struts Configuration 2.0//EN"
"http://struts.apache.org/dtds/struts-2.0.dtd">

<struts>
    <package name="viewsAdServing" namespace="/clickpss" extends="Session">
        <default-interceptor-ref name="myStack" />
       <action name="adServingAction" class="adServingBeanId">
            <result>/views/markting/BusinessPromo/adServingMaker.jsp</result>
        </action>
        <action name="hitCreateAdServingAction" class="adServingBeanId" method="getAdServingInputData">
            <result>/views/markting/BusinessPromo/createAdServingRule.jsp</result>
        </action>
        <action name="populateStatementCombo" class="adServingBeanId" method="getProductStatements">
            <result>/views/markting/BusinessPromo/productStatementResult.jsp</result>
        </action>
        <action name="populateSlotsAction" class="adServingBeanId" method="getStatementSlots">
            <result>/views/markting/BusinessPromo/populateSlots.jsp</result>
        </action>
        <action name="createAdServingAction" class="adServingBeanId" method="addAdServingRule">
            <result name="success">/views/markting/BusinessPromo/adServingMaker.jsp</result>
            <result name="error">/views/markting/BusinessPromo/createAdServingRule.jsp</result>
        </action>
        <action name="deleteAdServingAction" class="adServingBeanId" method="deleteAdServing">
            <result>/views/markting/BusinessPromo/adServingMaker.jsp</result>
        </action>
        <action name="cancelAdServingAction" class="adServingBeanId" method="cancelAdServing">
            <result>/views/markting/BusinessPromo/adServingMaker.jsp</result>
        </action>

        <!-- Actions associated with AdServing Search - Start -->
        <action name="findAdServingStatusAction" class="adServingBeanId" method="getAdServingForPeriod">
            <result>/views/markting/BusinessPromo/adServingMaker.jsp</result>
        </action>
        <action name="findWAdServingAction" class="adServingBeanId" method="getAdServingForPeriod">
            <result>/views/markting/BusinessPromo/adServingChecker.jsp</result>
        </action>
        <action name="searchAdServingAction" class="adServingBeanId" method="findAdServing">
            <result name="MakerSearch">/views/markting/BusinessPromo/adServingMaker.jsp</result>
            <result name="CheckerSearch">/views/markting/BusinessPromo/adServingChecker.jsp</result>
        </action>
        <action name="resetAdServingAction" class="adServingBeanId" method="resetAdServingSearch">
            <result name="MakerSearchReset">/views/markting/BusinessPromo/adServingMaker.jsp</result>
            <result name="CheckerSearchReset">/views/markting/BusinessPromo/adServingChecker.jsp</result>
        </action>
        <!-- Actions associated with AdServing Search - End -->

        <!-- Actions associated with AdServing Update - Start -->
        <action name="getDataForUpdateAdServingAction" class="adServingBeanId" method="getDataForUpdateAdServing">
            <result name="updateMaker">/views/markting/BusinessPromo/createAdServingRule.jsp</result>
            <result name="updateChecker">/views/markting/BusinessPromo/createAdServingRule.jsp</result>
        </action>
        <action name="getDataForApprovedAdServingAction" class="adServingBeanId" method="getDataToViewApprovedAdServing">
            <result name="updateMaker">/views/markting/BusinessPromo/ViewAdServingRule.jsp</result>
            <result name="updateChecker">/views/markting/BusinessPromo/ViewAdServingRule.jsp</result>
        </action>
        <action name="getDataForRejectedAdServingAction" class="adServingBeanId" method="getDataToViewRejectedAdServing">
            <result name="updateMaker">/views/markting/BusinessPromo/ViewAdServingRule.jsp</result>
            <result name="updateChecker">/views/markting/BusinessPromo/ViewAdServingRule.jsp</result>
        </action>
        <action name="updateAdServingAction" class="adServingBeanId" method="updateAdServing">
            <result name="updateMaker">/views/markting/BusinessPromo/adServingMaker.jsp</result>
            <!--<result name="updateChecker">/views/markting/BusinessPromo/adServingChecker.jsp</result>-->
        </action>
        <!--update for checker - start-->
        <action name="updateAdServingRuleAction" class="adServingBeanId" method="updateAdServing">
            <!--<result name="updateMaker">/views/markting/BusinessPromo/adServingMaker.jsp</result>-->
            <result name="updateChecker">/views/markting/BusinessPromo/adServingChecker.jsp</result>
        </action>
        <!--update for checker - end-->
        <action name="cancelUpdateAdServingAction" class="adServingBeanId" method="cancelAdServing">
            <result name="updateMaker">/views/markting/BusinessPromo/adServingMaker.jsp</result>
            <result name="updateChecker">/views/markting/BusinessPromo/adServingChecker.jsp</result>
        </action>
        <!-- Actions associated with AdServing Update - End -->

        <action name="checkQueryAction" class="adServingBeanId" method="validateAdServingRule">
            <result>/views/markting/BusinessPromo/validateRule.jsp</result>
        </action>
        <action name="checkSuppressQueryAction" class="adServingBeanId" method="validateAdServingRule">
            <result>/views/markting/BusinessPromo/validateRule.jsp</result>
        </action>
        
        <!-- Actions associated with Checker - Start -->
        <action name="adServingCheckerAction" class="adServingBeanId">
            <result>/views/markting/BusinessPromo/adServingChecker.jsp</result>
        </action>
        <!--<action name="getAdServRuleDataForCheckerUpdateAction" class="adServingBeanId" method="getDataForUpdateAdServing">
            <result>/views/Operation/Email/editEmailRuleMaker.jsp</result>
        </action>
        <action name="updateEmlRuleAction" class="adServingBeanId" method="updateAdServing">
            <result>/views/Operation/Email/emailRuleChecker.jsp</result>
        </action>
        <action name="cancelUpdateAction" class="adServingBeanId" method="cancelAdServing">
            <result>/views/Operation/Email/emailRuleChecker.jsp</result>
        </action>-->
        <!-- Actions associated with Checker - End -->
    </package>
</struts>
