<?xml version="1.0" encoding="UTF-8" ?>
<!DOCTYPE struts PUBLIC
        "-//Apache Software Foundation//DTD Struts Configuration 2.0//EN"
        "http://struts.apache.org/dtds/struts-2.0.dtd">
<struts>
    <package name="addStatement" namespace="/clickpss" extends="Session">
        <default-interceptor-ref name="myStack" />
        <action name="addStatementAction" class="adStatementBeanId" method="displayAddStatement">
            <result>/views/product/addstmt/addStatementMaker.jsp</result>
        </action>
        <action name="addSuppression" class="adStatementBeanId" method="getAddPageLoad">
            <result>/views/product/addstmt/addStatementMaker.jsp</result>
        </action>
        
        <action name="hitCreateStmtAction" class="adStatementBeanId" method="getAdStatementInputData">
            <result>/views/product/addstmt/createAddStatement.jsp</result>
        </action>
        <action name="createStatementAction" class="adStatementBeanId" method="insertAdStatement">
            <result >/views/product/addstmt/addStatementMaker.jsp</result>
            <result name="input">/views/product/addstmt/createAddStatement.jsp</result>
        </action>
        <action name="getStmtDataForUpdateAction" class="adStatementBeanId" method="getStmtDataForUpdate">
            <result name="updateMaker">/views/product/addstmt/createAddStatement.jsp</result>
            <result name="updateChecker">/views/product/addstmt/createAddStatement.jsp</result>
        </action>
        <action name="getApprovedStatementView" class="adStatementBeanId" method="getApprovedStmtDataToView">
            <result name="updateMaker">/views/product/addstmt/viewAddStatement.jsp</result>
        </action>
        <action name="getCheckerApprovedStatementView" class="adStatementBeanId" method="getCheckerApprovedStmtDataToView">
            <result name="updateChecker">/views/product/addstmt/viewAddStatement.jsp</result>
        </action>
        <action name="getRejectedStatementView" class="adStatementBeanId" method="getRejectedStmtDataToView">
            <result name="updateMaker">/views/product/addstmt/viewAddStatement.jsp</result>
        </action>
        <action name="updateStatementAction" class="adStatementBeanId" method="updateAdStatement">
            <result name="updateMaker">/views/product/addstmt/addStatementMaker.jsp</result>
        </action>
        <action name="cancelUpdateStatementAction" class="adStatementBeanId" method="cancelUpdateAdStatement">
            <result name="MakerCancel">/views/product/addstmt/addStatementMaker.jsp</result>
            <result name="CheckerCancel">/views/product/addstmt/addStatementChecker.jsp</result>
        </action>
        <action name="findAdStmtStatusAction" class="adStatementBeanId" method="getAddStatementForPeriod">
            <result>/views/product/addstmt/addStatementMaker.jsp</result>
        </action>
        
        <action name="searchAdStmtAction" class="adStatementBeanId" method="findStatement">
            <result name="MakerSearch">/views/product/addstmt/addStatementMaker.jsp</result>
            <result name="CheckerSearch">/views/product/addstmt/addStatementChecker.jsp</result>
        </action>
        <action name="resetAdStmtAction" class="adStatementBeanId" method="resetStatementSearch">
            <result name="MakerSearchReset">/views/product/addstmt/addStatementMaker.jsp</result>
            <result name="CheckerSearchReset">/views/product/addstmt/addStatementChecker.jsp</result>
        </action>
        
        <action name="cancelCreateStatementAction" class="adStatementBeanId" method="cancelInsertAdStatement">
            <result>/views/product/addstmt/addStatementMaker.jsp</result>
        </action>
        <action name="deleteAdStatementAction" class="adStatementBeanId" method="deleteAddStatement">
            <result>/views/product/addstmt/addStatementMaker.jsp</result>
        </action>
        <!--Statement Checker ActionMappings -->
        <action name="addStmtCheckerAction" class="adStatementBeanId" method="displayAddStatement">
            <result>/views/product/addstmt/addStatementChecker.jsp</result>
        </action>
        <action name="updateAdStatementAction" class="adStatementBeanId" method="updateAdStatement">
            <result>/views/product/addstmt/addStatementChecker.jsp</result>
            <result name="updateChecker">/views/product/addstmt/addStatementChecker.jsp</result>
            <result name="input">/views/product/addstmt/createAddStatement.jsp</result>
        </action>
        <action name="findAdStmtCheckStatusAction" class="adStatementBeanId" method="getAddStatementForPeriod">
            <result>/views/product/addstmt/addStatementChecker.jsp</result>
        </action>
    </package>
</struts>

