<?xml version="1.0" encoding="UTF-8"?>
<!DOCTYPE struts PUBLIC
"-//Apache Software Foundation//DTD Struts Configuration 2.0//EN"
"http://struts.apache.org/dtds/struts-2.0.dtd">
<!--
    Document   : alertCampaign.xml
    Created on : June 28, 2013, 12:49 PMregisterAlertAction
    Author     : arjun.yadav
    Description:
        Purpose of the document follows.
-->

<struts>
    <package name="viewsAlertCampaign" namespace="/clickpss" extends="Session">
        <default-interceptor-ref name="myStack" />
        <action name="getUserMakerAction" class="alertBeanId" method="displayAlertRule" >
             <param name="path">M</param>
            <result name="success" >/views/alert/alertMaker.jsp</result>
        </action>
        <action name="registerAlertAction" class="alertBeanId" method="addAlertData">
            <result name="success">/views/alert/alertCampaign.jsp</result>
        </action>
        <action name="getRealBatch" class="alertBeanId" method="getAlertData">
            <result name="success">/views/alert/alertCampaign.jsp</result>
        </action>
        <action name="saveAlertDetailsAction" class="alertBeanId" method="getAlertDetails">
            <result name="success">/views/alert/alertMaker.jsp</result>
            <result name="error">/views/alert/alertCampaign.jsp</result>
        </action>
        <action name="getUserCheckerAction" class="alertBeanId" >
            <param name="path">C</param>
            <result name="success">/views/alert/alertRuleChecker.jsp</result>
        </action>
        <action name="alertRuleCheckAction" class="alertBeanId" method="getAlertDetailsList">
            <result name="success">/views/alert/alertRuleChecker.jsp</result>
        </action>
        <action name="getAlertVieableCheckerAction" class="alertBeanId" method="getAlertVieableAlertAction">
            <result name="success">/views/alert/viewAlertRuleDataChecker.jsp</result>
        </action>

        <action name="viewAlertAction" class="alertBeanId" method="getDateForViewAlert">
            <result name="success" >/views/alert/alertCampaign_ReWork.jsp</result>
        </action>

        <action name="getAlertVieableAction" class="alertBeanId" method="getAlertVieableAlertAction">
            <result name="success" >/views/alert/viewAlertRuleData.jsp</result>
        </action>


        <action name="sendToReworkAction" class="alertBeanId" method="getReworkData">
           <result name="SUCCESSM" >/views/alert/alertMaker.jsp</result>
            <result name="SUCCESSC" >/views/alert/alertRuleChecker.jsp</result>
        </action>
        <action name="cancelAction" class="alertBeanId" method="cancelAlertRule">
            <result name="SUCCESSM" >/views/alert/alertMaker.jsp</result>
            <result name="SUCCESSC" >/views/alert/alertRuleChecker.jsp</result>
        </action>

         <action name="cancelCheckerAction" class="alertBeanId" method="cancelCheckerAlertRule">
            <result name="success" >/views/alert/alertRuleChecker.jsp</result>
        </action>
        

        <action name="updateAlertRuleAction" class="alertBeanId" method="updateAlertRule">
            <result name="SUCCESSM" >/views/alert/alertMaker.jsp</result>
            <result name="SUCCESSC" >/views/alert/alertRuleChecker.jsp</result>
        </action>

        <action name="findAlertRuleStatusAction" class="alertBeanId" method="getAlertRuleStatus1">
            <result name="success" >/views/alert/alertRuleChecker.jsp</result>
        </action>
        
        <action name="apprvAlertRuleAction" class="alertBeanId" method="getAlertRuleStatus2">
            <result name="SUCCESSM" >/views/alert/alertMaker.jsp</result>
            <result name="SUCCESSC" >/views/alert/alertRuleChecker.jsp</result>
        </action>

       <action name="rejectAlertAction" class="alertBeanId" method="getAlertRejData">
            <result name="SUCCESSM" >/views/alert/alertMaker.jsp</result>
            <result name="SUCCESSC" >/views/alert/alertRuleChecker.jsp</result>
       </action>
      <action name="updateAction" class="alertBeanId" method="updateAlertData">
          <result name="success" >/views/alert/alertMaker.jsp</result>
      </action>

        <action name="findAlertRuleStatusAction" class="alertBeanId" method="displayAlertRuleDateWise">
            <result name="SUCCESSM" >/views/alert/alertMaker.jsp</result>
            <result name="SUCCESSC" >/views/alert/alertRuleChecker.jsp</result>
        </action>
          <action name="searchAlertEmlRuleAction" class="alertBeanId" method="searchAlertEmlRuleActionMeth">
            <result name="SUCCESSM" >/views/alert/alertMaker.jsp</result>
            <result name="SUCCESSC" >/views/alert/alertRuleChecker.jsp</result>
            <result name="ERRORM" >/views/alert/alertMaker.jsp</result>
        </action>

         <action name="resetAlertEmlRule" class="alertBeanId" method="resetAlertRuleRule">
            <result name="SUCCESSM" >/views/alert/alertMaker.jsp</result>
            <result name="SUCCESSC" >/views/alert/alertRuleChecker.jsp</result>
            <result name="ERRORM" >/views/alert/alertMaker.jsp</result>
        </action>

        
        
    </package>
</struts>
