<?xml version="1.0" encoding="UTF-8"?>
<!--<!DOCTYPE beans PUBLIC "-//SPRING//DTD BEAN//EN" "http://www.springframework.org/dtd/spring-beans.dtd">-->
<!DOCTYPE beans PUBLIC "-//SPRING//DTD BEAN 2.0//EN" "http://www.springframework.org/dtd/spring-beans-2.0.dtd">

<beans default-autowire="autodetect">
    <!-- add your spring beans here -->
    <!--    <bean class="weblogic.spring.monitoring.WeblogicSpringApplicationListener"/>-->
    <!-- Login Beans - Start-->
    
    <bean id="loginBeanId" class="com.seeinfobiz.click.action.login.LoginController" >
        <property name="loginService" ref="loginService"></property>
        <property name="menuTreeId" ref="menuTreeId"></property>
        <property name="searchManager" ref="searchManager"></property>
    </bean>
    
    <bean id="searchManager" class="com.seeinfobiz.click.util.SearchManager" >
        <property name="miscDAO" ref="miscDAO"></property>
    </bean>
    
    <bean id="loginService" class="com.seeinfobiz.click.service.login.LoginManager" >
        <property name="loginDAO" ref="loginDAOImpl"></property>
    </bean>

    <bean id="loginDAOImpl" class="com.seeinfobiz.click.daoImpl.login.LoginDAOImpl" >
        <property name="sessionFactory">
            <ref local="sessionFactory"/>
        </property>
    </bean>
    
    <bean id="miscDAO" class="com.seeinfobiz.click.util.MiscDAO" >
        <property name="sessionFactory">
            <ref local="sessionFactory"/>
        </property>
    </bean>

    <!-- Login Beans - End -->

    <!-- Module Beans - Start-->
    <bean id="menuBeanId" class="com.seeinfobiz.click.action.menus.MenuController" >
        <property name="menuService" ref="menuService"></property>
    </bean>
    
    <bean id="menuService" class="com.seeinfobiz.click.service.menus.MenuManager" >
        <property name="menuDAO" ref="menuDAOImpl"></property>
    </bean>
    
    <bean id="menuDAOImpl" class="com.seeinfobiz.click.daoImpl.menus.MenuDAOImpl" >
        <property name="sessionFactory">
            <ref local="sessionFactory"/>
        </property>
    </bean>
    <!-- Module Beans - End-->



<!--email integration start here -->
<!-- Email alias starts here  -->
    <bean id="emaiAliasAction" class="com.seeinfobiz.click.action.marketting.promotionalEmail.emailalias.EmaiAliasController">
        <property name="emailAliasManager" ref="emailAliasManager"/>
    </bean>
    <bean id="emailAliasManager" class="com.seeinfobiz.click.service.marketting.promotionalEmail.emailalias.EmailAliasManager">
        <property name="emailAliasDAOImpl" ref="emailAliasDAOImpl"/>
    </bean>
    <bean id="emailAliasDAOImpl" class="com.seeinfobiz.click.daoImpl.marketting.promotionalEmail.emailalias.EmailAliasDAOImpl">
        <property name="sessionFactory" ref="sessionFactory"/>
    </bean>
<!--  Email alias ends here -->
<!--  Email alias start here -->
    <bean id="fromEmailAction" class="com.seeinfobiz.click.action.marketting.promotionalEmail.fromEmail.FromEmailController">
        <property name="fromEmailManager" ref="fromEmailManager"/>
    </bean>
    <bean id="fromEmailManager" class="com.seeinfobiz.click.service.marketting.promotionalEmail.fromEmail.FromEmailManager">
        <property name="fromEmailDAOImpl" ref="fromEmailDAOImpl"/>
    </bean>
 <bean id="fromEmailDAOImpl" class="com.seeinfobiz.click.daoImpl.marketting.promotionalEmail.fromEmail.FromEmailDAOImpl">
        <property name="sessionFactory" ref="sessionFactory"/>
    </bean>
<!--  Email alias ends here -->

<!-- Campaign users starts here  -->
    <bean id="campaignUsersAction" class="com.seeinfobiz.click.action.marketting.promotionalEmail.campaignUsers.CampaignUsersController">
        <property name="campaignUsersManager" ref="campaignUsersManager"/>
    </bean>
    <bean id="campaignUsersManager" class="com.seeinfobiz.click.service.marketting.promotionalEmail.campaignUsers.CampaignUsersManager">
        <property name="campaignUsersDAOImpl" ref="campaignUsersDAOImpl"/>
    </bean>
    <bean id="campaignUsersDAOImpl" class="com.seeinfobiz.click.daoImpl.marketting.promotionalEmail.campaignUsers.CampaignUsersDAOImpl">
        <property name="sessionFactory" ref="sessionFactory"/>
    </bean>
<!--  Campaign users starts here -->

<!-- UserRights Start Here -->
    <bean id="userRightsBean" class="com.seeinfobiz.click.util.UserRights">
        <property name="userRightsDAOImpl" ref="userRightsDAOImpl" />
    </bean>
    <bean id="userRightsDAOImpl" class="com.seeinfobiz.click.daoImpl.UserRightsDAOImpl">
        <property name="sessionFactory" ref="sessionFactory" />
    </bean>
	<!-- UserRights End Here -->



    <!-- Alert Editor - Start -->
    <bean id="userMisReport" class="com.seeinfobiz.click.action.MISReport.MISReportController" >
        <property name="mISReportManager" ref="mISReportManager"></property>
    </bean>

    <bean id="mISReportManager" class="com.seeinfobiz.click.service.MISReport.MISReportManager" >
        <property name="mISReportDAoImpl" ref="mISReportDAoImpl"></property>
    </bean>

    <bean id="mISReportDAoImpl" class="com.seeinfobiz.click.daoImpl.MISReport.MISReportDAoImpl" >
        <property name="sessionFactory" ref="sessionFactory"></property>
    </bean>
    <!-- Alert Editor - End -->

    <!-- MenuTree  Beans - Start-->
    <bean id="menuTreeId" class="com.seeinfobiz.click.service.menus.MenuTreeManager" >
        <property name="tempRightDAOImpl" ref="tempRightDAO"></property>
        <property name="menuDAOImpl" ref="menuDAOImpl"></property>
    </bean>
    <!-- MenuTree Beans - End-->

    <!-- Locale Beans - Start-->
    <bean id="locale" class="com.seeinfobiz.click.action.locale.LocaleController" >
        <property name="localManager" ref="localManager"></property>
    </bean>
    <bean id="localManager" class="com.seeinfobiz.click.service.locale.LocalManager" >
        <property name="localeDAOImpl" ref="localeDAOImpl"></property>
    </bean>
    <bean id="localeDAOImpl" class="com.seeinfobiz.click.daoImpl.locale.LocaleDAOImpl" >
        <property name="sessionFactory">
            <ref local="sessionFactory"/>
        </property>
    </bean>
    <!-- Locale Beans - End-->


    <bean id="department" class="com.seeinfobiz.click.action.department.DepartmentController" >
        <property name="departmentManager" ref="departmentManager"></property>
    </bean>
    <bean id="departmentManager" class="com.seeinfobiz.click.service.department.DepartmentManager" >
        <property name="departmentDAOImpl" ref="departmentDAOImpl"></property>
    </bean>
    <bean id="departmentDAOImpl" class="com.seeinfobiz.click.daoImpl.department.DepartmentDAOImpl" >
        <property name="sessionFactory">
            <ref local="sessionFactory"/>
        </property>
    </bean>
<!-- Stalin R: Feb 9, 2011  Suppression Setup Beans - Start-->

    <bean id="suppression" class="com.seeinfobiz.click.action.suppression.SuppressionController" >
        <property name="suppressionManager" ref="suppressionManager"></property>
    </bean>
    <bean id="suppressionManager" class="com.seeinfobiz.click.service.suppression.SuppressionSetUpManager">
        <property name="suppressionDAOImpl" ref="suppressionDAOImpl"></property>
    </bean>
    <bean id="suppressionDAOImpl" class="com.seeinfobiz.click.daoImpl.suppression.SuppressionDAOImpl">
        <property name="sessionFactory">
            <ref local="sessionFactory"/>
        </property>
    </bean>

    <!-- Suppression Setup Beans - End -->

<!-- Stalin R: Aug 2, 2011  Link Master Beans - Start-->

    <bean id="addlinks" class="com.seeinfobiz.click.action.linkmaster.LinkMasterController" >
        <property name="linkMasterManager" ref="linkMasterManager"></property>
    </bean>
    <bean id="linkMasterManager" class="com.seeinfobiz.click.service.linkmaster.LinkMasterManager">
        <property name="linkMasterDAOImpl" ref="linkMasterDAOImpl"></property>
    </bean>
    <bean id="linkMasterDAOImpl" class="com.seeinfobiz.click.daoImpl.linkmaster.LinkMasterDAOImpl">
        <property name="sessionFactory">
            <ref local="sessionFactory"/>
        </property>
    </bean>

    <!-- Link Master Beans - End -->

    <!-- Stalin R: Aug 30, 2011  Image Master Beans - Start-->

    <bean id="addImages" class="com.seeinfobiz.click.action.imagemaster.ImageMasterController" >
        <property name="imageMasterManager" ref="imageMasterManager"></property>
    </bean>
    <bean id="imageMasterManager" class="com.seeinfobiz.click.service.imagemaster.ImageMasterManager">
        <property name="imageMasterDAOImpl" ref="imageMasterDAOImpl"></property>
    </bean>
    <bean id="imageMasterDAOImpl" class="com.seeinfobiz.click.daoImpl.imagemaster.ImageMasterDAOImpl">
        <property name="sessionFactory">
            <ref local="sessionFactory"/>
        </property>
    </bean>


    <!---ARRegistration-->
    <bean id="arRegistration" class="com.seeinfobiz.click.action.ar.ARRegistrationController">

    </bean>
    <bean id="arController" class="com.seeinfobiz.click.action.ar.ARController">
        <property name="arRegistrationManager" ref="arRegistrationManager"></property>
    </bean>
    <bean id="arRegistrationManager" class="com.seeinfobiz.click.service.ar.ARRegistrationManager">
        <property name="arRegistrationDAOImpl" ref="arRegistrationDAOImpl"></property>
    </bean>
   <bean id="arRegistrationDAOImpl" class="com.seeinfobiz.click.daoImpl.ar.ARRegistrationDAOImpl">
       <property name="sessionFactory" ref="sessionFactory"></property>
    </bean>
    <!---End AR-->

    <!-- Link Master Beans - End -->

 <!-- Delivery receipt Beans - begins -->
    <bean id="readAndDeliveryReceiptId" class="com.seeinfobiz.click.action.deliveryread.DeliveryReadReceiptController" >
        <property name="deliveryReadReceiptManager" ref="deliveryReadReceiptManager"></property>
    </bean>
    <bean id="deliveryReadReceiptManager" class="com.seeinfobiz.click.service.deliveryread.DeliveryReadReceiptManager">
        <property name="deliveryReadReceiptDAOImpl" ref="deliveryReadReceiptDAOImpl"></property>
    </bean>
    <bean id="deliveryReadReceiptDAOImpl" class="com.seeinfobiz.click.daoImpl.deliveryread.DeliveryReadReceiptDAOImpl">
        <property name="sessionFactory">
            <ref local="sessionFactory"/>
        </property>
    </bean>

   
<!-- Delivery receipt Beans - End -->


    <!--ImplementationSetup -->

    <bean id="ImplementationID" class="com.seeinfobiz.click.action.implementation.ImplementationSetupController">
        <property name="implementationManager" ref="implementationManager"></property>
    </bean>

    <bean id="implementationManager" class="com.seeinfobiz.click.service.implementation.ImplementationManager">
        <property name="implemenatationDAOImpl" ref="implemenatationDAOImpl"></property>
    </bean>

    <bean id="implemenatationDAOImpl" class="com.seeinfobiz.click.daoImpl.implementation.ImplemenatationDAOImpl">
        <property name="sessionFactory" ref="sessionFactory"></property>
    </bean>

    <!--Implementation setup end-->

    <!-- Region Beans - Start-->
    <bean id="regionBeanId" class="com.seeinfobiz.click.action.region.RegionController">
        <property name="regionManager" ref="regionManager"></property>
    </bean>

    <bean id="regionManager" class="com.seeinfobiz.click.service.region.RegionManager">
        <property name="regionDAO" ref="regionDAO"></property>
    </bean>

    <bean id="regionDAO" class="com.seeinfobiz.click.daoImpl.region.RegionDAOImpl">
        <property name="sessionFactory" ref="sessionFactory"></property>
    </bean>
    <!-- Region Beans - End-->

    <!--Product Beans  Start-->
    <bean id="productAction" class="com.seeinfobiz.click.action.product.ProductController">
        <property name="productManager" ref="productManager"></property>
    </bean>

    <bean id="productManager" class="com.seeinfobiz.click.service.product.ProductManager">
        <property name="productDAOImpl" ref="productDAOImpl"></property>
    </bean>

    <bean id="productDAOImpl" class="com.seeinfobiz.click.daoImpl.product.ProductDAOImpl">
        <property name="sessionFactory" ref="sessionFactory"></property>
    </bean>
    <!-- Product Beans - End-->

    <bean id="wizardManager" class="com.seeinfobiz.click.service.wizard.WizardManager">
        <property name="wizardDaoImpl" ref="wizardDaoImpl"></property>
    </bean>
    <bean id="wizardDaoImpl" class="com.seeinfobiz.click.daoImpl.wizard.WizardDaoImpl">
        <property name="sessionFactory" ref="sessionFactory"></property>
    </bean>

    <!--Product Setup SLA Start-->
    <bean id="IDProductSLA" class="com.seeinfobiz.click.action.productSLA.ProductSLAController">
        <property name="productSLAManager" ref="productSLAManager"></property>
    </bean>
    <bean id="productSLAManager" class="com.seeinfobiz.click.service.productSLA.ProductSLAManager">
        <property name="productSLADAOImpl" ref="productSLADAOImpl"></property>
    </bean>

    <bean id="productSLADAOImpl" class="com.seeinfobiz.click.daoImpl.productSLA.ProductSLADAOImpl">
        <property name="sessionFactory" ref="sessionFactory"></property>
    </bean>
    <!--Product Setup SLA  End-->

    <!-- User Product Relation start-->
    <bean id="UserprodrelationID" class="com.seeinfobiz.click.action.userproductrel.UserProductRelController">
        <property name="userProdrelManager" ref="userProdrelManager"></property>
    </bean>
    <bean id="userProdrelManager" class="com.seeinfobiz.click.service.userprodrel.UserProdrelManager">
        <property name="userprodRelDAOImpl" ref="userprodRelDAOImpl"></property>
    </bean>
    <bean id="userprodRelDAOImpl" class="com.seeinfobiz.click.daoImpl.userproductrel.UserprodRelDAOImpl">
        <property name="sessionFactory" ref="sessionFactory"></property>
    </bean>
    <!-- User Product Relation end-->

     <!-- User Region Relation start-->
    <bean id="UserRegionrelationID" class="com.seeinfobiz.click.action.userregionrel.UserRegionRelController">
        <property name="userRegionRelManager" ref="userRegionRelManager"></property>
    </bean>
    <bean id="userRegionRelManager" class="com.seeinfobiz.click.service.userregionrel.UserRegionRelManager">
        <property name="userRegionRelDAOImpl" ref="userRegionRelDAOImpl"></property>
    </bean>
    <bean id="userRegionRelDAOImpl" class="com.seeinfobiz.click.daoImpl.userregionrel.UserRegionRelDAOImpl">
        <property name="sessionFactory" ref="sessionFactory"></property>
    </bean>
    <!-- User Region Relation end-->

     <!-- Role Beans - Start-->
    <bean id="roleBeanId" class="com.seeinfobiz.click.action.role.RoleController">
        <property name="roleManager" ref="roleManager"></property>
    </bean>

    <bean id="roleManager" class="com.seeinfobiz.click.service.role.RoleManager">
        <property name="roleDAOImpl" ref="roleDAOImpl"></property>
    </bean>

    <bean id="roleDAOImpl" class="com.seeinfobiz.click.daoImpl.role.RoleDAOImpl">
        <property name="sessionFactory" ref="sessionFactory"></property>
    </bean>
    <!-- Role Beans - End-->

     <!-- Email Setup - Start-->
    <bean id="ServerSetup" class="com.seeinfobiz.click.action.emailserver.EmailSetupController">
        <property name="emailSetupManager" ref="emailSetupManager"></property>
    </bean>
    <bean id="emailSetupManager" class="com.seeinfobiz.click.service.emailserver.EmailSetupManager">
        <property name="emailSetupDAOImpl" ref="emailSetupDAOImpl"></property>
    </bean>
    <bean id="emailSetupDAOImpl" class="com.seeinfobiz.click.daoImpl.emailserver.EmailSetupDAOIMPL">
        <property name="sessionFactory">
            <ref local="sessionFactory"/>
        </property>
    </bean>
    <!-- Email setup Beans - End-->


     <!-- Marketting  Promotional Email Beans - Start -->
    <bean id="promoEmailBeanId" class="com.seeinfobiz.click.action.marketting.promotionalEmail.PromotionalEmailController">
        <property name="promoEmailManager" ref="promoEmailManager"></property>
        <property name="emailCmpManager" ref="emailCmpManager"></property>
    </bean>

    <bean id="promoEmailManager" class="com.seeinfobiz.click.service.marketting.promotionalEmail.PromotionalEmailManager">
        <property name="promoEmailDAOImpl" ref="promoEmailDAOImpl"></property>
    </bean>

    <bean id="promoEmailDAOImpl" class="com.seeinfobiz.click.daoImpl.marketting.promotionalEmail.PromotionalEmailDAOImpl">
        <property name="sessionFactory" ref="sessionFactory"></property>
    </bean>
    <!-- Marketting  Promotional Email Beans  - End -->



    <!-- User Access Report - Start-->
    <bean id="userAccessReport" class="com.seeinfobiz.click.action.userAccessReport.UserAccessReportController">
        <property name="userAccessReportService" ref="userAccessReportService"></property>
    </bean>
    <bean id="userAccessReportService" class="com.seeinfobiz.click.service.userAccessReport.UserAccessReportManager">
        <property name="userAccessReportServiceDAOImpl" ref="userAccessReportServiceDAOImpl"></property>
    </bean>
    <bean id="userAccessReportServiceDAOImpl" class="com.seeinfobiz.click.daoImpl.userAccessReport.UserAccessReportDAOImpl">
        <property name="sessionFactory">
            <ref local="sessionFactory"/>
        </property>
    </bean>
    <!-- User Access Report - End-->

   <!-- User Password Mangement - start-->
    <bean id="passwordSetupID" class="com.seeinfobiz.click.action.paswordSetup.PasswordSetupController">
        <property name="passwordMgmtManager" ref="passwordMgmtManager"></property>
    </bean>
    <bean id="passwordMgmtManager" class="com.seeinfobiz.click.service.passwordmgmt.PasswordMgmtManager">
        <property name="passwordMgmtDAOImpl" ref="passwordMgmtDAOImpl"></property>
    </bean>

    <bean id="passwordMgmtDAOImpl" class="com.seeinfobiz.click.daoImpl.passwordmgmt.PasswordMgmtDAOImpl">
        <property name="sessionFactory" ref="sessionFactory"></property>
    </bean>
    <!-- User Password Mangement - End-->

    <!-- User  - start-->
    <bean id="userAction" class="com.seeinfobiz.click.action.user.UserController">
        <property name="userManager" ref="userManager"></property>
    </bean>
    <bean id="userManager" class="com.seeinfobiz.click.service.user.UserManager">
        <property name="userDAOImpl" ref="userDAOImpl"></property>
    </bean>

    <bean id="userDAOImpl" class="com.seeinfobiz.click.daoImpl.user.UserDAOImpl">
        <property name="sessionFactory" ref="sessionFactory"></property>
    </bean>
    <!-- User  End-->

    <!-- User Deliver Channel - Start-->
    <bean id="deliveryChanelSetupID" class="com.seeinfobiz.click.action.deliveryChanelStup.DeliveryChannelSetupController">
        <property name="deliveryChanelSetupManager" ref="deliveryChanelSetupManager"></property>
        <property name="wizardManager" ref="wizardManager"></property>
    </bean>
    <bean id="deliveryChanelSetupManager" class="com.seeinfobiz.click.service.deliveryChanelStup.DeliveryChanelStupManager">
        <property name="deliveryChanelSetupImpl" ref="deliveryChanelSetupImpl"></property>
    </bean>
    <bean id="deliveryChanelSetupImpl" class="com.seeinfobiz.click.daoImpl.deliveryChanelStup.DeliveryChanelStupDAOImpl">
        <property name="sessionFactory">
            <ref local="sessionFactory"/>
        </property>
    </bean>
    <!-- User Deliver Channel - End-->

    <!-- Bounce Trapper - start-->
    <bean id="BounceEmailTrapper" class="com.seeinfobiz.click.action.BounceEmail.EmailBounceController">
        <property name="emailbouncemanager" ref="emailbouncemanager"></property>
    </bean>
    <bean id="emailbouncemanager" class="com.seeinfobiz.click.service.BounceEmail.EmailBounceManager">
        <property name="emailbouncedaoimpl" ref="emailbouncedaoimpl"></property>
    </bean>
    <bean id="emailbouncedaoimpl" class="com.seeinfobiz.click.daoImpl.BounceEmail.EmailBounceDAOImpl">
        <property name="sessionFactory">
            <ref local="sessionFactory"/>
        </property>
    </bean>
    <!-- Bounce Trapper - End-->
 <!-- Bounce Trapper Re Send- start-->
    <bean id="bounceEmailTrapperReSend" class="com.seeinfobiz.click.action.bounceTrapReptResend.BounceTrapReptReSndController">
        <property name="bnTrapManager" ref="bnTrapManager"></property>
    </bean>
    <bean id="bnTrapManager" class="com.seeinfobiz.click.service.BounceTrapReptReSnd.BounceTrapReptReSndManager">
        <property name="bnTrapDAO" ref="bnTrapDAO"></property>
    </bean>
    <bean id="bnTrapDAO" class="com.seeinfobiz.click.daoImpl.BounceTrapReptReSend.BounceTrapReptReSendDAOImpl">
        <property name="sessionFactory" ref="sessionFactory"></property>
    </bean>
    <!-- Bounce Trapper Re Send  - End-->


    <!-- Archive and PurgeMechanism start-->
    <bean id="archivePurgeBean" class="com.seeinfobiz.click.action.archiveAndPurge.ArchiveAndPurgeController">
        <property name="archivePurgeManager" ref="archivePurgeManager"></property>
    </bean>
    <bean id="archivePurgeManager" class="com.seeinfobiz.click.service.archiveAndPurge.ArchiveAndPurgeManager">
        <property name="archivePurgeDAO" ref="archivePurgeDAO"></property>
    </bean>
    <bean id="archivePurgeDAO" class="com.seeinfobiz.click.daoImpl.archiveAndPurge.ArchiveAndPurgeDAOImpl">
        <property name="sessionFactory" ref="sessionFactory"></property>
    </bean>
    <!-- Archive and PurgeMechanism  - End-->


<!-- RollBack start-->
    <bean id="rollBackBean" class="com.seeinfobiz.click.action.rollBack.RollBackController">
        <property name="rollBackManager" ref="rollBackManager"></property>
    </bean>
    <bean id="rollBackManager" class="com.seeinfobiz.click.service.rollBack.RollBackManager">
        <property name="rollBackDAO" ref="rollBackDAO"></property>
    </bean>
    <bean id="rollBackDAO" class="com.seeinfobiz.click.daoImpl.rollBack.RollBackDAOImpl">
        <property name="sessionFactory" ref="sessionFactory"></property>
    </bean>
    <!-- RollBack  - End-->
    <!-- Temp Right Beans - Start-->
    <bean id="tempRtBeanId" class="com.seeinfobiz.click.action.tempright.TempRightController">
        <property name="tempManager" ref="tempManager"></property>
    </bean>

    <bean id="tempManager" class="com.seeinfobiz.click.service.tempright.TempRightManager">
        <property name="tempRightDAO" ref="tempRightDAO"></property>
    </bean>

    <bean id="tempRightDAO" class="com.seeinfobiz.click.daoImpl.tempright.TempRightDAOImpl">
        <property name="sessionFactory" ref="sessionFactory"></property>
    </bean>
    <!-- Temp Right Beans - End-->

    <!-- Email Password Setup Beans - Start -->
    <bean id="emlPasswdBeanId" class="com.seeinfobiz.click.action.emlpasswd.EmailPasswdController">
        <property name="emlPasswdManager" ref="emlPasswdManager"></property>
        <property name="wizardManager" ref="wizardManager"></property>
    </bean>

    <bean id="emlPasswdManager" class="com.seeinfobiz.click.service.emlpasswd.EmailPasswdManager">
        <property name="emlPasswdDAOImpl" ref="emlPasswdDAOImpl"></property>
    </bean>

    <bean id="emlPasswdDAOImpl" class="com.seeinfobiz.click.daoImpl.emlpasswd.EmailPasswdDAOImpl">
        <property name="sessionFactory" ref="sessionFactory"></property>
    </bean>
    <!-- Email Password Setup Beans - End -->

    <!-- Folder Structure Beans - Start -->
    <bean id="folderStructBeanId" class="com.seeinfobiz.click.action.folderstruct.FolderStructureController">
        <property name="folderStructManager" ref="folderStructManager"></property>
    </bean>

    <bean id="folderStructManager" class="com.seeinfobiz.click.service.folderstruct.FolderStructureManager">
        <property name="folderStructDAOImpl" ref="folderStructDAOImpl"></property>
    </bean>

    <bean id="folderStructDAOImpl" class="com.seeinfobiz.click.daoImpl.folderstruct.FolderStructureDAOImpl">
        <property name="sessionFactory" ref="sessionFactory"></property>
    </bean>
    <!-- Folder Structure Beans - End -->

     <!-- Ad Statement Beans - Start -->
    <bean id="adStatementBeanId" class="com.seeinfobiz.click.action.addstatement.AdStatementController">
        <property name="adStatementManager" ref="adStatementManager"></property>
        <property name="wizardManager" ref="wizardManager"></property>
    </bean>

    <bean id="adStatementManager" class="com.seeinfobiz.click.service.addstatement.AdStatementManager">
        <property name="adStatementDAOImpl" ref="adStatementDAOImpl"></property>
    </bean>

    <bean id="adStatementDAOImpl" class="com.seeinfobiz.click.daoImpl.addstatement.AdStatementDAOImpl">
        <property name="sessionFactory" ref="sessionFactory"></property>
    </bean>
    <!-- Ad Statement Beans - End -->



     <!-- Alert Start-->
    <bean id="alertBeanId" class="com.seeinfobiz.click.action.alertCampaign.AlertCampaignController">
        <property name="alertManager" ref="alertManager"></property>
        <property name="alertThrMgr" ref="alertThrMgr"></property>
    </bean>
    <bean id="alertManager" class="com.seeinfobiz.click.service.alertCampaign.AlertManager">
        <property name="alertDAOImpl" ref="alertDAOImpl"></property>
    </bean>
    <bean id="alertDAOImpl" class="com.seeinfobiz.click.daoImpl.alertCampaign.AlertDAOImpl">
        <property name="sessionFactory">
            <ref local="sessionFactory"/>
        </property>
    </bean>

    <bean id="alertThrMgr" class="com.seeinfobiz.click.service.alertCampaign.AlertThrManager">
        <property name="alertThrDAOImpl" ref="alertThrDAOImpl"></property>
    </bean>
    <bean id="alertThrDAOImpl" class="com.seeinfobiz.click.daoImpl.alertCampaign.AlertThrDAOImpl">
        <property name="sessionFactory">
            <ref local="sessionFactory"/>
        </property>
    </bean>

    <!-- Alert Bean End-->


    <!-- Email/SMS Alert Beans - Start -->
    <bean id="emailAlertBeanId" class="com.seeinfobiz.click.action.alert.EmailSMSAlertController">
        <property name="emailAlertManager" ref="emailAlertManager"></property>
    </bean>

    <bean id="emailAlertManager" class="com.seeinfobiz.click.service.alert.EmailSMSAlertManager">
        <property name="emailAlertDAOImpl" ref="emailAlertDAOImpl"></property>
    </bean>

    <bean id="emailAlertDAOImpl" class="com.seeinfobiz.click.daoImpl.alert.EmailSMSAlertDAOImpl">
        <property name="sessionFactory" ref="sessionFactory"></property>
    </bean>
    <!-- Email/SMS Alert Beans - End -->

    <!-- Email Rule Maker/Checker Beans - Start -->
    <bean id="emailRuleBeanId" class="com.seeinfobiz.click.action.emailrule.EmailRuleController">
        <property name="emailRuleManager" ref="emailRuleManager"></property>
        <property name="wizardManager" ref="wizardManager"></property>
    </bean>

    <bean id="emailRuleManager" class="com.seeinfobiz.click.service.emailrule.EmailRuleManager">
        <property name="emailRuleDAOImpl" ref="emailRuleDAOImpl"></property>
    </bean>

    <bean id="emailRuleDAOImpl" class="com.seeinfobiz.click.daoImpl.emailrule.EmailRuleDAOImpl">
        <property name="sessionFactory" ref="sessionFactory"></property>
    </bean>
    <!-- Email Rule Maker/Checker Beans - End -->

    <!-- Email Rule Group Beans - Start -->
    <bean id="emailRuleGrpBeanId" class="com.seeinfobiz.click.action.emailProductGroupRule.EmailRuleGroupControllerNew">
        <property name="emailRuleGroupManager" ref="emailRuleGroupManager"></property>
        <property name="wizardManager" ref="wizardManager"></property>
    </bean>

    <bean id="emailRuleGroupManager" class="com.seeinfobiz.click.service.emailProductRuleGroup.EmailRuleGroupManager">
        <property name="emailRuleGroupDAOImpl" ref="emailRuleGroupDAOImpl"></property>
    </bean>

    <bean id="emailRuleGroupDAOImpl" class="com.seeinfobiz.click.daoImpl.emailProductRuleGroup.EmailRuleGroupDAOImpl">
        <property name="sessionFactory" ref="sessionFactory"></property>
    </bean>
    <!-- Email Rule Group Beans - End -->

    <!-- Ad Serving Beans - Start -->
    <bean id="adServingBeanId" class="com.seeinfobiz.click.action.adserving.AdServingController">
        <property name="adServingManager" ref="adServingManager"></property>
        <property name="adStatementManager" ref="adStatementManager"></property>
        <property name="wizardManager" ref="wizardManager"></property>
    </bean>

    <bean id="adServingManager" class="com.seeinfobiz.click.service.adserving.AdServingManager">
        <property name="adServingDAOImpl" ref="adServingDAOImpl"></property>
    </bean>

    <bean id="adServingDAOImpl" class="com.seeinfobiz.click.daoImpl.adserving.AdServingDAOImpl">
        <property name="sessionFactory" ref="sessionFactory"></property>
    </bean>
    <!-- Ad Serving Beans - End -->

    <!-- Ad Serving Group Beans - Start -->
    <bean id="adServingGrpBeanId" class="com.seeinfobiz.click.action.adservinggroup.AdServingGroupControllerNew">
        <property name="adServingGrpManager" ref="adServingGrpManager"></property>
        <property name="wizardManager" ref="wizardManager"></property>
    </bean>

    <bean id="adServingGrpManager" class="com.seeinfobiz.click.service.adservinggroup.AdServingGroupManager">
        <property name="adServingGrpDAOImpl" ref="adServingGrpDAOImpl"></property>
    </bean>

    <bean id="adServingGrpDAOImpl" class="com.seeinfobiz.click.daoImpl.adservinggroup.AdServingGroupDAOImpl">
        <property name="sessionFactory" ref="sessionFactory"></property>
    </bean>
    <!-- Ad Serving Group Beans - End -->


    <!-- Application work flow - Start -->
    <bean id="wizWorkFlowId" class="com.seeinfobiz.click.action.wizard.WizardController">
        <property name="wizardManager" ref="wizardManager"></property>
    </bean>
    <!-- Application work flow - End -->


      <!--Neeraj Generation  Beans  Start-->
    <bean id="statementAction" class="com.seeinfobiz.click.action.GenerateStmt.GenerateStmtAction">
        <property name="stmtGenerationManager" ref="stmtGenerationManager"></property>
        <property name="wizardManager" ref="wizardManager"></property>
    </bean>

    <bean id="stmtGenerationManager" class="com.seeinfobiz.click.service.GenerateStmt.GenerateStmtManager">
        <property name="genStmtDAOImpl" ref="genStmtDAOImpl"></property>
    </bean>

    <bean id="genStmtDAOImpl" class="com.seeinfobiz.click.daoImpl.GenerateStmt.GenerateStmtDAOImpl">
        <property name="sessionFactory" ref="sessionFactory"></property>
    </bean>
    <!-- Generation Beans - End-->

    <!-- Send Mail Start-->
    <bean id="sendMailAction" class="com.seeinfobiz.click.action.SendMail.SendMailAction">
        <property name="sendMailManager" ref="sendMailManager"></property>
        <property name="wizardManager" ref="wizardManager"></property>
        <property name="stmtGenerationManager" ref="stmtGenerationManager"></property>
    </bean>

    <bean id="sendMailManager" class="com.seeinfobiz.click.service.SendMail.SendMailManager">
        <property name="sendMailDAOImpl" ref="sendMailDAOImpl"></property>
    </bean>
    <bean id="sendMailDAOImpl" class="com.seeinfobiz.click.daoImpl.SendMail.SendMailDAOImpl">
        <property name="sessionFactory" ref="sessionFactory"></property>
    </bean>
    <!--Send Mail End-->
    <!-- UnLock User Access Report- Start-->
    <bean id="IDUnlockUserAccess" class="com.seeinfobiz.click.action.unlockUserAccessReport.UnLockUserAccessController">
        <property name="unlockUserAccessReportManager" ref="unlockUserAccessReportManager"></property>
    </bean>

    <bean id="unlockUserAccessReportManager" class="com.seeinfobiz.click.service.unlockUserAccessReport.UnlockUserAccessReportManager">
        <property name="unlockUserAccessReportDAOImpl" ref="unlockUserAccessReportDAOImpl"></property>
    </bean>

    <bean id="unlockUserAccessReportDAOImpl" class="com.seeinfobiz.click.daoImpl.unlockUserAccessReport.UnlockUserAccessReportDAOImpl">
        <property name="sessionFactory" ref="sessionFactory"></property>
    </bean>
    <!-- UnLock User Report- End-->

 <!-- Pre-Production Run Beans - Start Created by Dhanaji Chaudhar-->
    <bean id="preProductionBeanId" class="com.seeinfobiz.click.action.preproductionrun.PreProductionRunController">
        <property name="stmtGenerationManager" ref="stmtGenerationManager"></property>


    </bean>


    <!-- Pre-Production Run Beans - End -->

    <!-- Generation Beans - End-->
     <!-- Bill Cycle QA Beans - Start -->
    <bean id="billCycleBeanId" class="com.seeinfobiz.click.action.billcycleqa.BillCycleController">
        <property name="billCycleManager" ref="billCycleManager"></property>

    </bean>
    <bean id="billCycleManager" class="com.seeinfobiz.click.service.billcycleqa.BillCycleManager">
        <property name="billCycleDAOImpl" ref="billCycleDAOImpl"></property>
    </bean>
    <bean id="billCycleDAOImpl" class="com.seeinfobiz.click.daoImpl.billcycleqa.BillCycleDAOImpl">
        <property name="sessionFactory" ref="sessionFactory"></property>
        <property name="preProductionDAOImpl" ref="preProductionDAOImpl"/>
    </bean>
    <bean id="preProductionDAOImpl" class="com.seeinfobiz.click.daoImpl.preproductionrun.PreProductionRunDAOImpl">
        <property name="sessionFactory" ref="sessionFactory"></property>

    </bean>
    <!-- Bill Cycle QA Beans - End -->
       <!-- Scehdular Activities - Start -->
    <bean id="scheduleActivities" class="com.seeinfobiz.click.action.ScheduleActivities.ScheduleActivitiesController">
        <property name="schActivityManager" ref="schActivityManager"></property>
    </bean>

    <bean id="schActivityManager" class="com.seeinfobiz.click.service.ScheduleActivities.ScheduleActivityManager">
        <property name="schActivityManagerDAOImpl" ref="schActivityManagerDAOImpl"></property>
    </bean>

    <bean id="schActivityManagerDAOImpl" class="com.seeinfobiz.click.daoImpl.ScheduleActivities.ScheduleActivitiesDAOImpl">
        <property name="sessionFactory" ref="sessionFactory"></property>
    </bean>
    <!-- Scehdular Activities - End -->

 <!-- Reports  Beans - Start -->
    <bean id="reportBeanId" class="com.seeinfobiz.click.action.reportsReconsillation.ReconsillationReportController">
        <property name="reconsillationReportManager" ref="reconsillationReportManager"></property>
    </bean>

    <bean id="reconsillationReportManager" class="com.seeinfobiz.click.service.reportsReconsillation.ReportsReconsillationManager">
        <property name="reconsillationReportDAOImpl" ref="reconsillationReportDAOImpl"></property>
    </bean>

    <bean id="reconsillationReportDAOImpl" class="com.seeinfobiz.click.daoImpl.reportsReconsillation.ReconsillationReportDAOImpl">
        <property name="sessionFactory" ref="sessionFactory"></property>
    </bean>
    <!-- Reports  Beans - end -->

    <!-- Other Report - Start -->
    <bean id="otherReportBeanId" class="com.seeinfobiz.click.action.otherReports.OtherReportsController">
        <property name="otherReportsManager" ref="otherReportsManager"></property>
    </bean>

    <bean id="otherReportsManager" class="com.seeinfobiz.click.service.otherReports.OtherReportsManager">
        <property name="otherReportsDAOImpl" ref="otherReportsDAOImpl"></property>
    </bean>

    <bean id="otherReportsDAOImpl" class="com.seeinfobiz.click.daoImpl.otherReports.OtherReportsDAOImpl">
        <property name="sessionFactory" ref="sessionFactory"></property>
    </bean>
    <!-- Other Report - end -->
<!--     Reports  Beans - Start  added by Rambabu for ProductWise DashBoard

     <bean id="reportBeanId" class="com.seeinfobiz.click.action.reportsReconsillation.ReconsillationReportController">
        <property name="reconsillationReportManager" ref="reconsillationReportManager"></property>
    </bean>-->

    <!-- Reports  Beans - end -->
    <!-- Customer Registration - Start -->
    <bean id="custregAction" class="com.seeinfobiz.click.action.custreg.RegController">
        <property name="custregManager" ref="custregManager"></property>
    </bean>

    <bean id="custregManager" class="com.seeinfobiz.click.service.custreg.RegManager">
        <property name="custregDAOImpl" ref="custregDAOImpl"></property>
    </bean>

    <bean id="custregDAOImpl" class="com.seeinfobiz.click.daoImpl.custreg.RegDAOImpl">
        <property name="sessionFactory" ref="sessionFactory"></property>
    </bean>
<!--     Customer Registration - end -->
     <!-- Schedule Archive  start-->
    <bean id="scheduleArchiveBeanId" class="com.seeinfobiz.click.action.scheduleArchive.ScheduleArchiveController">
        <property name="scheduleArchiveManager" ref="scheduleArchiveManager"></property>
    </bean>
    <bean id="scheduleArchiveManager" class="com.seeinfobiz.click.service.scheduleArchive.ScheduleArchiveManager">
        <property name="scheduleArchiveDAO" ref="scheduleArchiveDAO"></property>
    </bean>
    <bean id="scheduleArchiveDAO" class="com.seeinfobiz.click.daoImpl.ScheduleArchive.ScheduleArchiveDAOImpl">
        <property name="sessionFactory" ref="sessionFactory"></property>
    </bean>
    <!-- Schedule Archive  - End-->

       <!-- EBP - Start -->
    <bean id="ebpscheduleActivities" class="com.seeinfobiz.click.action.ebp.EBPController">
        <property name="ebpManager" ref="ebpManager"></property>

    </bean>

    <bean id="ebpManager" class="com.seeinfobiz.click.service.EBP.EBPManager">
        <property name="ebpDAOImpl" ref="ebpDAOImpl"></property>
    </bean>

    <bean id="ebpDAOImpl" class="com.seeinfobiz.click.daoImpl.ebp.EBPDAOImpl">
        <property name="sessionFactory" ref="sessionFactory"></property>
    </bean>
    <!-- EBP  - End -->

    <!-- Email Campaign - Start -->
    <bean id="emailCmpId" class="com.seeinfobiz.click.action.EmailCampaign.EmailCmpController">
        <property name="emailCmpManager" ref="emailCmpManager"></property>
    </bean>
    <bean id="emailCmpManager" class="com.seeinfobiz.click.service.EmailCampaign.EmailCmpManager">
        <property name="promoEmailManager" ref="promoEmailManager"></property>
        <property name="emailCmpDAOImpl" ref="emailCmpDAOImpl"></property>
    </bean>
    <bean id="emailCmpDAOImpl" class="com.seeinfobiz.click.daoImpl.EmailCampaign.EmailCmpDAOImpl">
        <property name="sessionFactory" ref="sessionFactory"></property>
    </bean>
    <!-- Email Campaign - End -->

    <!-- Schedule Bounce Trap start-->
    <bean id="scheduleBounceTrapBeanId" class="com.seeinfobiz.click.action.scheduleBounceTrap.ScheduleBonceTrapController">
        <property name="scheduleBounceTrapManager" ref="scheduleBounceTrapManager"></property>
    </bean>
    <bean id="scheduleBounceTrapManager" class="com.seeinfobiz.click.service.scheduleBounceTrap.ScheduleBonceTrapManager">
        <property name="scheduleBounceTrapDAO" ref="scheduleBounceTrapDAO"></property>
    </bean>
    <bean id="scheduleBounceTrapDAO" class="com.seeinfobiz.click.daoImpl.scheduleBounceTrap.ScheduleBonceTrapDAOImpl">
        <property name="sessionFactory" ref="sessionFactory"></property>
    </bean>
    <!-- Schedule Bounce Trap - End-->


      <!-- EBP Schedule Report - Start -->
    <bean id="ebpscheduleDisplay" class="com.seeinfobiz.click.action.ebpSchedular.EBPScheduleCaledarController">
        <property name="ebpSchedulerManager" ref="ebpSchedulerManager"></property>

    </bean>

    <bean id="ebpSchedulerManager" class="com.seeinfobiz.click.service.ebpScheduleManager.EbScheduleManager">
        <property name="ebpSchedulerDAOImpl" ref="ebpSchedulerDAOImpl"></property>
    </bean>

    <bean id="ebpSchedulerDAOImpl" class="com.seeinfobiz.click.daoImpl.ebpScheduleCalendar.EdbpScheduleDAOImpl">
        <property name="sessionFactory" ref="sessionFactory"></property>
    </bean>
    <!-- EBP Schedule Report- End -->

    <!-- CRM VIEW bILL start-->
    <bean id="crmAction" class="com.seeinfobiz.click.action.crm.CRMController">
        <property name="crmViewBillManager" ref="crmViewBillManager"></property>
    </bean>
    <bean id="crmViewBillManager" class="com.seeinfobiz.click.service.crm.CRMManager">
        <property name="crmViewBillDAO" ref="crmViewBillDAO"></property>
    </bean>
    <bean id="crmViewBillDAO" class="com.seeinfobiz.click.daoImpl.crm.CRMDAOImpl">
        <property name="sessionFactory" ref="sessionFactory"></property>
    </bean>
    <!-- CRM VIEW bILL End-->
    <!--Registratorn form Start-->
    <bean id="bkRegistration" class="com.seeinfobiz.click.action.registrationbk.RegistrationController">
        <property name="registrationManager" ref="registrationManager"></property>
    </bean>
    <bean id="registrationManager" class="com.seeinfobiz.click.service.registrationbk.RegistrationManager">
        <property name="registrationDAOImpl" ref="registrationDAOImpl"></property>
    </bean>
   <bean id="registrationDAOImpl" class="com.seeinfobiz.click.daoImpl.registrationbk.RegistrationDAOImpl">
       <property name="sessionFactory" ref="sessionFactory"></property>
    </bean>
    <!--Registration Form END-->
    <!-- RM start-->
    <bean id="RMAction" class="com.seeinfobiz.click.action.rm.RMController">
        <property name="rmViewManager" ref="rmViewManager"></property>
    </bean>
    <bean id="rmViewManager" class="com.seeinfobiz.click.service.RM.RMManager">
        <property name="rmViewDAO" ref="rmViewDAO"></property>
    </bean>
    <bean id="rmViewDAO" class="com.seeinfobiz.click.daoImpl.RM.RMDAOImpl">
        <property name="sessionFactory" ref="sessionFactory"></property>
    </bean>
    <!-- RM End-->
   <!-- quadrantReport start - By Adip-->
    <bean id="quadrantReport" class="com.seeinfobiz.click.action.quadrantreport.QuadrantReportController">
        <property name="quadrantReportManager" ref="quadrantReportManager"></property>
    </bean>
    <bean id="quadrantReportManager" class="com.seeinfobiz.click.service.quadrantreport.QuadrantReportManager">
        <property name="quadrantDAOImpl" ref="quadrantDAOImpl"></property>
    </bean>
    <bean id="quadrantDAOImpl" class="com.seeinfobiz.click.daoImpl.quadrantreport.QuadrantReportDAOImpl">
        <property name="sessionFactory" ref="sessionFactory"></property>
    </bean>



    <!-- Schedular Integration-->
    <bean id="schedularBeanId" class="com.seeinfobiz.click.action.schedularAction.SchedularController">
        <property name="schedularManager"  ref="schedularManager"></property>
    </bean>
    <bean id="schedularManager" class="com.seeinfobiz.click.service.schedular.SchedularManager">
        <property name="schedularDAO" ref="schedularDAO"></property>
        <property name="ebpDAOImpl" ref="ebpDAOImpl"></property>
    </bean>
    <bean id="schedularDAO" class="com.seeinfobiz.click.daoImpl.schedular.SchedularDAOImpl">
        <property name="sessionFactory" ref="sessionFactory"></property>
    </bean>
    <!-- ends -->
    <!-- consolidatedReport start-->
    <bean id="consolidatedReportAction" class="com.seeinfobiz.click.action.consolidatedReport.ConsolidatedReportController">
        <property name="consolidatedReportManager" ref="consolidatedReportManager"></property>
    </bean>
    <bean id="consolidatedReportManager" class="com.seeinfobiz.click.service.consilatedReport.ConsolidatedReportManager">
        <property name="consolidatedReport" ref="consolidatedReport"></property>
    </bean>
    <bean id="consolidatedReport" class="com.seeinfobiz.click.daoImpl.consilatedReport.ConsolidatedReportDAOImpl">
        <property name="sessionFactory" ref="sessionFactory"></property>
    </bean>
    <!-- consolidatedReport End-->

<!-- Common Search DAO IMPL here -->
    <bean id="searchDAOImpl" class="com.seeinfobiz.click.daoImpl.SearchDAOImpl">
        <property name="sessionFactory" ref="sessionFactory"></property>
    </bean>
    <!-- Template Priority Integration-->
    <bean id="templatePriorityBean" class="com.seeinfobiz.click.action.templatePriority.TemplatePriorityController">
        <property name="templatePriorityManager"  ref="templatePriorityManager"></property>
    </bean>

    <bean id="templatePriorityManager" class="com.seeinfobiz.click.service.templatePriority.TemplatePriorityManager">
        <property name="templatePriorityDAOImpl" ref="templatePriorityDAOImpl"></property>
    </bean>

    <bean id="templatePriorityDAOImpl" class="com.seeinfobiz.click.daoImpl.templatePriority.TemplatePriorityDAOImpl">
        <property name="sessionFactory" ref="sessionFactory"></property>
    </bean>
<!-- ends -->
<!-- SMS Screen  Integration-->
    <bean id="smsRuleController" class="com.seeinfobiz.click.action.smsrule.SMSRuleController">
        <property name="smsRuleManager"  ref="smsRuleManager"></property>
    </bean>

    <bean id="smsRuleManager" class="com.seeinfobiz.click.service.smsrule.SMSRuleManager">
        <property name="smsRuleDAOImpl" ref="smsRuleDAOImpl"></property>
    </bean>
      <bean id="fileUploadBeanId" class="com.seeinfobiz.click.action.fileupload.FileUploadAction">
    </bean>

    <bean id="smsRuleDAOImpl" class="com.seeinfobiz.click.daoImpl.smsrule.SMSRuleDAOImpl">
        <property name="sessionFactory" ref="sessionFactory"></property>
    </bean>
<!-- ends -->
<!-- Common Search Ended Here -->
<!--
    <bean id="dataSource" class="com.encryption.DatasourceWithEncPass">
        <property name="driverClassName">
            <value>oracle.jdbc.driver.OracleDriver</value>
        </property>
        <property name="url">
            <value>jdbc:oracle:thin:@172.22.31.217:1521:SEEBIZ</value>
        </property>
        <property name="username">
            <value>B4DB9CB73CCCB8BD276AA242D1FA476D</value>
        </property>
        <property name="password">
            <value>0A3C5552D4CA329CC50BF251A130773E</value>
        </property>
    </bean>
    -->
    <bean id="parentDataSource" class="com.encryption.DatasourceWithEncPass" abstract="true">    
        <property name="driverClassName" value="oracle.jdbc.driver.OracleDriver"/>
    </bean>

<!--     <bean id="DB1" parent="parentDataSource">   
        <property name="url" value="jdbc:oracle:thin:@172.22.31.217:1521:SEEBIZ"/>       
        <property name="username" value="BF724A16B3D6A5516A7EB64981E572A6"/>       
        <property name="password" value="BC4AAF7B2FFF075BD4B408520F66A9B7"/>
    </bean>
    <bean id="DB2" parent="parentDataSource">   
        <property name="url" value="jdbc:oracle:thin:@172.22.31.217:1521:SEEBIZ"/>       
        <property name="username" value="3A00F646EA25130C3834B37CA576C8DF"/>       
        <property name="password" value="89848047916CFF05D4B408520F66A9B7"/>
    </bean>
    <bean id="DB3" parent="parentDataSource">   
        <property name="url" value="jdbc:oracle:thin:@172.22.31.217:1521:SEEBIZ"/>       
        <property name="username" value="17018841E5AAF2F32FA2697FDD76B5A0"/>       
        <property name="password" value="51E54FD7DE7E91DFD4B408520F66A9B7"/>
    </bean>-->

 <bean id="DB1" parent="parentDataSource">   
        <property name="url" value="jdbc:oracle:thin:@10.2.0.5:1521:seebiz"/>       
<!--        <property name="username" value="C4B41C1F694E82FD20F1F7E5D4D68222"/>       
        <property name="password" value="D8BE0A1AFE562B83184AF9D6A0F48716"/>-->
        <property name="username" value="7D2D04858B00747B672374F81A630BC8"/>       
        <property name="password" value="780E4B298E0D45BABEEB1668344B52B7"/>
    </bean>
    
    <bean id="DB2" parent="parentDataSource">   
        <property name="url" value="jdbc:oracle:thin:@10.2.0.5:1521:seebiz"/>       
<!--        <property name="username" value="C4B41C1F694E82FD20F1F7E5D4D68222"/>       
        <property name="password" value="D8BE0A1AFE562B83184AF9D6A0F48716"/>-->
        <property name="username" value="7D2D04858B00747B672374F81A630BC8"/>       
        <property name="password" value="780E4B298E0D45BABEEB1668344B52B7"/>
    </bean>
    
    <bean id="DB3" parent="parentDataSource">   
        <property name="url" value="jdbc:oracle:thin:@10.2.0.5:1521:seebiz"/>       
<!--        <property name="username" value="C4B41C1F694E82FD20F1F7E5D4D68222"/>       
        <property name="password" value="D8BE0A1AFE562B83184AF9D6A0F48716"/>-->
          <property name="username" value="7D2D04858B00747B672374F81A630BC8"/>       
        <property name="password" value="780E4B298E0D45BABEEB1668344B52B7"/>
    </bean>


    <bean id="dataSource" class="com.seeinfobiz.click.util.RoutingDataSourceImpl" >   
        <property name="targetDataSources">                   
            <map key-type="com.seeinfobiz.click.util.DataSource">                     
                <entry key="REGION1" value-ref="DB1"/>                     
                <entry key="REGION2" value-ref="DB2"/>  
                <entry key="REGION3" value-ref="DB3"/>              
            </map>       
        </property>       
        <property name="defaultTargetDataSource" ref="DB1"/>
    </bean>
    
    <bean id="adhocService" class="com.seeinfobiz.click.service.adhoc.AdhocManager">
        <property name="adhocDAOImpl" ref="adhocDAOImpl"></property>        
    </bean>
     <bean id="adhocDAOImpl" class="com.seeinfobiz.click.daoImpl.adhoc.ADHOCDAOImpl">
        <property name="sessionFactory">
            <ref local="sessionFactory"/>
        </property>      
    </bean>
    <!--
        Hibernate Session Factory Configuration with DataSource
        This configuration is done in hibernate.cfg.xml using Hibernate
    -->
    <bean id="sessionFactory" class="org.springframework.orm.hibernate3.LocalSessionFactoryBean">
        <property name="dataSource">
            <ref bean="dataSource"/>
        </property>
        <property name="hibernateProperties">
            <props>
                <prop key="hibernate.dialect">org.hibernate.dialect.OracleDialect</prop>
                <prop key="hibernate.show_sql">false</prop>
            </props>
        </property>
        <property name="mappingResources">
            <list>
                <value> com/seeinfobiz/click/entitybean/Dxtrnsxsmryxm.hbm.xml</value>
                <value> com/seeinfobiz/click/entitybean/Pxprdctxm.hbm.xml</value>
                <value> com/seeinfobiz/click/entitybean/Pxmtxrlxgrpxlnk.hbm.xml</value>
                <value> com/seeinfobiz/click/entitybean/Pxacnxnm.hbm.xml</value>
                <value> com/seeinfobiz/click/entitybean/Pxeshdlrxprsxm.hbm.xml</value>
                <value> com/seeinfobiz/click/entitybean/Pxbncdxschdlrxm.hbm.xml</value>
                <value> com/seeinfobiz/click/entitybean/Nxaxc.hbm.xml</value>
                <value> com/seeinfobiz/click/entitybean/Pximplxm.hbm.xml</value>
                <value> com/seeinfobiz/click/entitybean/Pxbncdxlstxrd.hbm.xml</value>
                <value> com/seeinfobiz/click/entitybean/Dxcstmrxjntldrxdtls.hbm.xml</value>
                <value> com/seeinfobiz/click/entitybean/Pxemlxcng.hbm.xml</value>
                <value> com/seeinfobiz/click/entitybean/Pxrlxmnxlnk.hbm.xml</value>
                <value> com/seeinfobiz/click/entitybean/Pxemlxcrtraxm.hbm.xml</value>
                <value> com/seeinfobiz/click/entitybean/Dxtrnsxccxsmry.hbm.xml</value>
                <value> com/seeinfobiz/click/entitybean/Pxemlxgrpxm.hbm.xml</value>
                <value> com/seeinfobiz/click/entitybean/Pxbncdxtra.hbm.xml</value>
                <value> com/seeinfobiz/click/entitybean/Pxlkpxcrtraxm.hbm.xml</value>
                <value> com/seeinfobiz/click/entitybean/Cxprprtysxm.hbm.xml</value>
                <value> com/seeinfobiz/click/entitybean/Pxusxpsdxdtls.hbm.xml</value>
                <value> com/seeinfobiz/click/entitybean/Dxprdtnxdtlsxm.hbm.xml</value>
                <value> com/seeinfobiz/click/entitybean/Pxadxstxm.hbm.xml</value>
                <value> com/seeinfobiz/click/entitybean/Pxeshlrxprcsxdtls.hbm.xml</value>
                <value> com/seeinfobiz/click/entitybean/Pxarcvxshdlrxm.hbm.xml</value>
                <value> com/seeinfobiz/click/entitybean/Cxprcsxdtls.hbm.xml</value>
                <value> com/seeinfobiz/click/entitybean/Pxusxprdctxlnk.hbm.xml</value>
                <value> com/seeinfobiz/click/entitybean/Pxprdctxsla.hbm.xml</value>
                <value> com/seeinfobiz/click/entitybean/Pxunathxus.hbm.xml</value>
                <value> com/seeinfobiz/click/entitybean/Pxusxrlxlnk.hbm.xml</value>
                <value> com/seeinfobiz/click/entitybean/Pxloclexm.hbm.xml</value>
                <value> com/seeinfobiz/click/entitybean/Pxarcvxshdlrxdtls.hbm.xml</value>
                <value> com/seeinfobiz/click/entitybean/Pxemxsrvxcnfg.hbm.xml</value>
                <value> com/seeinfobiz/click/entitybean/Dxcstmrxm.hbm.xml</value>
                <value> com/seeinfobiz/click/entitybean/Pxusxregxlnk.hbm.xml</value>
                <value> com/seeinfobiz/click/entitybean/Dxcstmrxdtls.hbm.xml</value>
                <value> com/seeinfobiz/click/entitybean/Pxmnlxgnrtnxm.hbm.xml</value>
                <value> com/seeinfobiz/click/entitybean/Pxbncdxrsnxm.hbm.xml</value>
                <value> com/seeinfobiz/click/entitybean/Dxprxprdtnxm.hbm.xml</value>
                <value> com/seeinfobiz/click/entitybean/Pxmtxrlxm.hbm.xml</value>
                <value> com/seeinfobiz/click/entitybean/Pxetlxflxm.hbm.xml</value>
                <value> com/seeinfobiz/click/entitybean/Dxtrnsxdtls.hbm.xml</value>
                <value> com/seeinfobiz/click/entitybean/Pxrlxm.hbm.xml</value>
                <value> com/seeinfobiz/click/entitybean/Pxusxact.hbm.xml</value>
                <value> com/seeinfobiz/click/entitybean/Pxemlxpsdxm.hbm.xml</value>
                <value> com/seeinfobiz/click/entitybean/Pxprdctxdtl.hbm.xml</value>
                <value> com/seeinfobiz/click/entitybean/Pxprmxemlxdtls.hbm.xml</value>
                <value> com/seeinfobiz/click/entitybean/Pxaltxevtxm.hbm.xml</value>
                <value> com/seeinfobiz/click/entitybean/Cxprcsxm.hbm.xml</value>
                <value> com/seeinfobiz/click/entitybean/Dxtrnsxchrgxdtls.hbm.xml</value>
                <value> com/seeinfobiz/click/entitybean/Pxaltxevtxtm.hbm.xml</value>
                <value> com/seeinfobiz/click/entitybean/Pxadmnxpsdxdtls.hbm.xml</value>
                <value> com/seeinfobiz/click/entitybean/Pxeshlrxprcsxmde.hbm.xml</value>
                <value> com/seeinfobiz/click/entitybean/Pxbncdxsbjct.hbm.xml</value>
                <value> com/seeinfobiz/click/entitybean/Pxregxm.hbm.xml</value>
                <value> com/seeinfobiz/click/entitybean/Dxdmtxsmry.hbm.xml</value>
                <value> com/seeinfobiz/click/entitybean/Cxrlbkxm.hbm.xml</value>
                <value> com/seeinfobiz/click/entitybean/Dxbrnchxm.hbm.xml</value>
                <value> com/seeinfobiz/click/entitybean/Pxstxarcvxdtls.hbm.xml</value>
                <value> com/seeinfobiz/click/entitybean/Dxtrnsxsmryxdtls.hbm.xml</value>
                <value> com/seeinfobiz/click/entitybean/Pxbncdxshdlrxdtls.hbm.xml</value>
                <value> com/seeinfobiz/click/entitybean/Pxdlvryxchnlxm.hbm.xml</value>
                <value> com/seeinfobiz/click/entitybean/Pxusxlocxlnk.hbm.xml</value>
                <value> com/seeinfobiz/click/entitybean/Dxinsuxsmry.hbm.xml</value>
                <value> com/seeinfobiz/click/entitybean/Pxmnxds.hbm.xml</value>
                <value> com/seeinfobiz/click/entitybean/Pxusrxtmpxrgtxm.hbm.xml</value>
                <value> com/seeinfobiz/click/entitybean/Dxtelomxsmry.hbm.xml</value>
                <value> com/seeinfobiz/click/entitybean/Cxsuprsnxm.hbm.xml</value>
                <value> com/seeinfobiz/click/entitybean/Pxusrxm.hbm.xml</value>
                <value> com/seeinfobiz/click/entitybean/Pxstxarcvxm.hbm.xml</value>
                <value> com/seeinfobiz/click/entitybean/Pxmtxgrpxm.hbm.xml</value>
                <value> com/seeinfobiz/click/entitybean/Pxstxarcvxtrn.hbm.xml</value>
                <value> com/seeinfobiz/click/entitybean/Pxmtxrlxdtls.hbm.xml</value>
                <value> com/seeinfobiz/click/entitybean/Pxeshdlrxprcsxetl.hbm.xml</value>
                <value> com/seeinfobiz/click/entitybean/Pxprmxemlxm.hbm.xml</value>
                <value> com/seeinfobiz/click/entitybean/Dxtelcomxdtls.hbm.xml</value>
                <value> com/seeinfobiz/click/entitybean/Pxemlxgrpxlnk.hbm.xml</value>
                <value> com/seeinfobiz/click/entitybean/Pxarcvxshdlrxmde.hbm.xml</value>
                <value> com/seeinfobiz/click/entitybean/Pxusrxtmpxrgtxdtl.hbm.xml</value>
                <value> com/seeinfobiz/click/entitybean/Pxbncdxmlxcng.hbm.xml</value>
                <value> com/seeinfobiz/click/entitybean/Pxaplxhlthxchp.hbm.xml</value>
                <value> com/seeinfobiz/click/entitybean/Pxaltxevtxdts.hbm.xml</value>
                <value> com/seeinfobiz/click/entitybean/LkpCrtraView.hbm.xml</value>
                <value> com/seeinfobiz/click/entitybean/Cxmxtxc.hbm.xml</value>
                <value> com/seeinfobiz/click/entitybean/Pxmxc.hbm.xml</value>
                <value> com/seeinfobiz/click/entitybean/Pxbncdxfrmxhdr.hbm.xml</value>
                <value> com/seeinfobiz/click/entitybean/Pxbncdxerlbxm.hbm.xml</value>
                <value> com/seeinfobiz/click/entitybean/ebpSchedularView.hbm.xml</value>
                <value> com/seeinfobiz/click/entitybean/DxprdtnxdtlsxmTmp.hbm.xml</value>
                <value> com/seeinfobiz/click/entitybean/Pxprmxemlxlgxdtls.hbm.xml</value>
                <value>com/seeinfobiz/click/entitybean/Pxprmxemlxlg.hbm.xml</value>
                <value>com/seeinfobiz/click/entitybean/Cxvarxlsxt.hbm.xml</value>
                <value>com/seeinfobiz/click/entitybean/Pcxprmxprdtx.hbm.xml</value>
                <!-- added for linkMaster module on 2nd Aug, 2011 -->
                <value>com/seeinfobiz/click/entitybean/Pxlnkxm.hbm.xml</value>
                <!-- added for image master module on 30th Aug, 2011 -->
                <value>com/seeinfobiz/click/entitybean/Pximgxm.hbm.xml</value>
                 <!-- added for Promotional Imaage Details module on 31th Aug, 2011 -->
                <value>com/seeinfobiz/click/entitybean/Pxprmximgxdtls.hbm.xml</value>
                <value>com/seeinfobiz/click/entitybean/Pxprmxemlxrunxdtl.hbm.xml</value>
                <value>com/seeinfobiz/click/entitybean/Pxemlimgdtls.hbm.xml</value>
                <!-- path for the excel download included-->
                <value>com/seeinfobiz/click/entitybean/Pxpthxm.hbm.xml</value>
                <value>com/seeinfobiz/click/entitybean/LkpSchedularView.hbm.xml</value>
                <value>com/seeinfobiz/click/entitybean/Pxdeptxm.hbm.xml</value>
                <value>com/seeinfobiz/click/entitybean/Pxdxrxrpt.hbm.xml</value>
                <value>com/seeinfobiz/click/entitybean/Pxprmxemlxshdlrxdtls.hbm.xml</value>
                <value>com/seeinfobiz/click/entitybean/Cxqryxm.hbm.xml</value>
                <value>com/seeinfobiz/click/entitybean/Cxprefxqry.hbm.xml</value>
                <value>com/seeinfobiz/click/entitybean/Pxrdxdrxshdlrxdtls.hbm.xml</value>
                <value>com/seeinfobiz/click/entitybean/Pxrdxdrxm.hbm.xml</value>

                <value>com/seeinfobiz/click/entitybean/Pxwzrdxdtls.hbm.xml</value>
                <value>com/seeinfobiz/click/entitybean/Usreqa.hbm.xml</value>
                <value>com/seeinfobiz/click/entitybean/Pxshdlrxarcv.hbm.xml</value>
                <value>com/seeinfobiz/click/entitybean/Pxshdlrxm.hbm.xml</value>

                <!-- Email Campaign -->
                <value>com/seeinfobiz/click/entitybean/Pxcstxcolxmap.hbm.xml</value>
                <value>com/seeinfobiz/click/entitybean/Pxcstxmst.hbm.xml</value>
                <value>com/seeinfobiz/click/entitybean/Pxemxlstxmst.hbm.xml</value>
                <value>com/seeinfobiz/click/entitybean/Pxcmpxrprt.hbm.xml</value>
                <value>com/seeinfobiz/click/entitybean/Pxdsgxlbl.hbm.xml</value>
                <value>com/seeinfobiz/click/entitybean/Pxprmxtmpt.hbm.xml</value>
                <value>com/seeinfobiz/click/entitybean/Pxmisxemxcmpxcst.hbm.xml</value>
                <value>com/seeinfobiz/click/entitybean/Pxshdlrxabort.hbm.xml</value>
                 <!-- added by vibhooti for master pod report 11 nov 2013 -->
                <value>com/seeinfobiz/click/entitybean/MasterPod.hbm.xml</value>
                <value>com/seeinfobiz/click/entitybean/MasterPrtyTmplt.hbm.xml</value>
                <value>com/seeinfobiz/click/entitybean/MasterPrtyPincde.hbm.xml</value>
                <value>com/seeinfobiz/click/entitybean/scheduleXall.hbm.xml</value>
                <!-- Template Priority Master -->
                <value>com/seeinfobiz/click/entitybean/Pxtemplatexpriorityxm.hbm.xml</value>
                <value>com/seeinfobiz/click/entitybean/Pxsmsxcfg.hbm.xml</value>

                 <!--               SMS/EMAIL ALERT-->
                <value>com/seeinfobiz/click/entitybean/Pxalrtxcfgxm.hbm.xml</value>
                <value>com/seeinfobiz/click/entitybean/Pxalrtxcfgxlg.hbm.xml</value>
                <value>com/seeinfobiz/click/entitybean/Pxalrtxcfgxlgxdtls.hbm.xml</value>
                <value>com/seeinfobiz/click/entitybean/Cxalrtxprcsxm.hbm.xml</value>
                <value>com/seeinfobiz/click/entitybean/Pxalrtxsttsxscd.hbm.xml</value>
                <value>com/seeinfobiz/click/entitybean/Pxemlxalias.hbm.xml</value>
                <value>com/seeinfobiz/click/entitybean/Pxalrtxcstmrxdtls.hbm.xml</value>
                <value>com/seeinfobiz/click/entitybean/Pxalrtxsttsxscd_dtls.hbm.xml</value>
                 <value>com/seeinfobiz/click/entitybean/Pxalrtxthrxm.hbm.xml</value>
                 
                 <value>com/seeinfobiz/click/entitybean/Pxfrmxeml.hbm.xml</value>
                 <value>com/seeinfobiz/click/entitybean/Pxmainxproduct.hbm.xml</value>
                 <value>com/seeinfobiz/click/entitybean/Pxsubxproduct.hbm.xml</value>
                 <value>com/seeinfobiz/click/entitybean/Pxendxproduct.hbm.xml</value>


            </list>
        </property>
    </bean>
</beans>
