<?xml version="1.0" encoding="UTF-8" ?>

<!DOCTYPE struts PUBLIC
"-//Apache Software Foundation//DTD Struts Configuration 2.0//EN"
"http://struts.apache.org/dtds/struts-2.0.dtd">

<struts>
    <package name="viewsArchiveAndPurge" namespace="/clickpss" extends="Session">
         <default-interceptor-ref name="myStack" />
        <action name="archivePurgeAction" class="archivePurgeBean" method="getarchivePurgeAction">
            <result name="success">/views/Operation/HouseCleaning/Archeive_lending.jsp</result>
        </action>

        <action name="addArchive" class="archivePurgeBean" method="addArchiveDetails">
             <result name="success">/views/Operation/HouseCleaning/ArchieveSchedule2.jsp</result>
            
        </action>

        <action name="addArchiveData" class="archivePurgeBean" method="saveArchiveDetails">
             <result name="success">/views/Operation/HouseCleaning/Archeive_lending.jsp</result>
            <result name="duplicateRule">/views/Operation/HouseCleaning/ArchieveSchedule2.jsp</result>
        </action>

        <action name="getArchiveForUpdate" class="archivePurgeBean" method="getDetails">
             <result name="success">/views/Operation/HouseCleaning/ArchieveSchedule2.jsp</result>
            
        </action>


        <action name="updateArchiveData" class="archivePurgeBean" method="updateArchiveDetails">
           <result name="success">/views/Operation/HouseCleaning/Archeive_lending.jsp</result>
        </action>

        <action name="deleteArchive" class="archivePurgeBean" method="deleteArchiveDetails">
             <result name="success">/views/Operation/HouseCleaning/Archeive_lending.jsp</result>
        </action>

         <action name="cancelArchive" class="archivePurgeBean" method="cancelArchive">
             <result name="success">/views/Operation/HouseCleaning/Archeive_lending.jsp</result>

        </action>

         <action name="searchArchiveDataAction" class="archivePurgeBean" method="searchArchive">
             <result name="success">/views/Operation/HouseCleaning/Archeive_lending.jsp</result>
              <result name="error">/views/Operation/HouseCleaning/Archeive_lending.jsp</result>
        </action>


         <action name="resetArchiveDataAction" class="archivePurgeBean" method="resetArchive">
           <result name="success">/views/Operation/HouseCleaning/Archeive_lending.jsp</result>
        </action>

        <action name="retrieAction" class="archivePurgeBean" method="getRetrivalAction">
            <result name="success">/views/Operation/HouseCleaning/Retrival.jsp</result>
        </action>

        <action name="searchArchDetails" class="archivePurgeBean" method="displayArchiveLocDetails">
             <result name="success">/views/Operation/HouseCleaning/Retrival.jsp</result>
        </action>
       
        

    </package>
</struts>

