<?xml version="1.0" encoding="UTF-8" ?>

<!DOCTYPE struts PUBLIC
        "-//Apache Software Foundation//DTD Struts Configuration 2.0//EN"
        "http://struts.apache.org/dtds/struts-2.0.dtd">
<struts>
    <package name="bannerUploadLocaley" namespace="/clickpss" extends="Session">
        <default-interceptor-ref name="myStack" />
    </package>

    <package name="bannerUpload" namespace="/clickpss" extends="Session">
        <default-interceptor-ref name="myStack" />
       
        <action name="bannerUpload" class="bannerUploadAction" method="getBannerUploadView">
            <result name="success">/views/BannerUpload/bannerUploadProcess.jsp</result>
            <result name="error">/views/commonErrorView.jsp</result>
        </action>
        
        
        <action name="fetchBannerCurrentDetails" class="bannerUploadAction" method="fetchBannerCurrentDetails">
            <result name="success">/views/BannerUpload/bannerUploadProcess.jsp</result>
            <result name="error">/views/commonErrorView.jsp</result>
        </action>
        
        <!--         <action name="fetchBannerUplaodedDetails" class="bannerUploadAction" method="fetchBannerUplaodedDetails">
            <result name="success">/views/BannerUpload/bannerUploadProcess.jsp</result>
            <result name="error">/views/commonErrorView.jsp</result>
        </action>-->
        
        <action name="uploadFile" class="bannerUploadAction" method="uploadFile">
            <result name="success">/views/BannerUpload/bannerUploadProcess.jsp</result>
            <result name="error">/views/commonErrorView.jsp</result>
        </action>
        <action name="downloadBannerFile" class="bannerUploadAction" method="downloadBannerFile">
            <result name="success" type="stream">
                <param name="contentType">application/octet-stream</param>
                <param name="inputName">fileInputStream</param>
        <param name="contentDisposition">attachment;filename="${fileName}"</param>
                <param name="bufferSize">1024</param>
            </result>
            <result name="error">/views/commonErrorView.jsp</result>
        </action>
        
        <action name="getFileUploadView" class="bannerUploadAction" method="getFileUploadView">
            <result name="success">/views/BannerUpload/uploadBanner.jsp</result>
            <result name="error">/views/commonErrorView.jsp</result>
        </action>
    </package>

</struts>

