<!DOCTYPE struts PUBLIC
"-//Apache Software Foundation//DTD Struts Configuration 2.0//EN"
"http://struts.apache.org/dtds/struts-2.0.dtd">
<!-- Author: Dhanaji Chaudhar -->
<struts>
    <!-- Add your configuration elements here -->
    <package name="billCycleDisplay" namespace="/clickpss" extends="Session">
       <default-interceptor-ref name="myStack" />
       <action name="BillCycleAction" class="billCycleBeanId">
            <result>/views/RevenueAssurance/Report.jsp</result>
            <result name="input">/views/RevenueAssurance/Report.jsp</result>
        </action>
        <action name="BillCycleReset" class="billCycleBeanId" method="reset">
            <result>/views/RevenueAssurance/Report.jsp</result>
        </action>

        <action name="searchBillCycle" class="billCycleBeanId" method="searchBillCycleAction">
            <result>/views/RevenueAssurance/Report.jsp</result>
        </action>
        
        <action name="BillCycleQA" class="billCycleBeanId" method="doBillCycleQA">
            <result name="goToBillCycleQA">/views/RevenueAssurance/QAReport.jsp</result>
            <result name="input" type="redirect">BillCycleAction</result>
        </action>
        <action name="MailForword" class="billCycleBeanId" method="mailForword">
            <result>/views/RevenueAssurance/MailForward.jsp</result>
        </action>

        <action name="ViewStatement" class="billCycleBeanId" method="viewStatement">
            <result name="success" type="stream">
                <param name="inputName">fileInputStream</param>
                <param name="contentType">application/octet-stream</param>
                <param name="bufferSize">2048</param>
            </result>
            <result name="goToBillCycleQA">/views/RevenueAssurance/QAReport.jsp</result>
            <result name="input">/views/RevenueAssurance/QAReport.jsp</result>
        </action>
        <action name="SubmitBillQA" class="billCycleBeanId" method="submitBillCycleQA">
            <result name="goToBillCycleList" type="redirect">BillCycleAction</result>
            <result name="input" type="redirect">BillCycleAction</result>
        </action>

        <action name="emailForwardQA" class="billCycleBeanId" method="emailForwardQASubmit">
            <result  name="success" type="redirect">BillCycleQA</result>
            <result  name="error" type="redirect">BillCycleQA</result>
        </action>
        <action name="emailCancel" class="billCycleBeanId" method="emailForwardQACancel">
            <result  name="success" type="redirect">BillCycleQA</result>
            <result  name="error" type="redirect">BillCycleQA</result>
        </action>

    </package>
</struts>
