<?xml version="1.0" encoding="UTF-8" ?>

<!DOCTYPE struts PUBLIC
"-//Apache Software Foundation//DTD Struts Configuration 2.0//EN"
"http://struts.apache.org/dtds/struts-2.0.dtd">

<struts>
    <package name="BounceTrapRepResend" namespace="/clickpss" extends="Session">
          <default-interceptor-ref name="myStack" />
        <action name="bounceTrapRepoAction" class="bounceEmailTrapperReSend" method="getBounceTrapReport">
            
            <result name="success">/views/Operation/BounceTrapReport/Bounce_Trap_Rep_Resend.jsp</result>
        </action>

        <action name="getDataBnTrapResnd" class="bounceEmailTrapperReSend" method="getBounceTrapReportReSendRept">

            <result name="success">/views/Operation/BounceTrapReport/Bounce_Trap_Rep_Resend.jsp</result>
        </action>

        <action name="searchBnTrapAction" class="bounceEmailTrapperReSend" method="searchBounceTrapReportReSendRept">
            <result name="success">/views/Operation/BounceTrapReport/Bounce_Trap_Rep_Resend.jsp</result>
            <result name="error">/views/Operation/BounceTrapReport/Bounce_Trap_Rep_Resend.jsp</result>
        </action>

        <action name="resetBnTrapAction" class="bounceEmailTrapperReSend" method="resetBounceTrapReportReSendRept">

            <result name="success">/views/Operation/BounceTrapReport/Bounce_Trap_Rep_Resend.jsp</result>
        </action>
       
        <action name="reSendMail" class="bounceEmailTrapperReSend" method="reSndBounceTrapReportReSendRept">

            <result type="redirect">getDataBnTrapResnd</result>
        </action>
        <action name="deleteMail" class="bounceEmailTrapperReSend" method="deleteBounceTrapReportReSendRept">

            <result name="success">/views/Operation/BounceTrapReport/Bounce_Trap_Rep_Resend.jsp</result>
        </action>
       
         <action name="bouncetrapNetcoreReport" class="bounceEmailTrapperReSend" method="bouncetrapNetcoreReport">
            <result name="success">/views/Operation/BounceTrapReport/Bounce_Trap_Bounce_Files.jsp</result>
       </action>

  <action name="bouncetrapNetcoreReportDownload" class="bounceEmailTrapperReSend" method="bouncetrapNetcoreReportDownload">
            <result name="success" type="stream">
                <param name="inputName">fileInputStream</param>
                <param name="contentType">application/octet-stream</param>
                <param name="contentDisposition">attachment;filename=${exportFileName}</param>
                <param name="bufferSize">2048</param>
            </result>
            <result name="error">/views/Operation/BounceTrapReport/Bounce_Trap_Bounce_Files.jsp</result>
          
        </action>
    </package>
</struts>

