<?xml version="1.0" encoding="UTF-8" ?>

<!DOCTYPE struts PUBLIC
"-//Apache Software Foundation//DTD Struts Configuration 2.0//EN"
"http://struts.apache.org/dtds/struts-2.0.dtd">

<struts>
    <package name="ViewsBounceEmail" namespace="/clickpss" extends="Session">
         <default-interceptor-ref name="myStack" />
        <action name="showBouncemailconfig" class="BounceEmailTrapper" method="getEmailBounce">
            <result>/views/Administrator/emailsetup/BounceTrapper/View_BounceTrapper.jsp</result>
       </action>
       <action name="addEmlBounce" class="BounceEmailTrapper" method="addPage">
            <result>/views/Administrator/emailsetup/BounceTrapper/BounceTrapper.jsp</result>
       </action>
       <action name="saveEmlBounce" class="BounceEmailTrapper" method="addEmailBounce">
             <result>/views/Administrator/emailsetup/BounceTrapper/View_BounceTrapper.jsp</result>
       </action>
       <action name="delEmlBounce" class="BounceEmailTrapper" method="delEmailBounce">
            <result>/views/Administrator/emailsetup/BounceTrapper/View_BounceTrapper.jsp</result>
       </action>
       <action name="UpdateBounceEail" class="BounceEmailTrapper" method="saveAndUpdationEmailBounce">
            <result>/views/Administrator/emailsetup/BounceTrapper/View_BounceTrapper.jsp</result>
       </action>
       <action name="getUpdateMailBounceConfig" class="BounceEmailTrapper" method="updateEmailConfig">
            <result>/views/Administrator/emailsetup/BounceTrapper/UpdateBounceEmail.jsp</result>
       </action>

       <action name="searchBounceEmailServerId" class="BounceEmailTrapper" method="searchEmailBounce">
            <result name="success">/views/Administrator/emailsetup/BounceTrapper/View_BounceTrapper.jsp</result>
            <result name="error">/views/Administrator/emailsetup/BounceTrapper/View_BounceTrapper.jsp</result>
       </action>

       <action name="resetBounceEmailServer" class="BounceEmailTrapper" method="resetEmailBounce">
            <result>/views/Administrator/emailsetup/BounceTrapper/View_BounceTrapper.jsp</result>
       </action>

     </package>
</struts>

