<?xml version="1.0" encoding="UTF-8"?>

<!--
    Document   : emailCampaign.xml
    Created on : March 22, 2012, 10:55 AM
    Author     : Sagar
    Description:
        Purpose of the document follows.
-->

<!DOCTYPE struts PUBLIC
"-//Apache Software Foundation//DTD Struts Configuration 2.0//EN"
"http://struts.apache.org/dtds/struts-2.0.dtd">

<struts>
    <package name="CampaignUsersList" namespace="/clickpss" extends="Session">
               <default-interceptor-ref name="myStack" />
        <action name="showCampaignFilesList" class="campaignUsersAction" method="showCampaignFilesList">
            <result name="success">/views/markting/promotionalEmail/campaignUsers/campignFileList.jsp</result>
            <result name="error">/views/markting/promotionalEmail/campaignUsers/campignFileList.jsp</result>
        </action>
        <action name="deleteCampFile" class="campaignUsersAction" method="deleteCampFile">
            <result name="success">/views/markting/promotionalEmail/campaignUsers/campignFileList.jsp</result>
            <result name="error">/views/markting/promotionalEmail/campaignUsers/campignFileList.jsp</result>
        </action>
        <action name="showCustList" class="campaignUsersAction" method="showCustList">
            <result name="success">/views/markting/promotionalEmail/campaignUsers/campignFileList.jsp</result>
            <result name="error">/views/markting/promotionalEmail/campaignUsers/campignFileList.jsp</result>
        </action>
        <action name="getEmailForUpdate" class="campaignUsersAction" method="getEmailForUpdate">
            <result name="success">/views/markting/promotionalEmail/campaignUsers/editCampignCustomer.jsp</result>
            <result name="error">/views/markting/promotionalEmail/campaignUsers/campignFileList.jsp</result>
        </action>
        <action name="updateCampaignUser" class="campaignUsersAction" method="updateCampaignUser">
            <result name="success">/views/markting/promotionalEmail/campaignUsers/campignFileList.jsp</result>
            <result name="error">/views/markting/promotionalEmail/campaignUsers/campignFileList.jsp</result>
        </action>
        <action name="deleteCampaignUser" class="campaignUsersAction" method="deleteCampaignUser">
            <result name="success">/views/markting/promotionalEmail/campaignUsers/campignFileList.jsp</result>
            <result name="error">/views/markting/promotionalEmail/campaignUsers/campignFileList.jsp</result>
        </action>
        <action name="cancelCampaignUser" class="campaignUsersAction" method="showCampaignFilesList">
            <result name="success">/views/markting/promotionalEmail/campaignUsers/campignFileList.jsp</result>
            <result name="error">/views/markting/promotionalEmail/campaignUsers/campignFileList.jsp</result>
        </action>



         <action name="campaignReport" class="campaignUsersAction" method="getCampaignNameList">
            <result name="success">/views/markting/promotionalEmail/campaignReport/campignReport.jsp</result>
            <result name="error">/views/markting/promotionalEmail/campaignReport/campignReport.jsp</result>
        </action>
         <action name="campaignReportPrcsList" class="campaignUsersAction" method="getCampaignProcessList">
            <result name="success">/views/markting/promotionalEmail/campaignReport/campignReport.jsp</result>
            <result name="error">/views/markting/promotionalEmail/campaignReport/campignReport.jsp</result>
        </action>
        
        <action name="showCampaignReport" class="campaignUsersAction" method="getCampaignReportForOneSchedularProcess">
            <result name="success">/views/markting/promotionalEmail/campaignReport/campignReport.jsp</result>
            <result name="error">/views/markting/promotionalEmail/campaignReport/campignReport.jsp</result>
        </action>
        <!-- 
            <action name="showCampaignReport" class="campaignUsersAction" method="showCampaignReport">
            <result name="success">/views/markting/promotionalEmail/campaignReport/campignReport.jsp</result>
            <result name="error">/views/markting/promotionalEmail/campaignReport/campignReport.jsp</result>
        </action>
        -->
    </package>
</struts>

