<?xml version="1.0" encoding="UTF-8" ?>

<!DOCTYPE struts PUBLIC
        "-//Apache Software Foundation//DTD Struts Configuration 2.0//EN"
        "http://struts.apache.org/dtds/struts-2.0.dtd">
<struts>
    <package name="ccbinMasterLocaley" namespace="/clickpss" extends="Session">
        <default-interceptor-ref name="myStack" />
    </package>

    <package name="ccbinMaster" namespace="/clickpss" extends="Session">
        <default-interceptor-ref name="myStack" />
       
        <action name="ccbinMaster" class="ccBinMasterBeanId" method="getView">
            <result name="success">/views/CCBinMaster/CC_Bin_Mst.jsp</result>
            <result name="error">/views/commonErrorView.jsp</result>
            <result name="input">/views/UserAccess.jsp</result>
        </action>
        <!--       Edit Actions Start-->
        <action name="editAction" class="ccBinMasterBeanId" method="getBinDataForUpdation">
            <result name="success">/views/CCBinMaster/Edit_Bin_Mst.jsp</result>
            <result name="error">/views/commonErrorView.jsp</result>
             <result name="input">/views/UserAccess.jsp</result>
        </action>
        <action name="updateBinAction" class="ccBinMasterBeanId" method="UpdateBinData">
            <result>/views/CCBinMaster/CC_Bin_Mst.jsp</result>
        </action>
        
        <action name="cancelBinAction" class="ccBinMasterBeanId" method="getView">
            <result name="success">/views/CCBinMaster/CC_Bin_Mst.jsp</result>
            <result name="error">/views/commonErrorView.jsp</result>
        </action>
        
        <!-- Edit Actions End-->    
        <!-- Add Actions Start-->  
        <action name="addBinAction" class="ccBinMasterBeanId" method="getAddView">
         
            <result name="success">/views/CCBinMaster/Create_Bin_Mst.jsp</result>
            <result name="error">/views/commonErrorView.jsp</result>
            <result name="input">/views/UserAccess.jsp</result>
        </action>
        
        <action name="submitBinAction" class="ccBinMasterBeanId" method="AddBinData">
            <result name="success">/views/CCBinMaster/CC_Bin_Mst.jsp</result>
            <result name="error">/views/commonErrorView.jsp</result>
        </action>
        <!-- Add Actions End -->   
        <action name="checkCardDetailsAction">
            <result>/views/CCBinMaster/Card_Details.jsp</result>
        </action>
        
       
    </package>

</struts>

