<?xml version="1.0" encoding="UTF-8" ?>
<!DOCTYPE struts PUBLIC
"-//Apache Software Foundation//DTD Struts Configuration 2.0//EN"
"http://struts.apache.org/dtds/struts-2.0.dtd">
<struts>
    <package name="Session"  extends="struts-default">
        <interceptors>
            <interceptor name="SessionLoggingInterceptor"
                         class="com.seeinfobiz.click.interceptors.LoggingInterceptor" />
            <interceptor name="SessionLoginSessionInterceptor"
                         class="com.seeinfobiz.click.interceptors.LoginSessionInterceptor" />

            <!--<interceptor name="UIInterceptor"
                         class="com.seeinfobiz.click.interceptors.UIInterceptor" />
            -->
            <interceptor-stack name="myStack">
                <interceptor-ref name="SessionLoggingInterceptor" />
                <interceptor-ref name="SessionLoginSessionInterceptor" />
                <!--<interceptor-ref name="UIInterceptor" />-->
                <interceptor-ref name="defaultStack" />
                <interceptor-ref name="tokenSession">
                    <param name="excludeMethods">*</param>
                </interceptor-ref>
            </interceptor-stack>
            <interceptor-stack name="fileUploadStack">
                <interceptor-ref name="exception" />
                <interceptor-ref name="alias" />
                <interceptor-ref name="servletConfig" />
                <interceptor-ref name="prepare" />
                <interceptor-ref name="i18n" />
                <interceptor-ref name="chain" />
                <interceptor-ref name="debugging" />
                <interceptor-ref name="profiling" />
                <interceptor-ref name="scopedModelDriven" />
                <interceptor-ref name="modelDriven" />
                <interceptor-ref name="fileUpload">
                    <param name="fileUpload.maximumSize">5931181</param>
                    <param name="allowedTypes">image/jpeg,image/gif,image/png</param>
                </interceptor-ref>
                <interceptor-ref name="checkbox" />
                <interceptor-ref name="staticParams" />
                <interceptor-ref name="actionMappingParams" />
<!--              commented by Rambabu -->
<!--                <interceptor-ref name="params">
                    <param name="excludeParams">dojo\..*,^struts\..*</param>
                </interceptor-ref>-->



                <interceptor-ref name="params">
                    <param name="excludeParams">dojo\..*,^struts\..*,^session\..*,^request\..*,^application\..*,^servlet(Request|Response)\..*,parameters\...*,action:*,method:*
                    </param>
                </interceptor-ref>


                <interceptor-ref name="conversionError" />
                <interceptor-ref name="validation">
                    <param name="excludeMethods">input,back,cancel,browse</param>
                </interceptor-ref>
                <interceptor-ref name="workflow">
                    <param name="excludeMethods">input,back,cancel,browse</param>
                </interceptor-ref>
            </interceptor-stack>
        </interceptors>
        <default-interceptor-ref name="myStack" />
        <global-results>
            <result name="applicationError">
                /error/ApplicationErrorPage.jsp
            </result>
            <result name="error">
                /error/Error.html
            </result>
            <result name="loginPage">
                /login.jsp
            </result>
            <result name="sessionExpired">
                /sessionRedirect.jsp
            </result>
            <result name="UnauthorizedAccess">
                /UnauthorizedAccess.html
            </result>
            <result name="invalid.token">
                /customError.jsp
            </result>
        </global-results>
    </package>
</struts>
