<!DOCTYPE struts PUBLIC
"-//Apache Software Foundation//DTD Struts Configuration 2.0//EN"
"http://struts.apache.org/dtds/struts-2.0.dtd">
<!-- Author: Rinav V Gangar -->
<struts>
    <!-- Added By Rinav V Gangar, for ArchiveReport, PageLoad -->
    <package name="reportDisplay" namespace="/clickpss" extends="Session">
        <default-interceptor-ref name="myStack" />
        <action name="getArchiveRept" class="consolidatedReportAction" method="getArchivePageLoad">
            <result name="success">/views/consolidatedReport/archiveReport.jsp</result>
            <result name="error">/views/consolidatedReport/archiveReport.jsp</result>
        </action>
        <!-- Added By Adip kutwal, for ArchiveReport, Display artifics  -->
        <action name="getArchiveArtificsDetail" class="consolidatedReportAction" method="getArchiveArtificsDetail">
            <result name="success">/views/consolidatedReport/artificsDetails.jsp</result>
            <result name="error">/views/consolidatedReport/archiveReport.jsp</result>
        </action>

        <!-- Added By Rinav V Gangar, for ArchiveReport, Display Report getArchiveReptByPrd -->
        <action name="getArchiveReptByPrd" class="consolidatedReportAction" method="getArchiveReportByProduct">
            <result name="success">/views/consolidatedReport/archiveReport.jsp</result>
            <result name="error">/views/consolidatedReport/archiveReport.jsp</result>
        </action>


        <!-- Added By Rinav V Gangar, for LockUnlockUserReport -->
        <action name="getLockUnlockUserRept" class="consolidatedReportAction" method="getLockUnlockUserReport">
            <result name="success">/views/consolidatedReport/lockUnlockUserReport.jsp</result>
            <result name="error">/views/consolidatedReport/lockUnlockUserReport.jsp</result>
        </action>

        <!-- Added By Rinav V Gangar, for LockUnlockUserReport [Date Wise]-->
        <action name="getDateWiseLockUnlockUserReport" class="consolidatedReportAction" method="getDateWiseLockUnlockUserReport">
            <result name="success">/views/consolidatedReport/lockUnlockUserReport.jsp</result>
            <result name="error">/views/consolidatedReport/lockUnlockUserReport.jsp</result>
        </action>

        <!-- Added By Rinav V Gangar, for RollBackReport -->
        <action name="getRollBackRept" class="consolidatedReportAction" method="getRollBackReport">
            <result name="success">/views/consolidatedReport/rollBackReport.jsp</result>
            <result name="error">/views/consolidatedReport/rollBackReport.jsp</result>
        </action>

        <!-- Added By Rinav V Gangar, for RollBackReport [Date Wise] -->
        <action name="getDateWiseRollBackReport" class="consolidatedReportAction" method="getDateWiseRollBackReport">
            <result name="success">/views/consolidatedReport/rollBackReport.jsp</result>
            <result name="error">/views/consolidatedReport/rollBackReport.jsp</result>
        </action>

        <!-- Added By Rinav V Gangar, for systemProcessReport -->
        <action name="getProcessRept" class="consolidatedReportAction" method="getSystemProcessReport">
            <result name = "success">/views/consolidatedReport/processReport.jsp</result>
            <result name = "error">/views/commonErrorView.jsp</result>
        </action>
        <!--<action name="getProcessRept" class="consolidatedReportAction" method="getSystemProcessReport">
            <result name = "success">/views/consolidatedReport/processReport.jsp</result>
            <result name = "error">/views/commonErrorView.jsp</result>
        </action>
        -->

        <!-- Added By Rinav V Gangar, for view any external file from within portal
        <action name="viewExternalStatmt" class="consolidatedReportAction" method="viewStatement">
            <result name="success" type="stream">
                <param name="inputName">fileInputStream</param>
                <param name="contentType">application/octet-stream</param>
                <param name="bufferSize">2048</param>
            </result>
            <result name="error">/views/login.jsp</result>
        </action>-->


        <action name="getSuppressionRept" class="consolidatedReportAction" method="getSuppressionReport">
            <result name="success">/views/consolidatedReport/suppressionReport.jsp</result>
            <result name="error">/views/consolidatedReport/suppressionReport.jsp</result>
        </action>

        <action name="getSupperssionDateReport" class="consolidatedReportAction" method="getSuppressionDateRange">
            <result name="success">/views/consolidatedReport/suppressionReport.jsp</result>
            <result name="error">/views/consolidatedReport/suppressionReport.jsp</result>
        </action>

        <action name="getPreProdRept" class="consolidatedReportAction" method="getPreProdReport">
            <result name="success">/views/consolidatedReport/preProductionReport.jsp</result>
            <!-- no need rajesh coment <result name="error">/views/consolidatedReport/preProductionReport.jsp</result> -->
        </action>

        <action name="getPreproductionDateReport" class="consolidatedReportAction" method="getPreproductionDateRange">
            <result name="success">/views/consolidatedReport/preProductionReport.jsp</result>
            <result name="error">/views/consolidatedReport/preProductionReport.jsp</result>
        </action>

        <action name="getPromotionalEmailRept" class="consolidatedReportAction" method="getPromotionalEmailReport">
            <result name="success">/views/consolidatedReport/promotionalEmailReport.jsp</result>
            <result name="error">/views/consolidatedReport/promotionalEmailReport.jsp</result>
        </action>

        <action name="getPromotionalDateReport" class="consolidatedReportAction" method="getPromotionalDateReport">
            <result name="success">/views/consolidatedReport/promotionalEmailReport.jsp</result>
            <result name="error">/views/consolidatedReport/promotionalEmailReport.jsp</result>
        </action>

        <action name="getCustomerRept" class="consolidatedReportAction" method="getCustomerPageLoad">
            <result name="success">/views/consolidatedReport/customerReport.jsp</result>
            <result name="error">/views/consolidatedReport/customerReport.jsp</result>
        </action>

        <action name="getCustomerBillCycleRept" class="consolidatedReportAction" method="getCustomerBillCycleReport">
            <result name="success">/views/consolidatedReport/customerReport.jsp</result>
            <result name="error">/views/consolidatedReport/customerReport.jsp</result>
        </action>


        <action name="getCustometerDateReport" class="consolidatedReportAction" method="getCustomerDateReport">
            <result name="success">/views/consolidatedReport/customerReport.jsp</result>
            <result name="error">/views/consolidatedReport/customerReport.jsp</result>
        </action>

 <!--Added by Rams for Dispatch Report @Lombard -->
        <action name="getDispatchReport" class="consolidatedReportAction" method="getDispatchReportPageLoad">
            <result name="success">/views/consolidatedReport/consolidatedDispatchReport.jsp</result>
            <result name="error">/views/consolidatedReport/consolidatedDispatchReport.jsp</result>
        </action>
        <action name="getDispatchNameList" class="consolidatedReportAction" method="getDispatchReportPageLoadByName">
            <result name="success">/views/consolidatedReport/consolidatedDispatchReport.jsp</result>
            <result name="error">/views/consolidatedReport/consolidatedDispatchReport.jsp</result>
        </action>
       <!--Added by rambabu for dispathreport getting processid -->
        <action name="getSchNameList" class="consolidatedReportAction" method="getDispatchReportSchdName">
            <result name="success">/views/consolidatedReport/consolidatedDispatchReport.jsp</result>
            <result name="error">/views/consolidatedReport/consolidatedDispatchReport.jsp</result>
        </action>


        <action name="getDispatchDateReport" class="consolidatedReportAction" method="getDispatchDateReport">
            <result name="success">/views/consolidatedReport/consolidatedDispatchReport.jsp</result>
            <result name="error">/views/consolidatedReport/consolidatedDispatchReport.jsp</result>
        </action>
<!--         <action name="getDispatchDateReport" class="consolidatedReportAction" method="getDispatchDateReport">
            <result name="success" type="stream">
                 <param name="contentType">application/vnd.ms-excel</param>
            <param name="contentDisposition">attachment;filename="${productName}"</param>
            <param name="bufferSize">1024</param>

                /views/consolidatedReport/consolidatedDispatchReport.jsp</result>
            <result name="error">/views/consolidatedReport/consolidatedDispatchReport.jsp</result>
        </action>-->

<!-- End Dispatch Report -->

        <!-- Added By Rinav V Gangar, for Common Search -->
        <action name="getSearchReport" class="consolidatedReportAction" method="getSearchReport">
            <result name="success">/views/consolidatedReport/customerReport.jsp</result>
            <result name="error">/views/consolidatedReport/customerReport.jsp</result>
        </action>
    </package>
</struts>

