<?xml version="1.0" encoding="UTF-8" ?>

<!DOCTYPE struts PUBLIC
        "-//Apache Software Foundation//DTD Struts Configuration 2.0//EN"
        "http://struts.apache.org/dtds/struts-2.0.dtd">
<struts>
  
    <package name="viewsCustomerQueryPack" namespace="/clickpss" extends="struts-default">
        
        <action name="ViewCustomerQuery" class="crmAction" method="getCustomerPage">
            <result>/views/CustomerPreferences.jsp</result>
        </action>

          <action name="ViewCustomer" class="crmAction" method="getCustomerQuery">
            <result>/views/CallBacks/async.jsp</result>
        </action>

         <action name="submitSelectedRows" class="crmAction" method="submitCustomerId">
            <result>/views/CustomerPreferences.jsp</result>
        </action>
        
<action name="ViewCustomerQuery" class="reconTracingAction" method="getCustomerPage">
            <result>/views/CustomerPreferences.jsp</result>
        </action>

          <action name="ViewCustomer" class="reconTracingAction" method="getCustomerQuery">
            <result>/views/CallBacks/async.jsp</result>
        </action>

         <action name="submitSelectedRows" class="reconTracingAction" method="submitCustomerId">
            <result>/views/CustomerPreferences.jsp</result>
        </action>

    </package>

</struts>

