<?xml version="1.0" encoding="UTF-8" ?>

<!DOCTYPE struts PUBLIC
"-//Apache Software Foundation//DTD Struts Configuration 2.0//EN"
"http://struts.apache.org/dtds/struts-2.0.dtd">

<struts>
    <package name="Custregd" namespace="/clickpss" extends="Session">
        <default-interceptor-ref name="myStack" />
        
        <action name="custmaker" class="custregAction" method="custmaker">
            <result>/views/Custregd/customer1.jsp</result>
        </action>
        <action name="viewcustomer" class="custregAction" method="getCustomers">
            <result name="success">/views/Custregd/custmaker.jsp</result>
        </action>

        <action name="ApplyCustomerChecker" class="custregAction" method="getCheckerCustomers">
            <result>/views/Custregd/custchecker.jsp</result>
        </action>

        <action name="ApplyCustomer" class="custregAction" method="getCustomers">
            <result>/views/Custregd/custmaker.jsp</result>
        </action>
        
        <action name="createcust" class="custregAction" method="insertCustomer">
            <result>/views/Custregd/ManageCustomerForm.jsp</result>
        </action>
        <action name="getFreq" class="custregAction" method="getFreq">
            <result>/views/Custregd/Frequency.jsp</result>
        </action>

        <action name="getAvailFreq" class="custregAction" method="getAvailFreq">
            <result>/views/Custregd/Frequency.jsp</result>
        </action>

        <action name="getFormat" class="custregAction" method="getFormat">
            <result>/views/Custregd/OutputFormat.jsp</result>
        </action>
        <action name="populateCustomerName" class="custregAction" method="populateCustomerName">
            <result name="success">/views/Custregd/populateCustomerName.jsp</result>
        </action>
        <action name="viewMoreEmails" class="custregAction" method="viewMoreEmails">
            <result name="success">/views/Custregd/addMoreEmails.jsp</result>
        </action>
        <action name="viewMoreContacts" class="custregAction" method="viewMoreContacts">
            <result name="success">/views/Custregd/addMoreCotacts.jsp</result>
        </action>
        <action name="getAlternateEmail" class="custregAction" method="getAlternateEmail">
            <result name="success">/views/Custregd/populateAlternateEmail.jsp</result>
        </action>
        <action name="getAlternateContact" class="custregAction" method="getAlternateContact">
            <result name="success">/views/Custregd/populateAlternateContact.jsp</result>
        </action>
        <action name="populateEmail" class="custregAction" method="populateEmail">
            <result name="success">/views/Custregd/populateEmail.jsp</result>
        </action>
        <action name="populateContact" class="custregAction" method="populateContact">
            <result name="success">/views/Custregd/populateContact.jsp</result>
        </action>
        <action name="populateAccount" class="custregAction" method="populateAccountNumber">
            <result name="success">/views/Custregd/populateAccountNumber.jsp</result>
        </action>
        <action name="populateCustomers" class="custregAction" method="populateCustomers">
            <result>/views/Custregd/populateCust.jsp</result>
        </action>
        
        <action name="populateLDBDtls" class="custregAction" method="populateLDBDtls">
            <result>/views/Custregd/ManageCustomerForm.jsp</result>
        </action>
        
        <action name="populateFrequency" class="custregAction" method="populateFREQUENCY">
            <result name="success">/views/Custregd/populateFrequency.jsp</result>
        </action>
        
        <action name="bulkupload2"  class="custregAction" method="bulkupload">
            <result name="success">/views/Custregd/BulkUpload.jsp</result>
            <result name="input">/views/Custregd/BulkUpload.jsp</result>
        </action>
        
        <action name="bulkupload"  class="custregAction" method="getFileNames">
            <result name="success">/views/Custregd/BulkUpload.jsp</result>
            <result name="input">/views/Custregd/BulkUpload.jsp</result>
        </action>
        
        <!--        <action name="deleteCustomer" class="custregAction" method="deleteCustomer">
            <result>/Custregd/custmaker.jsp</result>
            <result name="success" type="redirect">viewcustomer.action?message=${message}</result>
        </action>-->
        
        <action name="insertOrUpdateCustomer" class="custregAction" method="insertOrUpdateCustomer">
            <result name="success">/views/Custregd/SUCCESS.jsp</result>
            <!-- <result type="chain">custmaker</result>-->
            <result name="fail">/views/errorPage.jsp</result>
        </action>
        
        <action name="approveCustomer" class="custregAction" method="approveCustomer">
            <!-- <result>/Custregd/custchecker.jsp</result> -->
            <result type="chain">approvemessage</result>
        </action>
        
        <action name="reRegisterCustomer" class="custregAction" method="reRegisterCustomer">
            <result name="success">/views/Custregd/custmaker.jsp</result>
            <!--<result type="chain">approvemessage</result>-->
        </action>
        
        <action name="deRegisterCustomer" class="custregAction" method="deRegisterCustomer">
            <result name="success">/views/Custregd/custmaker.jsp</result>
            <!--<result type="chain">approvemessage</result>-->
        </action> 
        <action name="editCustomer" class="custregAction" method="editCustomer">
            <result name="success">/views/Custregd/EditCustomerForm.jsp</result>
            <!--<result type="chain">approvemessage</result>-->
        </action>

        <action name="viewCustomerInfo" class="custregAction" method="viewCustomer">
            <result name="success">/views/Custregd/ViewCustomerInfo.jsp</result>
        </action>

        <action name="viewCheckerCustomerInfo" class="custregAction" method="viewCustomer">
            <result name="success">/views/Custregd/ViewCheckerCustomerInfo.jsp</result>
        </action>

        <action name="approvemessage" class="custregAction" method="ApproveMessage">
            <result>/views/Custregd/custchecker.jsp</result>
            <!-- <result type="chain">custchecker</result>-->
        </action>
        <action name="rejectCustomer" class="custregAction" method="rejectCustomer">
            <!-- <result>/Custregd/custchecker.jsp</result>-->
            <result type="chain">rejectmessage</result>
        </action>
        <action name="rejectmessage" class="custregAction" method="RejectMessage">
            <result>/views/Custregd/custchecker.jsp</result>
            <!-- <result type="chain">custchecker</result>-->
        </action>

       
        
        
        
        
        <action name="fileUpload" class="custregAction" method="fileUpload">
            <interceptor-ref name="fileUpload">
                <param name="maximumSize">30000000</param>
                <!--                <param name="maximumSize">2097152</param>-->
                <!--                <param name="allowedTypes">application/octet-stream,application/vnd.oasis.opendocument.spreadsheet,application/vnd.openxmlformats-officedocument.spreadsheetml.sheet</param>-->
                <!--<param name="allowedExtensions">xls,xlsx</param>-->
            </interceptor-ref>
            <interceptor-ref name="defaultStack"></interceptor-ref>
            <!--<result name="input">/error/wrongFile.jsp</result>-->
            <result name="input">/views/Custregd/BulkUpload.jsp</result>
            <result name="success">/views/Custregd/BulkUpload.jsp</result>
            <!--<result name="success" type="redirect">bulkupload?message=${message}</result>-->
        </action>
        
        <action name="bulkchecker"  class="custregAction" method="bulkchecker">
            <result>/views/Custregd/bulkchecker.jsp</result>
        </action>
        <action name="bulkchecker2"  class="custregAction" method="bulkcheckerland">
            <result>/views/Custregd/bulkchecker.jsp</result>
        </action>
        <action name="deleteFile"  class="custregAction" method="deleteFile">
            <result name="success" type="redirect">bulkupload?message=${message}</result>
        </action>
        <action name="approveFile"  class="custregAction" method="approveFile">
            <result name="success" type="redirect">bulkchecker2?message=${message}</result>
        </action>

        <action name="rejectFile"  class="custregAction" method="rejectFile">
            <result name="success" type="redirect">bulkchecker2?message=${message}</result>
        </action>
        
        <action name="modifyFile"  class="custregAction" method="modifyFile">
            <result name="success" type="redirect">bulkupload?message=${message}</result>
        </action>
        
        
        <!-- for checker -->
        <action name="custchecker" class="custregAction" method="custchecker">
            <result>/views/Custregd/customer2.jsp</result>
        </action>
        <action name="viewcustomerchecker" class="custregAction" method="getCheckerCustomers">
            <result name="success">/views/Custregd/custchecker.jsp</result>
        </action>
        <action name="viewcustomermaker" class="custregAction" method="getMakerCustomers">
            <result name="success">/views/Custregd/custmaker.jsp</result>
        </action>
        
        <action name="UpdateCustomer" class="custregAction" method="UpdateCustomer">
            <!--<result name="success">/views/Custregd/SUCCESS.jsp</result>-->
            <result name="success">/views/Custregd/custmaker.jsp</result>
            <!-- <result type="chain">custmaker</result>-->
            <result name="fail">/views/errorPage.jsp</result>
        </action>
    </package>
</struts>

