<?xml version="1.0" encoding="UTF-8" ?>
<!DOCTYPE struts PUBLIC
        "-//Apache Software Foundation//DTD Struts Configuration 2.0//EN"
        "http://struts.apache.org/dtds/struts-2.0.dtd">
<struts>
    <package name="deliveryChanelSetup" namespace="/clickpss" extends="Session">
        <default-interceptor-ref name="myStack" />
        <action name="deliveryChanelSetup" class="deliveryChanelSetupID"  >
            <result name="success">/views/Administrator/delivery_Setup/DeliveryChanel.jsp</result>
        </action>
        <action name="diliveryChanelSaveData" class="deliveryChanelSetupID" method="add" >
            <result name="success">/views/Administrator/delivery_Setup/DeliveryChanel.jsp</result>
        </action>
        <action name="getdiliveryChanel" class="deliveryChanelSetupID" method="clearData" >
            <result name="success">/views/Administrator/delivery_Setup/DeliveryChanel.jsp</result>
        </action>



         <action name="getdiliveryChanelOnSelect" class="deliveryChanelSetupID" method="getDataDetails" >
            <result name="success">/views/Administrator/delivery_Setup/DeliveryChanel.jsp</result>
        </action>
        <action name="diliveryChanelSaveData1" class="deliveryChanelSetupID" method="added" >
            <result name="success">/views/Administrator/delivery_Setup/DeliveryChanel.jsp</result>
        </action>
        <action name="diliveryChanelUpdate" class="deliveryChanelSetupID" method="updateDelvChannel" >
            <result name="success">/views/Administrator/delivery_Setup/DeliveryChanel.jsp</result>
        </action>
        
        
    </package>
</struts>

