<?xml version="1.0" encoding="UTF-8" ?>

<!DOCTYPE struts PUBLIC
"-//Apache Software Foundation//DTD Struts Configuration 2.0//EN"
"http://struts.apache.org/dtds/struts-2.0.dtd">
<struts>
    <package name="viewsDeliveryReceipt" namespace="/clickpss" extends="Session">
        <!-- <default-interceptor-ref name="myStack" /> -->
        <action name="readReceiptaction" class="readAndDeliveryReceiptId" >
            <result>/views/Administrator/readreceipt/readreceipt.jsp</result>
        </action>
        <action name="getDeliveryReceipt" class="readAndDeliveryReceiptId" method="getDeliveryReceipt" >
            <result>/views/Administrator/deliveryreceipt/successDeliveryReceipt.jsp</result>
        </action>
        <action name="getReadReceipt" class="readAndDeliveryReceiptId" method="getReadReceipt" >
            <result>/views/Administrator/readreceipt/successReadReceipt.jsp</result>
        </action>
        <action name="deliveryReceiptaction" class="readAndDeliveryReceiptId" >
            <result>/views/Administrator/deliveryreceipt/deliveryReceipt.jsp</result>
        </action>

    </package>
</struts>

