<?xml version="1.0" encoding="UTF-8" ?>

<!DOCTYPE struts PUBLIC
        "-//Apache Software Foundation//DTD Struts Configuration 2.0//EN"
        "http://struts.apache.org/dtds/struts-2.0.dtd">
<struts>
    <package name="viewsDepartment" namespace="/clickpss" extends="Session">
        <default-interceptor-ref name="myStack" />
        <action name="Department" class="department">
            <result>/views/Administrator/department/department.jsp</result>
        </action>
        <action name="searchDeptAction" class="department" method="findDepartment">
            <result>/views/Administrator/department/department.jsp</result>
        </action>
        <action name="resetDeptnAction" class="department" method="resetDepartmentSearch">
            <result>/views/Administrator/department/department.jsp</result>
        </action>
        <action name="DepartmentAdd" class="department" method="add">
            <result name="success">/views/Administrator/department/addDepartment.jsp</result>
        </action>

        <action name="departmentCreateAction" class="department" method="addDepartment">
            <result name="success">/views/Administrator/department/department.jsp</result>
             <result name="duplicatDepartment">/views/Administrator/department/addDepartment.jsp</result>
        </action>

        <action name="DepartmentDelete" class="department" method="delete">
            <result name="success">/views/Administrator/department/department.jsp</result>
        </action>
        <action name="DepartmentUpdate" class="department" method="updateDepartment">
            <result name="success">/views/Administrator/department/editDepartment.jsp</result>
        </action>
        <action name="DepartmentUpdateSave" class="department" method="updateDepartmentSave">
            <result name="success">/views/Administrator/department/department.jsp</result>
        </action>
        <action name="DepartmentCancel" class="department" method="cancelDept">
            <result name="">/views/Administrator/department/department.jsp</result>
        </action>
    </package>

       
   
</struts>

