<?xml version="1.0" encoding="UTF-8" ?>

<!DOCTYPE struts PUBLIC
"-//Apache Software Foundation//DTD Struts Configuration 2.0//EN"
"http://struts.apache.org/dtds/struts-2.0.dtd">
 
<struts>
    <package name="ViewEBP" namespace="/clickpss" extends="struts-default">

        <action name="ebpProcAction" class="ebpscheduleActivities" method="getList">
            <result>/views/Operation/Schedular/ebp/addEbp.jsp</result>
        </action>
        <action name="ebpProcActionAdd" class="ebpscheduleActivities" method="addEBP">
            <result>/views/Operation/Schedular/ebp/addEbp.jsp</result>
        </action>
        <action name="ebpProcActionAddData" class="ebpscheduleActivities" method="addEBPData">
            <result>/views/Operation/Schedular/ebp/addEbp.jsp</result>
        </action>

         <action name="populateEtlCombo" class="ebpscheduleActivities" method="getProductEtl">
       <!--     <result>/views/Operation/Schedular/ebp/productEtlResult1.jsp</result> -->
             <result>/views/Operation/Schedular/ebp/addEbp.jsp</result>
        </action>

        <action name="cancelEBPAction" class="ebpscheduleActivities" method="cancleEBPProcess">
            <result>/views/Operation/Schedular/ebp/addEbp.jsp</result>
        </action>
        
        
        <action name="ebpProcActionUpdateData" class="ebpscheduleActivities" method="addEBPData">
            <result>/views/Operation/Schedular/ebp/addEbp.jsp</result>
        </action>
        
    </package>
</struts>

