<?xml version="1.0" encoding="UTF-8" ?>

<!DOCTYPE struts PUBLIC
"-//Apache Software Foundation//DTD Struts Configuration 2.0//EN"
"http://struts.apache.org/dtds/struts-2.0.dtd">
 
<struts>
    <package name="ViewEBPScheduleCalendar" namespace="/clickpss" extends="Session">
         <default-interceptor-ref name="myStack" />
        <action name="DataAction" class="ebpscheduleDisplay" method="getEBPScheduleDetails">
            <result>/views/Operation/Schedular/ebp/EBPScheduleCalender.jsp</result>
        </action>
        <action name="CalenderAction" class="ebpscheduleDisplay" method="getEBPCalender">
            <result>/views/Operation/Schedular/ebp/ebpCalender.jsp</result>
        </action>
         <action name="generatePending" class="ebpscheduleDisplay" method="generatePending">
            <result>/views/Operation/Schedular/ebp/ebpCalender.html</result>
        </action>
         <action name="callBackAction" class="ebpscheduleDisplay" method="getCallBackData">
            <result>/views/CallBacks/EbpCallBack.jsp</result>
        </action>

         <action name="rejectScheduleAction" class="ebpscheduleDisplay" method="rejectSchedule">
            <result>/views/CallBacks/EbpCallBack.jsp</result>
        </action>

         <action name="scheduleAction" class="ebpscheduleDisplay" method="Rescheduled">
            <result>/views/CallBacks/EbpCallBack.jsp</result>
        </action>
        
        <action name="DataActionOFF" class="ebpscheduleDisplay" method="getEBPScheduleDetails">
            <result>/views/Operation/Schedular/ebp/EBPScheduleCalender_1.jsp</result>
        </action>
        
    </package>
</struts>

