<?xml version="1.0" encoding="UTF-8"?>
<!DOCTYPE struts PUBLIC
"-//Apache Software Foundation//DTD Struts Configuration 2.0//EN"
"http://struts.apache.org/dtds/struts-2.0.dtd">

<!--
    Document   : emailRule.xml
    Created on : October 13, 2010, 3:33 PM
    Author     : Administrator
    Description:
        Purpose of the document follows.
-->
<struts>
    <package name="viewsEmailRule" namespace="/clickpss" extends="Session">
        <!--<interceptor-ref name="defaultLoginStack">
            <param name="fileUpload.maximumSize">5242880</param>
        </interceptor-ref>-->
        <default-interceptor-ref name="myStack" />
        <action name="emailRuleAction" class="emailRuleBeanId" method="displayEmailRule">
            <result>/views/Operation/Email/emailRuleMaker.jsp</result>
        </action>
        <action name="hitAddEmailRuleAction" class="emailRuleBeanId" method="getRuleInputData">
            <result>/views/Operation/Email/addEmailRule.jsp</result>
        </action>
        <action name="addEmailRuleAction" class="emailRuleBeanId" method="addEmailRule">
            <result>/views/Operation/Email/emailRuleMaker.jsp</result>
             <result name="ERROR">/views/Operation/Email/addEmailRule.jsp</result>
        </action>
        <action name="deleteEmailRuleAction" class="emailRuleBeanId" method="deleteEmailRule">
            <result>/views/Operation/Email/emailRuleMaker.jsp</result>
        </action>
        <action name="findEmlRuleStatusAction" class="emailRuleBeanId" method="displayEmailRuleSearch">
            <result>/views/Operation/Email/emailRuleMaker.jsp</result>
        </action>
        <action name="findWEmlRuleStatusAction" class="emailRuleBeanId" method="displayEmailRule">
            <result>/views/Operation/Email/emailRuleChecker.jsp</result>
        </action>
        <action name="searchEmailRuleAction" class="emailRuleBeanId" method="findEmailRule">
            <result name="MakerSearch">/views/Operation/Email/emailRuleMaker.jsp</result>
            <result name="CheckerSearch">/views/Operation/Email/emailRuleChecker.jsp</result>
        </action>
        <action name="resetEmailRuleAction" class="emailRuleBeanId" method="resetEmailRuleSearch">
            <result name="MakerSearchReset">/views/Operation/Email/emailRuleMaker.jsp</result>
            <result name="CheckerSearchReset">/views/Operation/Email/emailRuleChecker.jsp</result>
        </action>
        <action name="cancelEmailRuleAction" class="emailRuleBeanId" method="cancelEmailRuleAdd">
            <result>/views/Operation/Email/emailRuleMaker.jsp</result>
        </action>
        <action name="getEmlRuleDataForUpdateAction" class="emailRuleBeanId" method="getDataForEmailRuleUpdate">
            <result>/views/Operation/Email/editEmailRuleMaker.jsp</result>
        </action>
            <action name="updateMailRuleAction" class="emailRuleBeanId" method="updateEmailRuleMaker">
            <result>/views/Operation/Email/emailRuleMaker.jsp</result>
        </action>
        <action name="cancelUpdateEmailRuleAction" class="emailRuleBeanId" method="cancelEmailRuleAdd">
            <result>/views/Operation/Email/emailRuleMaker.jsp</result>
        </action>

        <action name="checkEmlQueryAction" class="emailRuleBeanId" method="validateEmailRule">
            <result>/views/markting/BusinessPromo/validateRule.jsp</result>
        </action>

        <!-- Checker action start -->
        <action name="emailRuleCheckAction" class="emailRuleBeanId" method="displayEmailRule">
            <result>/views/Operation/Email/emailRuleChecker.jsp</result>
        </action>
        <action name="getEmlRuleDataForCheckerUpdateAction" class="emailRuleBeanId" method="getDataForEmailRuleUpdate">
            <result>/views/Operation/Email/editEmailRuleMaker.jsp</result>
        </action>
        <action name="updateEmlRuleAction" class="emailRuleBeanId" method="updateEmailRule">
             <interceptor-ref name="fileUpload"> <param name="maximumSize">100000</param> <param name="allowedTypes"> */* </param> </interceptor-ref> <interceptor-ref name="basicStack"/>
            <result>/views/Operation/Email/emailRuleChecker.jsp</result>
        </action>
        <action name="cancelUpdateAction" class="emailRuleBeanId" method="cancelEmailRuleAdd">
            <result>/views/Operation/Email/emailRuleChecker.jsp</result>
        </action>
         <action name="getEmlRuleDataToViewAction" class="emailRuleBeanId" method="getEmlRuleDataToView">
            <result>/views/Operation/Email/viewEmailRule.jsp</result>
        </action>

         <action name="emailRuleAction" class="emailRuleBeanId" method="displayEmailRule">
            <result>/views/Operation/Email/emailRuleMaker.jsp</result>
        </action>

         <action name="emailAttachmentDeleteAction" class="emailRuleBeanId" method="emailAttachmentDelete">
            <result>/views/Operation/Email/emailRuleMaker.jsp</result>
        </action>

         <action name="getEmailPreview" class="emailRuleBeanId" method="GetPreview">
            <result>/views/Operation/Email/emailPreview_new.jsp</result>
        </action>
        <!-- Checker action end -->
    </package>
</struts>