<?xml version="1.0" encoding="UTF-8"?>

<!--
    Document   : emailCampaign.xml
    Created on : March 22, 2012, 10:55 AM
    Author     : Sagar
    Description:
        Purpose of the document follows.
-->

<!DOCTYPE struts PUBLIC
"-//Apache Software Foundation//DTD Struts Configuration 2.0//EN"
"http://struts.apache.org/dtds/struts-2.0.dtd">

<struts>
    <package name="EmailAlias" namespace="/clickpss" extends="Session">
        <default-interceptor-ref name="myStack" />
        <action name="showAliasList" class="emaiAliasAction" method="showAliasList">
            <result name="success">/views/markting/promotionalEmail/emailAlias/emailAliasList.jsp</result>
        </action>

        
        <action name="addAlias" class="emaiAliasAction" method="addAlias">
            <result name="success">/views/markting/promotionalEmail/emailAlias/addEditAlias.jsp</result>
        </action>

        <action name="saveAlias" class="emaiAliasAction" method="saveAlias">
            <result name="success">/views/markting/promotionalEmail/emailAlias/emailAliasList.jsp</result>
        </action>

        <action name="deleteAlias" class="emaiAliasAction" method="deleteAlias">
            <result name="success">/views/markting/promotionalEmail/emailAlias/emailAliasList.jsp</result>
        </action>

        <action name="getAliasForUpdate" class="emaiAliasAction" method="getAliasForUpdate">
            <result name="success">/views/markting/promotionalEmail/emailAlias/addEditAlias.jsp</result>
            <result name="error">/views/markting/promotionalEmail/emailAlias/emailAliasList.jsp</result>
        </action>

        <action name="updaeAlias" class="emaiAliasAction" method="updaeAlias">
            <result name="success">/views/markting/promotionalEmail/emailAlias/emailAliasList.jsp</result>
            <result name="error">/views/markting/promotionalEmail/emailAlias/emailAliasList.jsp</result>
        </action>

        <action name="cancelAlias" class="emaiAliasAction" method="showAliasList">
            <result name="success">/views/markting/promotionalEmail/emailAlias/emailAliasList.jsp</result>
            <result name="error">/views/markting/promotionalEmail/emailAlias/emailAliasList.jsp</result>
        </action>

        <!--
        <action name="makeActive" class="emaiAliasAction" method="makeActive">
            <result name="success">/views/markting/promotionalEmail/archiveEmailCampaigns.jsp</result>
        </action>
        <action name="makeDelete" class="emaiAliasAction" method="makeDelete">
            <result name="success">/views/markting/promotionalEmail/archiveEmailCampaigns.jsp</result>
        </action> -->
    </package>
</struts>

