<?xml version="1.0" encoding="UTF-8"?>

<!DOCTYPE struts PUBLIC
"-//Apache Software Foundation//DTD Struts Configuration 2.0//EN"
"http://struts.apache.org/dtds/struts-2.0.dtd">
<!--
    Document   : emailRuleGroup.xml
    Created on : November 2, 2010, 10:53 AM
    Author     : Administrator
    Description:
        Purpose of the document follows.
-->

<struts>
    <package name="viewsEmailRuleGrp" extends="Session,json-default" namespace="/clickpss">
        <default-interceptor-ref name="myStack" />
        <action name="emailRuleGrpAction" class="emailRuleGrpBeanId" method="displayEmailRuleGroup">
            <result>/views/Operation/EmailGroup/emailRuleGroup.jsp</result>
        </action>
        <action name="hitAddEmailRuleGrpAction" class="emailRuleGrpBeanId" method="getRuleGroupInputData">
            <result>/views/Operation/EmailGroup/createGroup.jsp</result>
        </action>
        <action name="RuleGropAction" class="emailRuleGrpBeanId" method="getRuleGroup">
            <result>/views/Operation/EmailGroup/createGroup.jsp</result>
        </action>
        <action name="addallvalueAction" class="emailRuleGrpBeanId" method="addEmailRuleGroup">
            <result name="duplicateGroup">/views/Operation/EmailGroup/createGroup.jsp</result>
            <result name="success">/views/Operation/EmailGroup/emailRuleGroup.jsp</result>
        </action>
        <action name="deleteEmailRuleGrpAction" class="emailRuleGrpBeanId" method="deleteEmailRuleGroup">
            <result>/views/Operation/EmailGroup/emailRuleGroup.jsp</result>
        </action>
        <action name="EmailRuleGroupUpdateAction" class="emailRuleGrpBeanId" method="updateEmailGroupSave">
            <result name="success">/views/Operation/EmailGroup/emailEditGroup.jsp</result>
        </action>
        <action name="updateEmailGroupAction" class="emailRuleGrpBeanId" method="updateEmailGroupData">
            <result name="duplicateGroup">/views/Operation/EmailGroup/emailEditGroup.jsp</result>
            <result name="success">/views/Operation/EmailGroup/emailRuleGroup.jsp</result>
        </action>
        <action name="cancelEmailRuleGrpAction" class="emailRuleGrpBeanId" method="cancelEmailGroupData">
            <result name="success">/views/Operation/EmailGroup/emailRuleGroup.jsp</result>
        </action>
        <action name="searchEmailRuleGrpAction" class="emailRuleGrpBeanId" method="findEmailRuleGroup">
            <result>/views/Operation/EmailGroup/emailRuleGroup.jsp</result>
        </action>
        <action name="resetEmailRuleGrpAction" class="emailRuleGrpBeanId" method="resetEmailRuleGrpSearch">
            <result>/views/Operation/EmailGroup/emailRuleGroup.jsp</result>
        </action>
    </package>
</struts>
