<?xml version="1.0" encoding="UTF-8"?>
<!DOCTYPE struts PUBLIC
"-//Apache Software Foundation//DTD Struts Configuration 2.0//EN"
"http://struts.apache.org/dtds/struts-2.0.dtd">
<!--
    Document   : emailAlert.xml
    Created on : August 21, 2010, 1:11 PM
    Author     : Administrator
    Description:
        Purpose of the document follows.
-->
<struts>
    <package name="viewsAlert" namespace="/clickpss" extends="Session">
        <default-interceptor-ref name="myStack" />
        <action name="alertAction" class="emailAlertBeanId" method="displayAlertSetup">
            <result>/views/Administrator/alert_setup/alert.jsp</result>
        </action>
        <action name="searchAlertAction" class="emailAlertBeanId" method="findAlert">
            <result>/views/Administrator/alert_setup/alert.jsp</result>
        </action>
        <action name="resetAlertAction" class="emailAlertBeanId" method="resetAlert">
            <result>/views/Administrator/alert_setup/alert.jsp</result>
        </action>
        <action name="hitAddAlertAction" class="emailAlertBeanId" method="getInputData">
            <result>/views/Administrator/alert_setup/alert_add.jsp</result>
        </action>
        <action name="addAlertAction" class="emailAlertBeanId" method="addAlertSetup">
            <result name="success" >/views/Administrator/alert_setup/alert.jsp</result>
            <result name="error" >/views/Administrator/alert_setup/alert_add.jsp</result>
        </action>
        <action name="getAlertDataForUpdateAction" class="emailAlertBeanId" method="getAlertSetupForUpdate">
            <result>/views/Administrator/alert_setup/alert_update.jsp</result>
        </action>
        <action name="updateAlertAction" class="emailAlertBeanId" method="updateAlertSetup">
            <result name="success" >/views/Administrator/alert_setup/alert.jsp</result>
            <result name="error" >/views/Administrator/alert_setup/alert_add.jsp</result>
        
        </action>
        <action name="deleteAlertAction" class="emailAlertBeanId" method="deleteAlertSetup">
            <result>/views/Administrator/alert_setup/alert.jsp</result>
        </action>
        <action name="cancelAlertAction" class="emailAlertBeanId" method="displayAlertSetup">
            <result>/views/Administrator/alert_setup/alert.jsp</result>
        </action>
    </package>
</struts>