<?xml version="1.0" encoding="UTF-8" ?>

<!DOCTYPE struts PUBLIC
"-//Apache Software Foundation//DTD Struts Configuration 2.0//EN"
"http://struts.apache.org/dtds/struts-2.0.dtd">

<struts>
    <package name="ViewsEmailSetup" namespace="/clickpss" extends="Session">
       <default-interceptor-ref name="myStack" />
       <action name="addEmailConfig" class="ServerSetup">
            <result>/views/Administrator/emailsetup/SendEmail/View_EmailTrapper.jsp</result>
            
       </action>

       <action name="AddNewServer" class="ServerSetup" method="addNewServer">
            <result>/views/Administrator/emailsetup/SendEmail/EmailTrapper.jsp</result>
            
       </action>
       
       <action name="saveserver" class="ServerSetup" method="addEmailSetUp" >
           <result name="success">/views/Administrator/emailsetup/SendEmail/View_EmailTrapper.jsp</result>
           <result name="duplicateServerName">/views/Administrator/emailsetup/SendEmail/EmailTrapper.jsp</result>
           <result name="error">/views/Administrator/emailsetup/SendEmail/View_EmailTrapper.jsp</result>
       </action>

       <action name="UpdateServer" class="ServerSetup" method="updateEmailSetup">
           <result>/views/Administrator/emailsetup/SendEmail/UpdateEmailSetup.jsp</result>
        </action>

       <action name="DeleteServer" class="ServerSetup" method="delateEmailSetup" >
           <result name="success">/views/Administrator/emailsetup/SendEmail/View_EmailTrapper.jsp</result>
            <result name="error" >/views/Administrator/emailsetup/SendEmail/View_EmailTrapper.jsp</result>
        </action>

         <action name="searchEmailServerId" class="ServerSetup" method="searchEmailServer">
            <result name="success">/views/Administrator/emailsetup/SendEmail/View_EmailTrapper.jsp</result>
            <result name="error" >/views/Administrator/emailsetup/SendEmail/View_EmailTrapper.jsp</result>
        </action>


         <action name="resetEmailServer" class="ServerSetup" method="resetEmailServer">
            <result name="success">/views/Administrator/emailsetup/SendEmail/View_EmailTrapper.jsp</result>
        </action>

        <action name="SaveUpdateServer" class="ServerSetup" method="saveupdateEmailSetup" >
             <result name="success">/views/Administrator/emailsetup/SendEmail/View_EmailTrapper.jsp</result>
            <result name="error" >/views/Administrator/emailsetup/SendEmail/View_EmailTrapper.jsp</result>
        </action>
        
     </package>
</struts>