<?xml version="1.0" encoding="UTF-8"?>
<!DOCTYPE struts PUBLIC
"-//Apache Software Foundation//DTD Struts Configuration 2.0//EN"
"http://struts.apache.org/dtds/struts-2.0.dtd">
<!--
    Document   : emlPasswdSetup.xml
    Created on : July 30, 2010, 1:08 PM
    Author     : Administrator
    Description:
        Purpose of the document follows.
-->
<struts>
    <package name="viewsEmlPasswdSetup" namespace="/clickpss" extends="Session">
        <default-interceptor-ref name="myStack" />
        <action name="emlPasswdAction" class="emlPasswdBeanId"  method="getEmlPasswdSetupData">
            <result name="success">/views/PasswdSetup/emailPasswordSetup.jsp</result>
        </action>
        <action name="displayEmailPasswdSetupAction" class="emlPasswdBeanId" method="getEmlPasswdDetails">
            <result name="success">/views/PasswdSetup/emailPasswordSetup.jsp</result>
        </action>
        <action name="addEmailPasswdSetupAction" class="emlPasswdBeanId" method="addEmailSetupData">
            <result name="success">/views/PasswdSetup/emailPasswordSetup.jsp</result>
        </action>
    </package>
</struts>

