<?xml version="1.0" encoding="UTF-8" ?>

<!DOCTYPE struts PUBLIC
        "-//Apache Software Foundation//DTD Struts Configuration 2.0//EN"
        "http://struts.apache.org/dtds/struts-2.0.dtd">
<struts>
    <package name="estampingReprocessLocaley" namespace="/clickpss" extends="Session">
        <default-interceptor-ref name="myStack" />
    </package>

    <package name="estampingReprocess" namespace="/clickpss" extends="Session">
        <default-interceptor-ref name="myStack" />
        <action name="estampingReprocess" class="estampingReprocessAction" method="getEstmapingReprocessView">
            <result name="success">/views/EstampingReprocess/estampingReprocessInput.jsp</result>
            <result name="error">/views/commonErrorView.jsp</result>
        </action>
     
        

        <action name="fetchProcessName" class="estampingReprocessAction" method="getProcessNameList">
            <result name="success">/views/EstampingReprocess/estampingReprocessInput.jsp</result>
               
        </action>
        
        <action name="fetchTrialsLogsList" class="estampingReprocessAction" method="getTrialsLogsList">
            <result name="success">/views/EstampingReprocess/estampingReprocessInput.jsp</result>
               
        </action>
        
        <action name="sendNotification" class="estampingReprocessAction" method="sendNotification">
            <result name="success">/views/EstampingReprocess/estampingReprocessInput.jsp</result>
               
        </action>
        
        <action name="sendEmailReProcess" class="estampingReprocessAction" method="sendEmailReProcess">
            <result name="success">/views/EstampingReprocess/estampingReprocessInput.jsp</result>
               
        </action>
        
        <action name="sendReEstampProcess" class="estampingReprocessAction" method="sendReEstampProcess">
            <result name="success">/views/EstampingReprocess/estampingReprocessInput.jsp</result>
               
        </action>
        <action name="manualPendinReProcess" class="estampingReprocessAction" method="manualPendinReProcess">
            <result name="success">/views/EstampingReprocess/estampingReprocessInput.jsp</result>
               
        </action>
        
        <action name="fetchManualReviewList" class="estampingReprocessAction" method="fetchManualReviewList">
            <result name="success">/views/EstampingReprocess/estampingReprocessInput.jsp</result>
               
        </action>
 
 
        <action name="addManualReporcess" class="estampingReprocessAction" method="addManualReporcess">
            <result name="success">/views/EstampingReprocess/estampingReprocessInput.jsp</result>
               
        </action>
    </package>

</struts>

