<?xml version="1.0" encoding="UTF-8"?>
<!DOCTYPE struts PUBLIC
"-//Apache Software Foundation//DTD Struts Configuration 2.0//EN"
"http://struts.apache.org/dtds/struts-2.0.dtd">
<!--
    Document   : folderstruct.xml
    Created on : August 20, 2010, 6:06 PM
    Author     : Administrator
    Description:
        Purpose of the document follows.
-->
<struts>
    <package name="viewsFolderStruct" namespace="/clickpss" extends="Session">
          <default-interceptor-ref name="myStack" />
        <action name="folderStructAction" class="folderStructBeanId" method="getProducts">
            <result>/views/product/setup/folderStructure.jsp</result>
        </action>
        <action name="addFolderStructAction" class="folderStructBeanId" method="addFolderStructure">
            <result>/views/product/setup/folderStructure.jsp</result>
        </action>
        <action name="displayFolderStructAction" class="folderStructBeanId" method="getFolderStructure">
            <result>/views/product/setup/folderStructure.jsp</result>
        </action>
        <action name="cancelFolderStructAction" class="folderStructBeanId" method="clearInput">
            <result>/views/product/setup/folderStructure.jsp</result>
        </action>
        <action name="getFolderDataAction" class="folderStructBeanId" method="getDataDetails">
            <result name="success">/views/FlowSequence/FlowSequencePage.jsp</result>
        </action>
    </package>
</struts>