<?xml version="1.0" encoding="UTF-8"?>

<!--
    Document   : emailCampaign.xml
    Created on : March 22, 2012, 10:55 AM
    Author     : Sagar
    Description:
        Purpose of the document follows.
-->

<!DOCTYPE struts PUBLIC
"-//Apache Software Foundation//DTD Struts Configuration 2.0//EN"
"http://struts.apache.org/dtds/struts-2.0.dtd">

<struts>
    <package name="fromEmail" namespace="/clickpss" extends="Session">
        <default-interceptor-ref name="myStack" />
        <action name="showFromEmailList" class="fromEmailAction" method="showFromEmailList">
            <result name="success">/views/markting/promotionalEmail/fromEmail/fromEmailList.jsp</result>
        </action>

        
        <action name="addFromEmail" class="fromEmailAction" method="addFromEmail">
            <result name="success">/views/markting/promotionalEmail/fromEmail/addEditFromEmail.jsp</result>
        </action>

        <action name="saveFromEmail" class="fromEmailAction" method="saveFromEmail">
            <result name="success">/views/markting/promotionalEmail/fromEmail/fromEmailList.jsp</result>
        </action>

        <action name="deleteFromEmail" class="fromEmailAction" method="deleteFromEmail">
            <result name="success">/views/markting/promotionalEmail/fromEmail/fromEmailList.jsp</result>
        </action>

        <action name="getFromEmailForUpdate" class="fromEmailAction" method="getFromEmailForUpdate">
            <result name="success">/views/markting/promotionalEmail/fromEmail/addEditFromEmail.jsp</result>
            <result name="error">/views/markting/promotionalEmail/fromEmail/fromEmailList.jsp</result>
        </action>

        <action name="updateFromEmail" class="fromEmailAction" method="updaeFromEmail">
            <result name="success">/views/markting/promotionalEmail/fromEmail/fromEmailList.jsp</result>
            <result name="error">/views/markting/promotionalEmail/fromEmail/fromEmailList.jsp</result>
        </action>

        <action name="cancelFromEmail" class="fromEmailAction" method="showFromEmailList">
            <result name="success">/views/markting/promotionalEmail/fromEmail/fromEmailList.jsp</result>
            <result name="error">/views/markting/promotionalEmail/fromEmail/fromEmailList.jsp</result>
        </action>

        <!--
        <action name="makeActive" class="fromEmailAction" method="makeActive">
            <result name="success">/views/markting/promotionalEmail/archiveEmailCampaigns.jsp</result>
        </action>
        <action name="makeDelete" class="fromEmailAction" method="makeDelete">
            <result name="success">/views/markting/promotionalEmail/archiveEmailCampaigns.jsp</result>
        </action> -->
    </package>
</struts>

