<?xml version="1.0" encoding="UTF-8" ?>

<!DOCTYPE struts PUBLIC
"-//Apache Software Foundation//DTD Struts Configuration 2.0//EN"
"http://struts.apache.org/dtds/struts-2.0.dtd">

<struts>
    <package name="viewsStatemetn" namespace="/clickpss" extends="Session">
          <default-interceptor-ref name="myStack" />
        <action name="initialstmtgen" class="statementAction" method="initialStmtGen">
            <result name="success">/views/Operation/generateSTMT/Manual_Generation.jsp</result>
        </action>

        <action name="manualGen" class="statementAction" method="manualGenMeth">
            <result name="success">/views/Operation/generateSTMT/Manual_Generation.jsp</result>
        </action>

        <action name="populateMGEtlCombo" class="statementAction" method="getProductEtl">
            <result>/views/Operation/generateSTMT/productEtlResult.jsp</result>
        </action>

        <action name="genstmt" class="statementAction" method="StmtGen">
            <result  name="input" type="redirect">manualGen?actionMessage=${actionMessage}  </result>
            <result  name="StatementGeneration" type="redirect">viewgenstmt?actionMessage=${actionMessage}  </result>
             <result  name="StmtGenEmail" type="redirect">viewgenstmtEml?actionMessage=${actionMessage}  </result>
            <result  name="error" type="redirect">manualGen?actionMessage=${actionMessage}  </result>
        </action>

        <action name="viewgenstmt" class="statementAction" method="viewStmtGen">
            <result name="StMtGen">/views/Operation/generateSTMT/ViewSummary.jsp</result>
        </action>
        <action name="viewgenstmtEml" class="statementAction" method="viewStmtGen">
            <result name="StMtGenEB">/views/Operation/generateSTMT/ViewSummaryEmail.jsp</result>
        </action>

        <action name="viewDE" class="statementAction" method="viewDESummary">
            <result name="DataExtraction">/views/Operation/generateSTMT/ViewDESummary.jsp</result>
            <result name="DEAndStMt">/views/Operation/generateSTMT/ViewDEAndStmtGenSummary.jsp</result>
            <result name="DEAndStMtAndEB">/views/Operation/generateSTMT/ViewDEAndStmtGenAndEmailSummary.jsp</result>
        </action>

        <action name="viewDESG" class="statementAction" method="viewDESGSummary">
            <result name="DEAndStMt">/views/Operation/generateSTMT/ViewDEAndStmtGenSummary.jsp</result>
            <result name="success">/views/Operation/generateSTMT/ViewDEAndStmtGenSummary.jsp</result>
        </action>
        <action name="viewDEEB" class="statementAction" method="viewDESummary">
            <result name="DEAndStMtAndEB">/views/Operation/generateSTMT/ViewDEAndStmtGenAndEmailSummary.jsp</result>
            <result name="success">/views/Operation/generateSTMT/ViewDESummary.jsp</result>
        </action>
        <action name="dataExtract" class="statementAction" method="dataExtraction">
            
            <result  name="DataExtraction" type="redirect">viewDE?actionMessage=${actionMessage}  </result>
            <result  name="DEAndStMt" type="redirect">viewDESG?actionMessage=${actionMessage}  </result>
            <result  name="DEAndStMtAndEB" type="redirect">viewDEEB?actionMessage=${actionMessage}  </result>
            
            <result  name="input" type="redirect">manualGen?actionMessage=${actionMessage}  </result>
        
        </action>

        <action name="getMannualProcessedAction" class="statementAction" method="getProcessList">
            <result>/views/Schedular/schedularProcesses.jsp</result>
        </action>
        
    </package>
</struts>