<?xml version="1.0" encoding="UTF-8" ?>

<!DOCTYPE struts PUBLIC
        "-//Apache Software Foundation//DTD Struts Configuration 2.0//EN"
        "http://struts.apache.org/dtds/struts-2.0.dtd">
<struts>
    <package name="GiroCustomPromotionLocaley" namespace="/clickpss" extends="Session">
        <default-interceptor-ref name="myStack" />
    </package>

    <package name="GiroCustomPromotion" namespace="/clickpss" extends="Session">
        <default-interceptor-ref name="myStack" />
       
       
        <action name="GiroCustomPromotion" class="giroCustomPromotionBeanId" method="getGiroCustomPromotionView">
            <result>/views/Operation/Report/giroCustomPromotion/GiroCustomPromotion.jsp</result>
          
        </action>
      <action name="insertGiroPromotionDetails" class="giroCustomPromotionBeanId" method="insertGiroPromotionDetails">
            <result>/views/Operation/Report/giroCustomPromotion/GiroCustomPromotion.jsp</result>
          
        </action>
        
       
        

    </package>
</struts>