<?xml version="1.0" encoding="UTF-8"?>
<!DOCTYPE hibernate-reverse-engineering PUBLIC "-//Hibernate/Hibernate Reverse Engineering DTD 3.0//EN" "http://hibernate.sourceforge.net/hibernate-reverse-engineering-3.0.dtd">
<hibernate-reverse-engineering>
    <schema-selection match-schema="ClickPSS"/>
    <table-filter match-name="PXPRDXTPXM"/>
    <table-filter match-name="PXALTXEML"/>
    <table-filter match-name="DXINSUXSMRY"/>
    <table-filter match-name="PXUSXPSDXDTLS"/>
    <table-filter match-name="PXBNCDXRSNXM"/>
    <table-filter match-name="CXPRCSXM"/>
    <table-filter match-name="PXUSXRLXLNK"/>
    <table-filter match-name="DXTRNSXCCXSMRY"/>
    <table-filter match-name="PXMTXGRPXM"/>
    <table-filter match-name="PXBNCDXSHDLRXDTLS"/>
    <table-filter match-name="PXUSXPRDCTXLNK"/>
    <table-filter match-name="PXPRDCTXDTL"/>
    <table-filter match-name="PXESHLRXPRCSXDTLS"/>
    <table-filter match-name="CXRLBKXM"/>
    <table-filter match-name="DXTRNSXSMRYXDTLS"/>
    <table-filter match-name="CXSUPRSNXM"/>
    <table-filter match-name="PXESHDLRXPRSXM"/>
    <table-filter match-name="PXUNATHXUS"/>
    <table-filter match-name="PXMNLXGNRTNXM"/>
    <table-filter match-name="PXESHDLRXPRCSXETL"/>
    <table-filter match-name="PXBNCDXMLXCNG"/>
    <table-filter match-name="CXPRPRTYSXM"/>
    <table-filter match-name="CXMXTXC"/>
    <table-filter match-name="PXALTXSMS"/>
    <table-filter match-name="PXALTXEVTXDTS"/>
    <table-filter match-name="PXADXSTXM"/>
    <table-filter match-name="DXTELOMXSMRY"/>
    <table-filter match-name="PXALTXEVTXTM"/>
    <table-filter match-name="PXADMNXPSDXDTLS"/>
    <table-filter match-name="PXBNCDXLSTXRD"/>
    <table-filter match-name="PXEMLXCNG"/>
    <table-filter match-name="PXARCVXSHDLRXM"/>
    <table-filter match-name="DXTRNSXCHRGXDTLS"/>
    <table-filter match-name="PXAPLXHLTHXCHP"/>
    <table-filter match-name="PXSTXARCVXTRN"/>
    <table-filter match-name="DXPRDTNXDTLSXM"/>
    <table-filter match-name="PXLOCLEXM"/>
    <table-filter match-name="DXPRXPRDTNXM"/>
    <table-filter match-name="PXREGXM"/>
    <table-filter match-name="PXUSRXM"/>
    <table-filter match-name="PXMNXDS"/>
    <table-filter match-name="PXETLXFLXM"/>
    <table-filter match-name="PXEMLXCRTRAXM"/>
    <table-filter match-name="PXEMLXPSDXM"/>
    <table-filter match-name="PXSTXARCVXDTLS"/>
    <table-filter match-name="PXPRMXEMLXM"/>
    <table-filter match-name="PXBNCDXSBJCT"/>
    <table-filter match-name="PXBNCDXTRA"/>
    <table-filter match-name="PXMTXRLXGRPXLNK"/>
    <table-filter match-name="PXUSXLOCXLNK"/>
    <table-filter match-name="PXEMLXGRPXLNK"/>
    <table-filter match-name="PXIMPLXM"/>
    <table-filter match-name="PXEMLXGRPXM"/>
    <table-filter match-name="PXBNCDXERLBXM"/>
    <table-filter match-name="DXBRNCHXM"/>
    <table-filter match-name="PXARCVXSHDLRXDTLS"/>
    <table-filter match-name="PXRLXM"/>
    <table-filter match-name="DXCSTMRXM"/>
    <table-filter match-name="PXMXC"/>
    <table-filter match-name="PXMTXRLXM"/>
    <table-filter match-name="DXTRNSXSMRYXM"/>
    <table-filter match-name="PXBNCDXSCHDLRXM"/>
    <table-filter match-name="PXUSXREGXLNK"/>
    <table-filter match-name="PXPRDCTXSLA"/>
    <table-filter match-name="PXUSRXTMPXRGTXM"/>
    <table-filter match-name="PXPRDCTXM"/>
    <table-filter match-name="PXSTXARCVXM"/>
    <table-filter match-name="PXPRMXEMLXDTLS"/>
    <table-filter match-name="PXMTXRLXDTLS"/>
    <table-filter match-name="NXAXC"/>
    <table-filter match-name="DXCSTMRXJNTLDRXDTLS"/>
    <table-filter match-name="PXUSXACT"/>
    <table-filter match-name="PXDLVRYXCHNLXM"/>
    <table-filter match-name="DXDMTXSMRY"/>
    <table-filter match-name="PXESHLRXPRCSXMDE"/>
    <table-filter match-name="CXPRCSXDTLS"/>
    <table-filter match-name="PXEMXSRVXCNFG"/>
    <table-filter match-name="PXALTXEVTXM"/>
    <table-filter match-name="PXACNXNM"/>
    <table-filter match-name="PXBNCDXFRMXHDR"/>
    <table-filter match-name="PXRLXMNXLNK"/>
    <table-filter match-name="DXTELCOMXDTLS"/>
    <table-filter match-name="MYTABLE"/>
    <table-filter match-name="PXUSRXTMPXRGTXDTL"/>
    <table-filter match-name="DXTRNSXDTLS"/>
    <table-filter match-name="PXARCVXSHDLRXMDE"/>
    <table-filter match-name="PXLKPXCRTRAXM"/>
    <table-filter match-name="VW_EBP_SCHEDULAR"/>
    <table-filter match-name="DXPRDTNXDTLSXM_TMP"/>
    <table-filter match-name="PXPRMXEMLXLGXDTLS"/>
    <table-filter match-name="PXPRMXEMLXLG"/>
    <table-filter match-name="CXVARXLSXT"/>
    <table-filter match-name="PCXPRMXPRDTX"/>
    <table-filter match-name="PXLNKXM"/>
  <!-- added by stalin on 30th Aug, 2011 -->
    <table-filter match-name="PXIMGXM"/>
  <!-- added by Rajesh on 31th Aug, 2011 -->
    <table-filter match-name="PXEMLIMGDTLS"/>
    <table-filter match-name="PXPRMXIMGXDTLS"/>
    <table-filter match-name="PXPRMXEMLXRUNXDTL"/>
  <!-- added by stalin on 30th Aug, 2011 -->
    <table-filter match-name="PXPTHXM"/>
    <table-filter match-name="VW_SCHEDULAR_VIEW"/>
    <table-filter match-name="PXDEPTXM"/>
    <table-filter match-name="DXCSTMRXDTLS"/>
    <table-filter match-name="PXDXRXRPT"/>
    <table-filter match-name="PXPRMXEMLXSHDLRXDTLS"/>
    <!-- added by rajesh  on 12 Dec, 2011  fro customer prefrences type query -->
    <table-filter match-name="CXQRYXM"/>
    <table-filter match-name="CXPREFXQRY"/>
    <table-filter match-name="PXRDXDRXSHDLRXDTLS"/> <!-- added for read & delivery receipt scheduling-->
  <!-- added by Sagar for application work flow -->
    <table-filter match-name="PXWZRDXDTLS"/>

   <!-- added by Stalin for read & delivery receipt -->
    <table-filter match-name="PXRDXDRXM"/>
    <table-filter match-name="PXRDXDRXSHDLRXDTLS"/>
    <table-filter match-name="USREQA"/>
        <!-- table added by the rajesh for the schedular -->

    <table-filter match-name="PXSHDLRXARCV"/>
    <table-filter match-name="PXSHDLRXM"/>

    <!--added by Sagar  for Email Campaign -->
    <table-filter match-name="PXEMXLSTXMST"/>
    <table-filter match-name="PXMISXEMXCMPXCST"/>
    <table-filter match-name="PXCSTXMST"/>
    <table-filter match-name="PXCSTXCOLXMAP"/>
    <table-filter match-name="PXCMPXRPRT"/>
    <table-filter match-name="PXPRMXTMPT"/>
    <table-filter match-name="PXDSGXLBL"/>
    <table-filter match-name="PXSHDLRXABORT"/>
    <table-filter match-name="LKPCRTRAVIEW"/>
    <table-filter match-name="PXALRTXCSTMRXDTLS"/>

    <!--added by vibhooti  for Master POD Report and other table  on 11 nov 2013 -->
    <table-filter match-name="MASTER_PRTY_TMPLT"/>
    <table-filter match-name="MASTER_POD"/>
    <table-filter match-name="MASTER_PRTY_PINCDE"/>
</hibernate-reverse-engineering>
