<?xml version="1.0" encoding="UTF-8" ?>

<!DOCTYPE struts PUBLIC
"-//Apache Software Foundation//DTD Struts Configuration 2.0//EN"
"http://struts.apache.org/dtds/struts-2.0.dtd">
<struts>
    <package name="viewsAddImages" namespace="/clickpss" extends="Session">
        <default-interceptor-ref name="myStack" />
        <action name="addImageAction" class="addImages" >
            <result>/views/Administrator/image_master/addImagesLandingPage.jsp</result>
        </action>

        <action name="newAddImageAction" class="addImages" method="newAddImages">
            <result name="success">/views/Administrator/image_master/createAddImages.jsp</result>
        </action>

        <action name="createImageAction" class="addImages" method="addEmbdImages">
            <result name="success">/views/Administrator/image_master/addImagesLandingPage.jsp</result>
        </action>

         <action name="deleteImageAction" class="addImages" method="deleteImages">
            <result name="success">/views/Administrator/image_master/addImagesLandingPage.jsp</result>
        </action>

        <action name="cancelImageAction" class="addImages" method="resetData()">
            <result name="success">/views/Administrator/image_master/addImagesLandingPage.jsp</result>
        </action>
        
        <action name="searchAddImagesAction" class="addImages" method="searchAddImagesAction">
            <result name="success">/views/Administrator/image_master/addImagesLandingPage.jsp</result>
            <result name="error">/views/Administrator/image_master/addImagesLandingPage.jsp</result>
            
            <!--
            <result type="chain" name="success">addImageAction</result>
            <result type="chain" name="error">addImageAction</result>
            -->
        </action>
        
        
      </package>
</struts>

