<?xml version="1.0" encoding="UTF-8" ?>
<!DOCTYPE struts PUBLIC
        "-//Apache Software Foundation//DTD Struts Configuration 2.0//EN"
        "http://struts.apache.org/dtds/struts-2.0.dtd">
<struts>
    <package name="viewsImplementation" namespace="/clickpss" extends="Session">
          <default-interceptor-ref name="myStack" />
        <action name="ImplSetup" class="ImplementationID"  method="addMenu">
            <result name="success">/views/Administrator/maste_setup/addimp_setup.jsp</result>
        </action>
       
        <action name="ImpleAssign" class="ImplementationID" method="assignMenuImplName">
            <result name="success">/views/Administrator/maste_setup/impl_setup_view.jsp</result>
            <result name="error">/views/errorPage.jsp</result>
            <result name="input">/views/Administrator/maste_setup/addimp_setup.jsp</result>
        </action>
        <action name="ImpleSave" class="ImplementationID" method="saveAllDetails">
            <result name="success">/views/Administrator/maste_setup/addimp_setup.jsp</result>
        </action>
        <action name="cancelSave" class="ImplementationID" method="cancelAdded">
            <result name="success">/views/Administrator/maste_setup/addimp_setup.jsp</result>
        </action>
    </package>
</struts>

