<?xml version="1.0" encoding="UTF-8" ?>

<!DOCTYPE struts PUBLIC
"-//Apache Software Foundation//DTD Struts Configuration 2.0//EN"
"http://struts.apache.org/dtds/struts-2.0.dtd">
<struts>
    <package name="viewsAddLinks" namespace="/clickpss" extends="Session">
       <default-interceptor-ref name="myStack" />
        <action name="addLinksAction" class="addlinks" >
          <result>/views/Administrator/link_master/addlinksLandingPage.jsp</result> 
          </action>
        <action name="searchAddLinksAction" class="addlinks" method="searchAddLinks">
            <result>/views/Administrator/link_master/addlinksLandingPage.jsp</result>
        </action>
        <action name="resetAddLinksAction" class="addlinks" method="resetAddLinks">
            <result>/views/Administrator/link_master/addlinksLandingPage.jsp</result>
        </action>
        <action name="newAddLinksAction" class="addlinks" method="newAddLinks">
            <result name="success">/views/Administrator/link_master/createAddlinks.jsp</result>
        </action>
        <action name="createLinksAction" class="addlinks" method="createAddlinks">
            <result name="success">/views/Administrator/link_master/addlinksLandingPage.jsp</result>
          <!--  <result name="duplicatLocale">/views/Administrator/link_master/circle.jsp</result> -->
        </action>
        <action name="addLinksDeleteAction" class="addlinks" method="deleteAddlinks">
            <result name="success">/views/Administrator/link_master/addlinksLandingPage.jsp</result>
        </action>
        <action name="addLinksEditAction" class="addlinks" method="editAddlinks">
            <result name="success">/views/Administrator/link_master/editAddlinks.jsp</result>
        </action>
        <action name="addLinksUpdateAction" class="addlinks" method="updateAddlinks">
            <result name="success">/views/Administrator/link_master/addlinksLandingPage.jsp</result>
        </action>
        <action name="addLinksCancelAction" class="addlinks" method="cancelAddLinks">
            <result name="">/views/Administrator/link_master/addlinksLandingPage.jsp</result>
        </action>

    </package>
</struts>

