<?xml version="1.0" encoding="UTF-8" ?>

<!DOCTYPE struts PUBLIC
        "-//Apache Software Foundation//DTD Struts Configuration 2.0//EN"
        "http://struts.apache.org/dtds/struts-2.0.dtd">
<struts>
    <package name="viewsLocale" namespace="/clickpss" extends="Session">
              <default-interceptor-ref name="myStack" />
        <action name="LocaleAction" class="locale">
            <result>/views/Administrator/locale/addcircle.jsp</result>
         </action>
          <action name="searchLocaleAction" class="locale" method="findLocale">
             <result>/views/Administrator/locale/addcircle.jsp</result>
        </action>
        <action name="resetLocalenAction" class="locale" method="resetLocaleSearch">
             <result>/views/Administrator/locale/addcircle.jsp</result>
        </action>
        <action name="Locale" class="locale" method="add">
            <result name="success">/views/Administrator/locale/circle.jsp</result>
         </action>
         <action name="LocaleSetup" class="locale" method="addLocal">
            <result name="success">/views/Administrator/locale/addcircle.jsp</result>
            <result name="duplicatLocale">/views/Administrator/locale/circle.jsp</result>
         </action>
         <action name="LocaleDelete" class="locale" method="delete">
            <result name="success">/views/Administrator/locale/addcircle.jsp</result>
         </action>
         <action name="LocaleUpdate" class="locale" method="updateLocal">
            <result name="success">/views/Administrator/locale/EditCircle.jsp</result>
         </action>
         <action name="LocaleUpdateSave" class="locale" method="updateLocalSave">
            <result name="success">/views/Administrator/locale/addcircle.jsp</result>
         </action>
         <action name="localeCancel" class="locale" method="cancelLocal">
            <result name="">/views/Administrator/locale/addcircle.jsp</result>
         </action>
     </package>
</struts>

