<?xml version="1.0" encoding="UTF-8" ?>

<!DOCTYPE struts PUBLIC
"-//Apache Software Foundation//DTD Struts Configuration 2.0//EN"
"http://struts.apache.org/dtds/struts-2.0.dtd">

<struts>
    <package name="viewsLogin" namespace="/clickpss" extends="Session">
        <default-interceptor-ref name="myStack" />

        <action name="indexAction" class="loginBeanId" method="getIndexPage">
            <result name="success">/views/login.jsp</result>
        </action>
        <action name="loginAction" class="loginBeanId" method="getLogin">
           <!--  <result name="success">/clickpss/redirect.jsp</result> -->
            <result name="LoginError">/views/errorPage.jsp</result>
            <result name="changePassword">/views/changePassword.jsp</result>
            <result name="popupMessage">/views/index.jsp</result>
            <result name="reLogin">/clickpss/index.html</result>
            <result name="input">/clickpss/index.html</result>
          <!--  <result name="menulogin" type="redirect">menu</result>    --><!-- Original before 20130923 ,chaanged by rams-->
            <result name="menulogin" type="redirect">getAction</result>
        </action>
               <action name="menu" class="loginBeanId" >
            <result>/clickpss/redirect.jsp</result>
        </action>
          <action name="getAction" class="loginBeanId" >
            <result>/views/Administrator_1.jsp</result>
        </action>


        <action name="changePasswordData" class="loginBeanId" method="changePassword">
            <result name="success">/views/Administrator_1.jsp</result>
            <result name="error">/views/changePassword.jsp</result>
        </action>

        <action name="goFirstLogin" class="loginBeanId" method="firstLoginCancel">
            <result name="success">/clickpss/index.html</result>
        </action>

        <action name="goToLogin" class="loginBeanId" method="goToLogin">
            <result name="success">/clickpss/index.html</result>
        </action>

        <action name="goLoginFirst" class="loginBeanId" method="goLogin">
            <result name="success">/clickpss/index.html</result>
        </action>

        <action name="passwordchngcan" class="loginBeanId" method="changePasswordCancel">
            <result name="success">/views/Administrator_1.jsp</result>
            <result name="error">/views/changePassword.jsp</result>
        </action>

        <action name="logout" class="loginBeanId" method="logoutMeth">
            <result name="success">/clickpss/index.html</result>
            <result name="error">/views/errorPage.jsp</result>

        </action>
         <action name="userPasswordChange" class="loginBeanId" method="changePassword1">
            <result name="success">/views/changePassword.jsp</result>
        </action>


    </package>
</struts>

