<?xml version="1.0" encoding="UTF-8" ?>

<!DOCTYPE struts PUBLIC
"-//Apache Software Foundation//DTD Struts Configuration 2.0//EN"
"http://struts.apache.org/dtds/struts-2.0.dtd">

<struts>
    <package name="viewsPromotionalEmail" namespace="/clickpss" extends="Session">
         <default-interceptor-ref name="myStack" />
        <action name="marketting_promo_email" class="promoEmailBeanId" method="getPromotionalEmailDetails">
            <result name="SUCCESSM" >/views/markting/promotionalEmail/email_markting_view.jsp</result>
            <result name="SUCCESSC" >/views/markting/promotionalEmail/email_reworkview.jsp</result>
            <result name="error" >/views/markting/promotionalEmail/email_markting_view.jsp</result>
        </action>
        <action name="addPromoEmail" class="promoEmailBeanId" method="addPromotionalEmailDetails">
            <result name="success" >/views/markting/promotionalEmail/email_markting.jsp</result>
        </action>
        <action name="checkPromoEmlQueryAction" class="promoEmailBeanId" method="validatePromoEmailRule">
            <result>/views/markting/BusinessPromo/validateRule.jsp</result>
        </action>
        <action name="savePromoEmail" class="promoEmailBeanId" method="savePromotionalEmailDetailsNew">
            <result name="success" >/views/markting/promotionalEmail/email_markting_view.jsp</result>
            <result name="error" >/views/markting/promotionalEmail/email_markting.jsp</result>
            <result name="duplicateRule" >/views/markting/promotionalEmail/email_markting.jsp</result>
        </action>
        <action name="cancelAdd" class="promoEmailBeanId" method="cancelAddPrmEmail">
            <result name="success" >/views/markting/promotionalEmail/email_markting_view.jsp</result>
            <result name="SUCCESSM" >/views/markting/promotionalEmail/email_markting_view.jsp</result>
            <result name="SUCCESSC" >/views/markting/promotionalEmail/email_reworkview.jsp</result>
        </action>
        <action name="getUserForUpdateEmailAction" class="promoEmailBeanId" method="getDataForUpdatePrmEmail">
            <result name="success" >/views/markting/promotionalEmail/email_markting.jsp</result>
        </action>
        <action name="UpdateEmailActioncancelAddPrmEmail" class="promoEmailBeanId" method="updatePrmEmailNew">
            <result name="success" >/views/markting/promotionalEmail/email_markting_view.jsp</result>
            <result name="error" >/views/markting/promotionalEmail/email_markting.jsp</result>
        </action>
        <action name="findPrmEmlRuleStatusAction" class="promoEmailBeanId" method="searchDatewisePrmEmail">
            <result name="SUCCESSM" >/views/markting/promotionalEmail/email_markting_view.jsp</result>
            <result name="SUCCESSC" >/views/markting/promotionalEmail/email_reworkview.jsp</result>
            <result name="error" >/views/markting/promotionalEmail/email_reworkview.jsp</result>
            <result name="success" >/views/markting/promotionalEmail/email_markting_view.jsp</result>
        </action>
        <action name="deletePromoEmail" class="promoEmailBeanId" method="deletePromotionalEmailDetails">
            <result name="success" >/views/markting/promotionalEmail/email_markting_view.jsp</result>
            <result name="error" >/views/markting/promotionalEmail/email_markting_view.jsp</result>
        </action>
        <action name="searchPrmEmlRuleAction" class="promoEmailBeanId" method="searchPrmEmlRule">
            <result name="SUCCESSM" >/views/markting/promotionalEmail/email_markting_view.jsp</result>
            <result name="SUCCESSC" >/views/markting/promotionalEmail/email_reworkview.jsp</result>
            <result name="error" >/views/markting/promotionalEmail/email_markting_view.jsp</result>
            <result name="ERRORM" >/views/markting/promotionalEmail/email_markting_view.jsp</result>
            <result name="ERRORC" >/views/markting/promotionalEmail/email_reworkview.jsp</result>
            <result name="success" >/views/markting/promotionalEmail/email_markting_view.jsp</result>
        </action>
        <action name="resetPrmEmlRuleRuleAction" class="promoEmailBeanId" method="resetPrmEmlRuleRule">
            <result name="success" >/views/markting/promotionalEmail/email_reworkview.jsp</result>
            <result name="SUCCESSM" >/views/markting/promotionalEmail/email_markting_view.jsp</result>
            <result name="SUCCESSC" >/views/markting/promotionalEmail/email_reworkview.jsp</result>
        </action>
        <!-- Action for sending the Test MAIL -->

        <action name="sendTestMail" class="promoEmailBeanId" method="sendMail">
            <result name="success" >/views/markting/promotionalEmail/email_reworkview.jsp</result>
            <result name="SUCCESSM" >/views/markting/promotionalEmail/email_markting_view.jsp</result>
            <result name="SUCCESSC" >/views/markting/promotionalEmail/email_reworkview.jsp</result>
        </action>

        <!-- Now we are writing action for the checker -->
        <action name="updateSatatusPromoEmail" class="promoEmailBeanId" method="updatePrmEmlRule">
            <result name="success" >/views/markting/promotionalEmail/email_reworkview.jsp</result>
            <result name="error" >/views/markting/promotionalEmail/email_reworkview.jsp</result>
        </action>
        <action name="getPreview" class="promoEmailBeanId" method="getPreviewEmail">
            <result>/views/markting/promotionalEmail/promotionalemailPreview.jsp</result>
        </action>
        <action name="promotionalEmailAction" class="promoEmailBeanId" method="displayPromotionalEmail">
            <result>/views/markting/promotionalEmail/email_markting_view.jsp</result>
        </action>
        <action name="promotionalCheckerAction" class="promoEmailBeanId" method="displayPromotionalEmail">
            <result>/views/markting/promotionalEmail/email_reworkview.jsp</result>
        </action>
        <action name="getEmailVieableAction" class="promoEmailBeanId" method="getPrmEmailViewable">
            <result>/views/markting/promotionalEmail/emailMarkettingViewable.jsp</result>
        </action>
        <action name="getEmailVieableCheckerAction" class="promoEmailBeanId" method="getPrmEmailViewable">
            <result>/views/markting/promotionalEmail/emailMarkettingViewable.jsp</result>
        </action>

        <action name="newTestMail" class="emailCmpId" method="sendMailNew">
            <result name="success" >/views/markting/promotionalEmail/TestMailStatus.jsp</result>
             <result name="error" >/views/markting/promotionalEmail/TestMailStatus.jsp</result>
        </action>
        <action name="getPromoMakerPreview" class="promoEmailBeanId" method="getPrevMakerEmail">
            <result name="Success">/views/markting/promotionalEmail/promotionalemailPreview_new.jsp</result>
            <result name="ERROR">/error/common.jsp</result>
        </action>
        <action name="getColListData" class="promoEmailBeanId" method="getListOfColoumns">
            <result>/views/markting/promotionalEmail/email_markting.jsp</result>
        </action>
        <action name="chkExstTmplate" class="promoEmailBeanId" method="checkTemplateName">
            <result>/views/markting/promotionalEmail/email_markting.jsp</result>
        </action>
        <action name="saveTemplateData" class="promoEmailBeanId" method="saveTemplateContent">
            <result>/views/markting/promotionalEmail/email_markting.jsp</result>
        </action>
        <action name="getTemplateData" class="promoEmailBeanId" method="getTemplateList">
            <result>/views/markting/promotionalEmail/email_markting.jsp</result>
        </action>
        <action name="getTemplateBodyContent" class="promoEmailBeanId" method="getTemplateBody">
            <result>/views/markting/promotionalEmail/email_markting.jsp</result>
        </action>

        <action name="getAttachment" class="promoEmailBeanId" method="getAttachemntDetails">
            <result name="Success">/views/markting/promotionalEmail/AttachmentStatus.jsp</result>
            <result name="ERROR">/error/common.jsp</result>
        </action>
         <action name="getAdhocAttachDetails" class="promoEmailBeanId" method="getAdhocAttachDetails">
            <result name="Success">/views/markting/promotionalEmail/AttachmentStatus.jsp</result>
            <result name="ERROR">/error/common.jsp</result>
        </action>
         <action name="getEmlRuleAttachForUpdateAction" class="promoEmailBeanId" method="getCustForUpdate">
            <result name="Success">/views/markting/promotionalEmail/StatusUpdate.jsp</result>
            <result name="ERROR">/error/common.jsp</result>
        </action>
        <action name="updateAttachLog" class="promoEmailBeanId" method="UpdateAttachLogStatus">
            <result name="Success">/views/markting/promotionalEmail/AttachmentStatus.jsp</result>
            <result name="ERROR">/error/common.jsp</result>
        </action>
         <action name="getStatusCancel" class="promoEmailBeanId" method="CancelStatus">
            <result name="Success">/views/markting/promotionalEmail/AttachmentStatus.jsp</result>
            <result name="ERROR">/error/common.jsp</result>
        </action>

    </package>
</struts>

