<?xml version="1.0" encoding="UTF-8" ?>
<!DOCTYPE struts PUBLIC
        "-//Apache Software Foundation//DTD Struts Configuration 2.0//EN"
        "http://struts.apache.org/dtds/struts-2.0.dtd">
<struts>
    <package name="misReport" namespace="/clickpss" extends="Session">
        <default-interceptor-ref name="myStack" />
        <!-- Activity Report DETAILS [User Access] -->
        <action name="misUserAccessFrom" class="userMisReport" method="getDetails">
            <result name="success">/views/Administrator/maste_setup/BackOfficeMISReport.jsp</result>
            <result name="LoginError">/views/errorPage.jsp</result>
        </action>

        <!-- Activity Report DETAILS [User Access] -->
        <action name="ActivityNameSearch" class="userMisReport" method="getActivityDetails">
            <result name="success">/views/Administrator/maste_setup/BackOfficeMISReport.jsp</result>
            <result name="LoginError">/views/errorPage.jsp</result>
        </action>
        <action name="regDetails" class="userMisReport" method="regDetails">
            <result name="success">/views/Administrator/maste_setup/BackOfficeMISReport_Details.jsp</result>
            <result name="LoginError">/views/errorPage.jsp</result>
        </action>
        <!--        MIS Bulk Report For Backoffice-->
        <action name="misBulkUserAccessFrom" class="userMisReport" method="getBulkDetails">
            <result name="success">/views/Administrator/maste_setup/BackOfficeBulkMISReport.jsp</result>
            <result name="LoginError">/views/errorPage.jsp</result>
        </action>
        
        <action name="ActivityFileSearch" class="userMisReport" method="getFileDetails">
            <result name="success">/views/Administrator/maste_setup/BackOfficeBulkMISReport.jsp</result>
            <result name="LoginError">/views/errorPage.jsp</result>
        </action>
        
<!--        Mobile No Report-->
        <action name="getMobileDetails" class="userMisReport" method="getMobileDetails">
            <result name="success">/views/Administrator/maste_setup/MobileNoReport.jsp</result>
            <result name="LoginError">/views/errorPage.jsp</result>
        </action>
        
        <action name="getRegisteredData" class="userMisReport" method="getRegisteredData">
            <result name="success">/views/Administrator/maste_setup/MobileNoReport.jsp</result>
            <result name="input">/views/Administrator/maste_setup/MobileNoReport.jsp</result>
        </action>
        
<!--        Alert Audit Report-->
        <action name="getAlertAuditDetails" class="userMisReport" method="getAlertAuditDetails">
            <result name="success">/views/Administrator/maste_setup/alertAuditReport.jsp</result>
            <!--<result name="LoginError">/views/errorPage.jsp</result>-->
        </action>
        
        <action name="displayAlertAuditDetails" class="userMisReport" method="displayAlertAuditDetails">
            <result name="success">/views/Administrator/maste_setup/alertAuditReport.jsp</result>
            <result name="input">/views/Administrator/maste_setup/alertAuditReport.jsp</result>
        </action>
         <action name="exportExcel" class="userMisReport" >
            <result >/views/Administrator/maste_setup/exportMisReports.jsp</result>
        </action>
        <action name="exportPDF" class="userMisReport" >
            <result >/views/Administrator/maste_setup/exportMisCSVReports.jsp</result>
        </action>

    </package>
</struts>


