<?xml version="1.0" encoding="UTF-8" ?>
<!DOCTYPE struts PUBLIC
        "-//Apache Software Foundation//DTD Struts Configuration 2.0//EN"
        "http://struts.apache.org/dtds/struts-2.0.dtd">
<struts>
    <package name="viewsModule" namespace="/clickpss" extends="Session">
         <default-interceptor-ref name="myStack" />
        <action name="menuAction" class="menuBeanId">
            <result>/views/Administrator/maste_setup/module/Module.jsp</result>
        </action>
        <action name="searchMenuAction" class="menuBeanId" method="findMenu">
            <result>/views/Administrator/maste_setup/module/Module.jsp</result>
        </action>
        <action name="resetMenuAction" class="menuBeanId" method="resetMenuSearch">
            <result>/views/Administrator/maste_setup/module/Module.jsp</result>
        </action>
        <action name="addMenuAction" class="menuBeanId" method="addMenu">
             <result>/views/Administrator/maste_setup/module/Module.jsp</result>
             <!--<result name="input">/views/Create_Module.jsp</result>-->
        </action>
        <action name="addLinkAction" class="menuBeanId">
             <result>/views/Administrator/maste_setup/module/Create_Module.jsp</result>
        </action>
        <action name="getDataForUpdateAction" class="menuBeanId" method="getMenuDataForUpdation">
            <result>/views/Administrator/maste_setup/module/EditModule.jsp</result>
        </action>
        <action name="updateMenuAction" class="menuBeanId" method="updateMenu">
            <result>/views/Administrator/maste_setup/module/Module.jsp</result>
        </action>
        <action name="deleteMenuAction" class="menuBeanId" method="deleteMenu">
            <result>/views/Administrator/maste_setup/module/Module.jsp</result>
        </action>
        <action name="cancelMenuAction" class="menuBeanId" method="cancelMenu">
            <result>/views/Administrator/maste_setup/module/Module.jsp</result>
        </action>
        <action name="getLinkOrdersAction" class="menuBeanId" method="getLinkOrders">
            <result>/views/Administrator/maste_setup/module/Create_Module.jsp</result>
        </action>
        <action name="getLinkOrdersUpdateAction" class="menuBeanId" method="getLinkOrders">
            <result>/views/Administrator/maste_setup/module/EditModule.jsp</result>
        </action>
     </package>
</struts>
