<?xml version="1.0" encoding="UTF-8" ?>
<!DOCTYPE struts PUBLIC
"-//Apache Software Foundation//DTD Struts Configuration 2.0//EN"
"http://struts.apache.org/dtds/struts-2.0.dtd">
<struts>
    <package name="otherReport" namespace="/clickpss" extends="Session">

        <default-interceptor-ref name="myStack" />

<!--        All Other Reports -->
        <action name="otherReportAction" class="otherReportBeanId">
            <result>/views/Operation/Report/index.jsp</result>
        </action>
        <action name="index" >
            <result>/views/Operation/Report/index.jsp</result>
        </action>

        <action name="reportNameList" class="otherReportBeanId" >
            <result>/views/Operation/Report/index.jsp</result>
        </action>

        <action name="getReport" class="otherReportBeanId" >
            <result>/views/Operation/Report/AllOtherReports.jsp</result>
        </action>

        <action name="exportReports" class="otherReportBeanId" >
            <result>/views/Operation/Report/exportReports.jsp</result>
        </action>

        <action name="exportCsv" class="otherReportBeanId" >
            <result>/views/Operation/Report/exportPDF.jsp</result>
        </action>
        
        <action name="printReport" class="otherReportBeanId" >
            <result>/views/Operation/Report/printReport.jsp</result>
        </action>

        <action name="sybrinCTS" class="otherReportBeanId" >
            <result>/views/Operation/sybrinCTS.jsp</result>
        </action>
        
        <action name="sybrinCTSUpdate" class="otherReportBeanId" >
            <result>/views/Operation/updatesybrinCTS.jsp</result>
        </action>
        
        <action name="sybrinCTSRun" class="otherReportBeanId" >
            <result>/views/Operation/RUNsybrinCTS.jsp</result>
        </action>
        
        <action name="uploadCasaTran" class="otherReportBeanId" >
            <result>/views/Operation/uploadCasaTran.jsp</result>
        </action>
        
         <action name="uploadCasaTranBAT" class="otherReportBeanId" >
            <result>/views/Operation/uploadCasaTranBAT.jsp</result>
        </action>

    </package>
</struts>