<?xml version="1.0" encoding="UTF-8" ?>

<!DOCTYPE struts PUBLIC
"-//Apache Software Foundation//DTD Struts Configuration 2.0//EN"
"http://struts.apache.org/dtds/struts-2.0.dtd">

<struts>
    <package name="passwordMgmt" namespace="/clickpss" extends="Session">
          <default-interceptor-ref name="myStack" />
        <action name="passwordSetupMgmtSave" class="passwordSetupID" method="addPasswordMgmt" >
            <result>/views/Administrator/password_setup/Password_management.jsp</result>
        </action>
        <action name="passwordSetupMgmt" class="passwordSetupID">
            <result>/views/Administrator/password_setup/Password_management.jsp</result>
        </action>
         <action name="cancelPasswordMgmt" class="passwordSetupID" method="canclePassSetting" >
            <result>/views/Administrator/password_setup/Password_management.jsp</result>
        </action>
        
    </package>
</struts>


