<!DOCTYPE struts PUBLIC
"-//Apache Software Foundation//DTD Struts Configuration 2.0//EN"
"http://struts.apache.org/dtds/struts-2.0.dtd">
<!-- Author: Administrator -->
<struts>
    <!-- Add your configuration elements here -->
    <package name="preproductionrunDisplay" namespace="/clickpss" extends="Session">
          <default-interceptor-ref name="myStack" />
        <action name="PreProductionRunHomeAction" class="preProductionBeanId" >
           
            <result>/views/RevenueAssurance/PreProductionLanding.jsp</result>
          </action>   
        <action name="PreProductionRunAction" class="preProductionBeanId" method="prepareProductList">
            <interceptor-ref name="fileUpload">
                <param name="maximumSize">3002974890</param>
            </interceptor-ref>
            <interceptor-ref name="defaultStack"/>
            <result name="input">/views/RevenueAssurance/PreProduction.jsp</result>
            <result>/views/RevenueAssurance/PreProduction.jsp</result>
          </action>

        
        
         <action name="StartPreProductionRun" class="preProductionBeanId" method="preProductionRun">
            <interceptor-ref name="fileUpload">
                <param name="maximumSize">3002974890</param>
            </interceptor-ref>
            <interceptor-ref name="defaultStack"/>
            <result name="input">/views/RevenueAssurance/PreProduction.jsp</result>
           <result  name="success" type="redirect">viewPPgenstmt?actionMessage=${actionMessage}  </result>
        </action>
        

      <!--   <action name="StartPreProductionRun" class="preProductionBeanId" method="preProductionRun">
            <result name="input">/views/RevenueAssurance/PreProduction.jsp</result>
            <result>/views/RevenueAssurance/PreProductionLanding.jsp</result>
          </action> -->
<action name="deletePreProduction" class="preProductionBeanId" method="deletePreProduction">
            <result>/views/RevenueAssurance/PreProductionLanding.jsp</result>
          </action>
       

         <action name="viewPPgenstmt" class="preProductionBeanId" method="viewPPStmtGen">
            <result name="success">/views/RevenueAssurance/ViewPreProductionSummary.jsp</result>
        </action>
         <action name="preProductionCancel" class="preProductionBeanId" method="cancelPreProduction">
            <result name="success">/views/RevenueAssurance/PreProduction.jsp</result>
        </action>


        <action name="searchPreProduction" class="preProductionBeanId" method="searchPreProductionAction">
            <result>/views/RevenueAssurance/PreProductionLanding.jsp</result>
        </action>

        <action name="resetPreproduction" class="preProductionBeanId" method="resetPreproductionAction">
            <result>/views/RevenueAssurance/PreProductionLanding.jsp</result>
        </action>


    </package>
</struts>
