<?xml version="1.0" encoding="UTF-8" ?>

<!DOCTYPE struts PUBLIC
"-//Apache Software Foundation//DTD Struts Configuration 2.0//EN"
"http://struts.apache.org/dtds/struts-2.0.dtd">

<struts>
    <package name="viewsProduct" namespace="/clickpss" extends="Session">
        <default-interceptor-ref name="myStack" />
        <action name="actionProduct" class="productAction" method="getProdDetails">
            <result name="success">/views/Administrator/product/Product__Master.jsp</result>
        </action>

        <action name="addProd" class="productAction" method="addProduct">
            <result name="success">/views/Administrator/product/productmaster.jsp</result>
        </action>

        <action name="productdSave" class="productAction" method="saveProdcutDetails">
           
             <result name="success">/views/Administrator/product/Product__Master.jsp</result>
             <result name="error">/views/Administrator/product/productmaster.jsp</result>
        </action>

        <action name="updateProduct" class="productAction" method="getProdcutDetails">
            <result name="success">/views/Administrator/product/productmaster.jsp</result>
           
        </action>

        <action name="PrdUpdate" class="productAction" method="modifyProdcutDetails">
            <result name="success">/views/Administrator/product/Product__Master.jsp</result>
           
        </action>

        <action name="Cancel" class="productAction" method="Cancel">
            <result name="success">/views/Administrator/product/Product__Master.jsp</result>
           
        </action>


      <action name="delProd" class="productAction" method="deleteProduct">
            <result name="success">/views/Administrator/product/Product__Master.jsp</result>
            <result name="error">/views/product/Product__Master.jsp</result>
        </action>

        <action name="searchProductAction" class="productAction" method="searchProduct">
            <result name="success">/views/Administrator/product/Product__Master.jsp</result>
            <result name="error">/views/Administrator/product/Product__Master.jsp</result>
        </action>

        <action name="resetProductAction" class="productAction" method="resetProduct">
            <result name="success">/views/Administrator/product/Product__Master.jsp</result>
            <result name="error">/views/Administrator/product/Product__Master.jsp</result>
        </action>
        

    </package>
</struts>

