<?xml version="1.0" encoding="UTF-8" ?>
<!DOCTYPE struts PUBLIC
        "-//Apache Software Foundation//DTD Struts Configuration 2.0//EN"
        "http://struts.apache.org/dtds/struts-2.0.dtd">
<struts>
    <package name="productSLA" namespace="/clickpss" extends="Session">
        <default-interceptor-ref name="myStack" />
        <action name="ActionSLA" class="IDProductSLA"  >
            <result name="success">/views/Administrator/setup/productSLA.jsp</result>
        </action>
        <action name="ProductSLASave" class="IDProductSLA" method="addProductSLA" >
            <result name="success">/views/Administrator/setup/productSLA.jsp</result>
        </action>
        <action name="ProductSLACancel" class="IDProductSLA" method="cancel" >
            <result name="success">/views/Administrator/setup/productSLA.jsp</result>
        </action>
        
        <action name="getPrdSlaDetails" class="IDProductSLA" method="getDetails" >
            <result name="success">/views/Administrator/setup/productSLA.jsp</result>
        </action>
        
        <action name="ProductSlaUpdate" class="IDProductSLA" method="UpdatePrdSave" >
            <result name="success">/views/Administrator/setup/productSLA.jsp</result>
        </action>
        
        
        
        
    </package>
</struts>

