<?xml version="1.0" encoding="UTF-8" ?>

<!DOCTYPE struts PUBLIC
"-//Apache Software Foundation//DTD Struts Configuration 2.0//EN"
"http://struts.apache.org/dtds/struts-2.0.dtd">

<struts>
    <package name="productWorkFlow" namespace="/clickpss" extends="Session">
        <default-interceptor-ref name="myStack" />
        <action name="appFlowAction" class="wizWorkFlowId">
            <result name="success">/views/FlowSequence/FlowSequencePage.jsp</result>
        </action>

        <action name="getFlowActionData" class="wizWorkFlowId" method="getDataDetails">
            <result name="success">/views/FlowSequence/FlowSequencePage.jsp</result>
        </action>
    </package>
</struts>
