<?xml version="1.0" encoding="UTF-8" ?>

<!DOCTYPE struts PUBLIC
"-//Apache Software Foundation//DTD Struts Configuration 2.0//EN"
"http://struts.apache.org/dtds/struts-2.0.dtd">

<struts>
    <package name="quadrantViewReport" namespace="/clickpss" extends="Session">
         <default-interceptor-ref name="myStack" />
    
         <action name="getReportAction" class="quadrantReport" method="getReport">
            <result name="success">/views/quadrantReport/quadrantReport.jsp</result>
            <result name="error">/views/quadrantReport/quadrantReport.jsp</result>
         </action>
          <action name="saveReportAction" class="quadrantReport" method="saveReport">
            <result name="success">/views/quadrantReport/quadrantReport.jsp</result>
            <result name="error">/views/quadrantReport/quadrantReport.jsp</result>
         </action>
        
    </package>
</struts>
