<?xml version="1.0" encoding="UTF-8" ?>

<!DOCTYPE struts PUBLIC
        "-//Apache Software Foundation//DTD Struts Configuration 2.0//EN"
        "http://struts.apache.org/dtds/struts-2.0.dtd">
<struts>
    <package name="ReconTracingviewsLocaley" namespace="/clickpss" extends="Session">
        <default-interceptor-ref name="myStack" />
    </package>

    <package name="ReconTracingviewsBill" namespace="/clickpss" extends="Session">
        <default-interceptor-ref name="myStack" />
        <action name="reconTracingReports" class="reconTracingAction" method="getReconTracingReportsView">
            <result name="success">/views/ReconTracing/reconTracingInput.jsp</result>
            <result name="error">/views/commonErrorView.jsp</result>
        </action>
     
       

        <action name="getReconTracingView" class="reconTracingAction" method="getReconTracingDetail">
            <result name="success">/views/ReconTracing/reconTracingView.jsp</result>
            <result name="error">/views/ReconTracing/reconTracingInput.jsp</result>
        </action>

         <action name="populateTracingProcessETLList" class="reconTracingAction" method="getTracingSchedularETLList">
                <result name="success">/views/ReconTracing/reconTracingInput.jsp</result>
               
        </action>
        
          <action name="downloadTracingExcleFile" class="reconTracingAction"  method="downloadExcleFile" >
          <result name="success" type="stream">
            <!-- Specify the content type -->
            <param name="contentType">application/vnd.openxmlformats-officedocument.spreadsheetml.sheet</param>
            <!-- Specify the output stream name -->
            <param name="inputName">inputStreamReport</param>
               <param name="contentDisposition">attachment;filename="HistoricalTracingReport.xlsx"</param>
                 <param name="bufferSize">1024</param>
        </result>
        </action>
    </package>

</struts>

