<?xml version="1.0" encoding="UTF-8"?>
<!DOCTYPE struts PUBLIC
        "-//Apache Software Foundation//DTD Struts Configuration 2.0//EN"
        "http://struts.apache.org/dtds/struts-2.0.dtd">
<!--
    Document   : region.xml
    Created on : July 9, 2010, 6:09 PM
    Author     : sjandip
    Description:
        Purpose of the document follows.
-->
<struts>
    <package name="viewsRegion" namespace="/clickpss" extends="Session">
        <default-interceptor-ref name="myStack" />
        <action name="regionAction" class="regionBeanId">
            <result>/views/Administrator/region/region_master.jsp</result>
        </action>
        <action name="searchRegionAction" class="regionBeanId" method="findRegion">
             <result>/views/Administrator/region/region_master.jsp</result>
        </action>
        <action name="resetRegionAction" class="regionBeanId" method="resetRegionSearch">
             <result>/views/Administrator/region/region_master.jsp</result>
        </action>
        <action name="addRegionAction" class="regionBeanId" method="addRegion">
             <result>/views/Administrator/region/region_master.jsp</result>
        </action>
        <action name="addRegionLinkAction" class="regionBeanId">
             <result>/views/Administrator/region/add_region.jsp</result>
        </action>
        <action name="getRegionDataForUpdateAction" class="regionBeanId" method="getRegionDataForUpdation">
            <result>/views/Administrator/region/edit_region.jsp</result>
        </action>
        <action name="updateRegionAction" class="regionBeanId" method="updateRegion">
            <result>/views/Administrator/region/region_master.jsp</result>
        </action>
        <action name="deleteRegionAction" class="regionBeanId" method="deleteRegion">
            <result>/views/Administrator/region/region_master.jsp</result>
        </action>
        <action name="cancelRegionAction" class="regionBeanId" method="cancelRegion">
            <result>/views/Administrator/region/region_master.jsp</result>
        </action>
     </package>
</struts>
