<?xml version="1.0" encoding="UTF-8" ?>
<!DOCTYPE struts PUBLIC
"-//Apache Software Foundation//DTD Struts Configuration 2.0//EN"
"http://struts.apache.org/dtds/struts-2.0.dtd">
<struts>
    <package name="viewsReport" namespace="/clickpss" extends="Session">

        <default-interceptor-ref name="myStack" />
        <action name="reconciliationRepoAction" class="reportBeanId"  method="getReconsillationPageLoad">
            <result>/views/Operation/Report/ReconsillationLogs.jsp</result>
        </action>

        <!-- submit btn click-->
        <action name="getReconsillationReport" class="reportBeanId"  method="getReconsillationRport">
            <result name="success">/views/Operation/Report/ReconsillationLogs.jsp</result>
        </action>
        <action name="exportReconsillationRport" class="reportBeanId"  method="exportReconsillationRport">
            <result name="success">/views/Operation/Report/ReconsillationLogs.jsp</result>
        </action>
        <action name="getReconsillationReport2" class="reportBeanId"  method="getReconsillationRport2">
            <result name="success">/views/Operation/Report/ReconsillationLogs.jsp</result>
        </action>
          <action name="downloadFile" class="reportBeanId"  method="downloadFile" >
            <result name="success" type="stream">
                 <param name="contentType">application/octet-stream</param>
                 <param name="inputName">fileInputStream</param>
                 <param name="contentDisposition">attachment;filename="CustomerDetails.xls"</param>
                 <param name="bufferSize">1024</param>
               </result>
        </action>
        
          <action name="downloadReconExcleFile" class="reportBeanId"  method="downloadExcleFile" >
          <result name="success" type="stream">
            <!-- Specify the content type -->
            <param name="contentType">application/vnd.openxmlformats-officedocument.spreadsheetml.sheet</param>
            <!-- Specify the output stream name -->
            <param name="inputName">inputStreamReport</param>
               <param name="contentDisposition">attachment;filename="ReconsillationReport.xlsx"</param>
                 <param name="bufferSize">1024</param>
        </result>
        </action>
        <action name="ViewProcessDetail" class="reportBeanId"  method="getDetailedReport">
            <result name="CUST_DTLS">/views/Operation/Report/Customer_Details.jsp</result>
            <result name="DataParsed">/views/Operation/Report/Customer_Details.jsp</result>
            <result name="DataParseFailed">/views/Operation/Report/Customer_Details.jsp</result>
            <result name="TOT_FAIL">/views/Operation/Report/Customer_Details.jsp</result>
            <result name="Available_To_Generate">/views/Operation/Report/Customer_Details.jsp</result>
            <result name="Generation">/views/Operation/Report/Customer_Details.jsp</result>
            <result name="Generation_Failed">/views/Operation/Report/Customer_Details.jsp</result>
            <result name="EmailGeneration">/views/Operation/Report/Customer_Details.jsp</result>
            <result name="EmailGenerationFailed">/views/Operation/Report/Customer_Details.jsp</result>
            <result name="Print_Generation">/views/Operation/Report/Customer_Details.jsp</result>
            <result name="Print_Generation_Failed">/views/Operation/Report/Customer_Details.jsp</result>
            <result name="Email_Sent_Successful">/views/Operation/Report/Customer_Details.jsp</result>
            <result name="Email_Sent_Failed">/views/Operation/Report/Customer_Details.jsp</result>
            <result name="SMS_Sent_Successful">/views/Operation/Report/Customer_Details_SMS.jsp</result>
            <result name="SMS_Sent_Failed">/views/Operation/Report/Customer_Details_SMS.jsp</result>
            <result name="WHATSAPP_Sent_Successful">/views/Operation/Report/Customer_Details_SMS.jsp</result>
            <result name="WHATSAPP_Sent_Failed">/views/Operation/Report/Customer_Details_SMS.jsp</result>
            <result name="TOTAL_BOUNCED">/views/Operation/Report/Customer_Details.jsp</result>
            <result name="SOFT_BOUNCE">/views/Operation/Report/Customer_Details.jsp</result>
            <result name="HARD_BOUNCE">/views/Operation/Report/Customer_Details.jsp</result>
            <result name="DELIVERY_RECEIPT_DTLS">/views/Operation/Report/Customer_Details.jsp</result>
            <result name="READ_RECEIPT_DTLS">/views/Operation/Report/Customer_Details.jsp</result>
            <result name="UNDELIVERY_RECEIPT_DTLS">/views/Operation/Report/Customer_Details.jsp</result>
            <result name="Total_NotTo_Generate">/views/Operation/Report/Customer_Details.jsp</result>
            <result name="Total_Stmt_Hold">/views/Operation/Report/Customer_Details.jsp</result>
            <result name="TotalUpload">/views/Operation/Report/OmniDocsUploadDetails.jsp</result>
            <result name="Upload_Missed">/views/Operation/Report/OmniDocsUploadDetails.jsp</result>
            <result name="Upload_Failed">/views/Operation/Report/OmniDocsUploadDetails.jsp</result>
            <result name="error">/views/Operation/Report/ReconsillationLogs.jsp</result>
        </action>

        <action name="procRepoAction" class="reportBeanId"  method="getProcessPageLoad">
            <result>/views/Operation/Report/ProcessExcecutionLogs.jsp</result>
        </action>

        <action name="getProcessReport" class="reportBeanId"  method="getProcessRpt">
            <result>/views/Operation/Report/ProcessExcecutionLogs.jsp</result>
        </action>

        <action name="ViewDetail" class="reportBeanId"  method="getDetailedReconsillationRpt">
            <result name="bounce">/views/Operation/Report/Bounce_Report.jsp</result>
            <result name="subscription">/views/Operation/Report/Email_Subscription.jsp</result>
        </action>

        <action name="getPromotionalEmailLogRepoAction" class="reportBeanId"  method="getPromoLogRept">
            <result name="success">/views/Operation/Report/PromotionalLogs.jsp</result>
        </action>

        <action name="getPromoEmailLogAction" class="reportBeanId"  method="getPromoLogDetailDateRangeRept">
            <result name="success">/views/Operation/Report/PromotionalLogs.jsp</result>
        </action>

        <action name="getPromotionalLogDetail" class="reportBeanId"  method="getPromoLogCountDetail">
            <result name="success">/views/Operation/Report/PromotionalDetails.jsp</result>
        </action>
        <action name="getEBPRept" class="reportBeanId"  method="getPromoCustomer">
            <result name="success">/views/Operation/Report/PromoCustomerReportLnd.jsp</result>
        </action>
        <action name="getCustPrmRept" class="reportBeanId"  method="getPromoCustomerLog">
            <result name="success">/views/Operation/Report/custPromoLog.jsp</result>
        </action>

        <action name="getPromotionalLogStatusDetail" class="reportBeanId"  method="getPromoLogStatus">
            <result name="success" type="redirect">viewStatementStts?stmtPath=${lnkNumber}</result>
        </action>

        <action name="viewStatementStts" class="crmAction"  method="viewStatement">
            <result name="success" type="stream">
                <param name="inputName">fileInputStream</param>
                <param name="contentType">application/octet-stream</param>
                <param name="bufferSize">2048</param>
            </result>
            <result name="error">/views/commonErrorView.jsp</result>
            <result name="goToCRM">/views/commonErrorView.jsp</result>
        </action>

<!-- added Rambabu -->

        <action name="ViewAlertDetail" class="reportBeanId"  method="getViewAlertDtl">
            <result name="success">/views/Operation/Report/Customer_Details_Alert.jsp</result>
        </action>
        <action name="reconsilation" class="reportBeanId"  method="getReconsilation">
            <result name="success">/views/Operation/Report/reconsilation.jsp</result>
            <result name="input">/views/Operation/Report/reconsilation.jsp</result>
        </action>
        <action name="getproductWiseReport" class="reportBeanId"  method="getPrdtWiseDetails">
            <result name="success">/views/Operation/Report/ProductWiseDashboardLogs.jsp</result>
            <result name="error">/views/Operation/Report/ProductWiseDashboardLogs.jsp</result>
        </action>
        <action name="productWiseReport" class="reportBeanId"  method="getProductWisePageLoad">
            <result name="success">/views/Operation/Report/ProductWiseDashboardLogs.jsp</result>
        </action>
         <action name="viewRegistration" class="reportBeanId"  method="getProcessDate1">
            <result name="success">/views/Operation/Report/reconsilation.jsp</result>
            <result name="input">/views/Operation/Report/reconsilation.jsp</result>
        </action>
         <action name="fileUploadxls" class="fileUploadBeanId"  method="xlsUploadFile">
            <result name="success">/views/FileUpload/fileupload.jsp</result>
           <result name="input">/views/FileUpload/fileupload.jsp</result>
        </action>
        <action name="xlsfileUploadAction" class="fileUploadBeanId"  method="Fileuploadmethod">
            <interceptor-ref name="fileUpload">
                <param name="maximumSize">6000000</param>
           </interceptor-ref>
           <interceptor-ref name="defaultStack">
           </interceptor-ref>
           <result name="success">/views/FileUpload/fileupload.jsp</result>
           <result name="input">/views/FileUpload/fileupload.jsp</result>
        </action>
        <!-- Below lines added from new code for process Report on 20130923  by rams-->
<!--
        <action name="viewProcessReport" class="reportBeanId"  method="allProcStatusRpt">
            <result name="success">/views/Operation/Report/ProcessReport.jsp</result>
            <result name="input" type="redirect">processStatus</result>
        </action>
        <action name="processStatus" class="reportBeanId"  method="allProcStatusRpt">
            <result name="success">/views/Operation/Report/ProcessReport.jsp</result>
            <result name="input">/views/Operation/Report/ProcessReport.jsp</result>
        </action>

        <action name="processStatus" class="reportBeanId"  method="ProcStatusRpt">
            <result name="success">/views/Operation/Report/ProcessReport.jsp</result>
            <result name="input">/views/Operation/Report/ProcessReport.jsp</result>
        </action>

               <action name="stopProcess" class="reportBeanId"  method="stopProcess">
                   <result name="success">/views/Operation/Report/ProcessReport.jsp</result>
                   <result name="input">/views/Operation/Report/ProcessReport.jsp</result>
               </action>
               <action name="resumeProcess" class="reportBeanId"  method="resumeProcess">
                   <result name="success">/views/Operation/Report/ProcessReport.jsp</result>
                   <result name="input">/views/Operation/Report/ProcessReport.jsp</result>
               </action>
        -->
        <!-- Process Logs by Rams -->

        <action name="processStatus" class="reportBeanId"  method="getProcessStatusPageLoad">
            <result>/views/Operation/Report/ProcessStatusLogs.jsp</result>
        </action>

        <action name="getProcessReport" class="reportBeanId"  method="getProcessStatusReport">
            <result name="success">/views/Operation/Report/ProcessStatusLogs.jsp</result>
        </action>

        <!--UCV Process Status Report  -->
        <action name="UcvStatusReport" class="reportBeanId"  method="getUCVProcessStatusPageLoad">
            <result>/views/Operation/Report/UCVProcessReportLogs.jsp</result>
        </action>
        <action name="getUCVProcessReport" class="reportBeanId"  method="getUCVProcessStatusReport">
            <result name="success">/views/Operation/Report/UCVProcessReportLogs.jsp</result>
        </action>
        <action name="fileUploadtxt" class="fileUploadBeanId"  method="txtUploadFile">
            <result name="success">/views/Operation/Report/UserImage.jsp</result>
            <result name="input">/views/Operation/Report/UserImage.jsp</result>
        </action>
        <action name="fileUploadAction" class="fileUploadBeanId" method="UploadFileDetail">
            <interceptor-ref name="fileUpload">
                <param name="maximumSize">6000000</param>
                <!--                <param name="allowedTypes">text/plain,application/zip,application/x-zip-compressed</param>-->
            </interceptor-ref>
            <interceptor-ref name="defaultStack">
            </interceptor-ref>
            <result name="success">/views/Operation/Report/UserImage.jsp</result>
            <result name="input">/views/Operation/Report/UserImage.jsp</result>
        </action>

        <action name="fileUploadDownload" class="fileUploadBeanId"  method="UploadFile">
            <result name="success">/views/Operation/Report/UserImage.jsp</result>
            <result name="input">/views/Operation/Report/UserImage.jsp</result>
        </action>

        <action name="ViewProcessDetailUCV" class="reportBeanId"  method="getUCVDetailedReport">
            <result name="TotalUpload">/views/Operation/Report/UCVOmniDocsUploadDetails.jsp</result>
            <result name="Upload_Missed">/views/Operation/Report/UCVOmniDocsUploadDetails.jsp</result>
            <result name="Upload_Failed">/views/Operation/Report/UCVOmniDocsUploadDetails.jsp</result>
            <result name="error">/views/Operation/Report/UCVProcessReportLogs.jsp</result>
        </action>
        <action name="ViewGenerateDetailUCV" class="reportBeanId"  method="getUCVDetailedGeneratedReport">
            <result name="Available_To_Generate">/views/Operation/Report/UCVCustomer_Details.jsp</result>
            <result name="Generation">/views/Operation/Report/UCVCustomer_Details.jsp</result>
            <result name="Generation_Failed">/views/Operation/Report/UCVCustomer_Details.jsp</result>
            <result name="Print_Generation">/views/Operation/Report/UCVCustomer_Details.jsp</result>
            <result name="Print_Generation_Failed">/views/Operation/Report/UCVCustomer_Details.jsp</result>
        </action>


        <!-- Vendor Report added by vibhooti on 31 oct 2013 -->

        <action name="getVendorPOD" class="reportBeanId"  method="getVendorReport">
            <result name="success">/views/Operation/Report/vendorReport.jsp</result>
        </action>
        <!-- PinCode priority Report added by vibhooti on 19 nov  2013 -->

        <action name="getPincodePriorityReport" class="reportBeanId"  method="getPincodePriorityReport">
            <result name="success">/views/Operation/Report/pinCodePriority.jsp</result>
        </action>
        <!-- Daywise Schedualar report is added by Durga  -->
        <action name="getDayWiseSchedualerReport" class="reportBeanId"  method="getDayWiseSchedualerReport">
            <result name="success">/views/Operation/Report/DayWiseSchedularReportPage.jsp</result>
        </action>
        <action name="dayWiseSchedularReport" class="reportBeanId"  method="dayWiseSchedularReport">
            <result name="success">/views/Operation/Report/DayWiseSchedularReportPage.jsp</result>
            <result name="error">/views/Operation/Report/DayWiseSchedularReportPage.jsp</result>
        </action>
        <!-- Daywise Schedualar report is added by Durga end here -->

        <!-- Vendor POD update Report is added by Durga start here -->
        <action name="getVendorPodUpdatePage" class="reportBeanId"  method="getVendorPodUpdatePage">
            <result name="success">/views/Operation/Report/VendorPODUpdatePage.jsp</result>
        </action>
        <action name="updateVendorPOD" class="reportBeanId"  method="updateVendorPOD">
            <result name="success">/views/Operation/Report/VendorPODUpdatePage.jsp</result>
        </action>

        <!-- Daywise Schedualar report is added by Durga end here -->
        <action name="updateAdvanceVendorPOD" class="reportBeanId"  method="updateAdvanceVendorPOD">
            <result name="success">/views/Operation/Report/VendorPODUpdatePage.jsp</result>
        </action>


        <action name="getUnProcessRecords" class="reportBeanId"  method="getUnProcessRecords">
            <result name="success">/views/Operation/Report/unProcessedRecords.jsp</result>
        </action>

        <!--        All Other Reports -->
        <action name="otherReportAction" class="reportBeanId"  method="otherReportLoad">
            <result>/views/Operation/Report/ReconsillationLogs.jsp</result>
        </action>
        <!--        finish-->

        <!--        Adhoc Alert utility-->
        <action name="AdhocAlertxlsUploadFile" class="fileUploadBeanId"  method="AdhocAlertxlsUploadFile">
            <result name="success">/views/FileUpload/adhocAlertUtility.jsp</result>
            <result name="input">/views/FileUpload/adhocAlertUtility.jsp</result>
        </action>

        <action name="adhocAlertWithoutValidation" class="fileUploadBeanId"  method="AdhocFileuploadUtility">
            <interceptor-ref name="fileUpload">
                <param name="maximumSize">6000000</param>
            </interceptor-ref>
            <interceptor-ref name="defaultStack">
            </interceptor-ref>
            <result name="success">/views/FileUpload/adhocAlertUtility.jsp</result>
            <result name="input">/views/FileUpload/adhocAlertUtility.jsp</result>
        </action>
        <!--        finish-->

        <!--added by stalin for icici demo-->
        <action name="statementofferreportaction" class="reportBeanId"  method="getStmtOfferReport">
            <result>/views/icicireports/stmtoffrreport.jsp</result>
        </action>
        <action name="campaignnotificationAction" class="reportBeanId"  method="getCampaignNotificationSmmry">
            <result>/views/icicireports/campaignnotificationsumary.jsp</result>
        </action>
        
              <!--Estamp Start-->
          <action name="getEstampReport" method="getEstampReportsn" class="estampReportBeanId">
                <result name="success">/views/Operation/Report/estampReportsNew.jsp</result>
          </action>
          <action name="estampReports" method="getEstampPageLoad" class="estampReportBeanId">
              <result>/views/Operation/Report/estampReportsNew.jsp</result>
          </action>
          <action name="getEstampReportActn" method="getEstampMethodRport" class="estampReportBeanId">
            <result name="success">/views/Operation/Report/estampReportsNew.jsp</result>
          </action>
          <action name="exportEstampRport" method="exportEstampRport" class="estampReportBeanId">
             <result name="success">/views/Operation/Report/estampReportsNew.jsp</result>
          </action>
          <action name="ViewEstampProcessDetail" method="getDetailedReport" class="estampReportBeanId">
               <result name="DataParsed">/views/Operation/Report/Customer_Estamp_Details.jsp</result>
            <result name="TotalEligibleEstampEml">/views/Operation/Report/Customer_Estamp_Details.jsp</result>
              <result name="TotalReadyEstampEml">/views/Operation/Report/Customer_Estamp_Details.jsp</result>
              <result name="TotalCountEstampEml">/views/Operation/Report/Customer_Estamp_Details.jsp</result>
              <result name="TotalSubmittedEstampEml">/views/Operation/Report/Customer_Estamp_Details.jsp</result>
              <result name="TotalDwndEstampEml">/views/Operation/Report/Customer_Estamp_Details.jsp</result>
           <result name="TotalFailEstampEml">/views/Operation/Report/Customer_Estamp_Details.jsp</result>
              <result name="TotalEligibleEstampPrn">/views/Operation/Report/Customer_Estamp_Details.jsp</result>
              <result name="TotalReadyEstampPrn">/views/Operation/Report/Customer_Estamp_Details.jsp</result>
              <result name="TotalCountEstampPrn">/views/Operation/Report/Customer_Estamp_Details.jsp</result>
              <result name="TotalSubmittedEstampPrn">/views/Operation/Report/Customer_Estamp_Details.jsp</result>
              <result name="TotalDwndEstampPrn">/views/Operation/Report/Customer_Estamp_Details.jsp</result>
              <result name="TotalFailEstampPrn">/views/Operation/Report/Customer_Estamp_Details.jsp</result>
              <result name="Total_Fail_Prn">/views/Operation/Report/Customer_Estamp_Details.jsp</result>
              <result name="error">/views/Operation/Report/estampReportsNew.jsp</result>
          </action>
          
            <action name="downloadEstampExcleFile" class="estampReportBeanId"  method="downloadExcleFile" >
          <result name="success" type="stream">
            <!-- Specify the content type -->
            <param name="contentType">application/vnd.openxmlformats-officedocument.spreadsheetml.sheet</param>
            <!-- Specify the output stream name -->
            <param name="inputName">inputStreamReport</param>
               <param name="contentDisposition">attachment;filename="EstampReport.xlsx"</param>
                 <param name="bufferSize">1024</param>
        </result>
        </action>
         <!--Estamp End-->
        
    <action name="viewStatementStts" class="reconTracingAction"  method="viewStatement">
            <result name="success" type="stream">
                <param name="inputName">fileInputStream</param>
                <param name="contentType">application/octet-stream</param>
                <param name="bufferSize">2048</param>
            </result>
            <result name="error">/views/commonErrorView.jsp</result>
            <result name="goToCRM">/views/commonErrorView.jsp</result>
        </action>
	  
         
  <action name="viewStatementStts" class="summaryFuctionAction"  method="viewStatement">
            <result name="success" type="stream">
                <param name="inputName">fileInputStream</param>
                <param name="contentType">application/octet-stream</param>
                <param name="bufferSize">2048</param>
            </result>
            <result name="error">/views/commonErrorView.jsp</result>
            <result name="goToCRM">/views/commonErrorView.jsp</result>
        </action>
	  
     
    </package>
</struts>