<?xml version="1.0" encoding="UTF-8" ?>

<!DOCTYPE struts PUBLIC
"-//Apache Software Foundation//DTD Struts Configuration 2.0//EN"
"http://struts.apache.org/dtds/struts-2.0.dtd">

<struts>
    <package name="RMviewsPromotionalEmail" namespace="/clickpss" extends="Session">
        <default-interceptor-ref name="myStack" />
        <action name="marketting_promo_email_rm" class="promoEmailBeanId" method="getPromotionalEmailDetails">
            <result name="SUCCESSM" >/views/rm/promotionalEmail/RM_email_markting_view.jsp</result>
            <result name="SUCCESSC" >/views/rm/promotionalEmail/RM_email_reworkview.jsp</result>
            <result name="error" >/views/rm/promotionalEmail/RM_email_markting_view.jsp</result>
        </action>
        <action name="RMaddPromoEmail" class="promoEmailBeanId" method="addPromotionalEmailDetails">
            <result name="success" >/views/rm/promotionalEmail/RM_email_markting.jsp</result>
        </action>
        <action name="RMcheckPromoEmlQueryAction" class="promoEmailBeanId" method="validatePromoEmailRule">
            <result>/views/markting/BusinessPromo/validateRule.jsp</result>
        </action>
        <action name="RMsavePromoEmail" class="promoEmailBeanId" method="savePromotionalEmailDetailsNew">
            <result name="success" >/views/rm/promotionalEmail/RM_email_markting_view.jsp</result>
            <result name="error" >/views/rm/promotionalEmail/RM_email_markting.jsp</result>
            <result name="duplicateRule" >/views/rm/promotionalEmail/RM_email_markting.jsp</result>
        </action>
        <action name="RMcancelAdd" class="promoEmailBeanId" method="cancelAddPrmEmail">
            <result name="success" >/views/rm/promotionalEmail/RM_email_markting_view.jsp</result>
            <result name="SUCCESSM" >/views/rm/promotionalEmail/RM_email_markting_view.jsp</result>
            <result name="SUCCESSC" >/views/rm/promotionalEmail/RM_email_reworkview.jsp</result>
        </action>
        <action name="RMgetUserForUpdateEmailAction" class="promoEmailBeanId" method="getDataForUpdatePrmEmail">
            <result name="success" >/views/rm/promotionalEmail/RM_email_markting.jsp</result>
        </action>
        <action name="RMUpdateEmailActioncancelAddPrmEmail" class="promoEmailBeanId" method="updatePrmEmailNew">
            <result name="success" >/views/rm/promotionalEmail/RM_email_markting_view.jsp</result>
            <result name="error" >/views/rm/promotionalEmail/RM_email_markting_view.jsp</result>
        </action>
        <action name="RMfindPrmEmlRuleStatusAction" class="promoEmailBeanId" method="searchDatewisePrmEmail">
            <result name="SUCCESSM" >/views/rm/promotionalEmail/RM_email_markting_view.jsp</result>
            <result name="SUCCESSC" >/views/rm/promotionalEmail/RM_email_reworkview.jsp</result>
            <result name="error" >/views/rm/promotionalEmail/RM_email_reworkview.jsp</result>
            <result name="success" >/views/rm/promotionalEmail/RM_email_markting_view.jsp</result>
        </action>
        <action name="RMdeletePromoEmail" class="promoEmailBeanId" method="deletePromotionalEmailDetails">
            <result name="success" >/views/rm/promotionalEmail/RM_email_markting_view.jsp</result>
            <result name="error" >/views/rm/promotionalEmail/RM_email_markting_view.jsp</result>
        </action>
        <action name="RMsearchPrmEmlRuleAction" class="promoEmailBeanId" method="searchPrmEmlRule">
            <result name="SUCCESSM" >/views/rm/promotionalEmail/RM_email_markting_view.jsp</result>
            <result name="SUCCESSC" >/views/rm/promotionalEmail/RM_email_reworkview.jsp</result>
            <result name="error" >/views/rm/promotionalEmail/RM_email_markting_view.jsp</result>
            <result name="ERRORM" >/views/rm/promotionalEmail/RM_email_markting_view.jsp</result>
            <result name="ERRORC" >/views/rm/promotionalEmail/RM_email_reworkview.jsp</result>
            <result name="success" >/views/rm/promotionalEmail/RM_email_markting_view.jsp</result>
        </action>
        <action name="RMresetPrmEmlRuleRuleAction" class="promoEmailBeanId" method="resetPrmEmlRuleRule">
            <result name="success" >/views/rm/promotionalEmail/RM_email_reworkview.jsp</result>
            <result name="SUCCESSM" >/views/rm/promotionalEmail/RM_email_markting_view.jsp</result>
            <result name="SUCCESSC" >/views/rm/promotionalEmail/RM_email_reworkview.jsp</result>
        </action>
        <!-- Action for sending the Test MAIL -->
<!-- to be checked by stalin-->
        <action name="RMsendTestMail" class="promoEmailBeanId" method="sendMail">
            <result name="success" >/views/rm/promotionalEmail/RM_email_reworkview.jsp</result>
            <result name="SUCCESSM" >/views/rm/promotionalEmail/RM_email_markting_view.jsp</result>
            <result name="SUCCESSC" >/views/rm/promotionalEmail/RM_email_reworkview.jsp</result>
        </action>

        <!-- Now we are writing action for the checker -->
        <action name="RMupdateSatatusPromoEmail" class="promoEmailBeanId" method="updatePrmEmlRule">
            <result name="success" >/views/rm/promotionalEmail/RM_email_reworkview.jsp</result>
            <result name="error" >/views/rm/promotionalEmail/RM_email_reworkview.jsp</result>
        </action>
        
        <!-- to be checked by stalin-->
        <action name="RMgetPreview" class="promoEmailBeanId" method="getPreviewEmail">
            <result>/views/rm/promotionalEmail/RM_promotionalemailPreview.jsp</result>
        </action>
       <!-- to be checked by stalin; seems not in use-->
       <action name="RMpromotionalEmailAction" class="promoEmailBeanId" method="displayPromotionalEmail">
            <result>/views/rm/promotionalEmail/RM_email_markting_view.jsp</result>
        </action>
         <!-- to be checked by stalin; seems not in use-->
        <action name="RMpromotionalCheckerAction" class="promoEmailBeanId" method="displayPromotionalEmail">
            <result>/views/rm/promotionalEmail/RM_email_reworkview.jsp</result>
        </action>
        <action name="RMgetEmailVieableAction" class="promoEmailBeanId" method="getPrmEmailViewable">
            <result>/views/rm/promotionalEmail/RM_emailMarkettingViewable.jsp</result>
        </action>
        <action name="RMgetEmailVieableCheckerAction" class="promoEmailBeanId" method="getPrmEmailViewable">
            <result>/views/rm/promotionalEmail/RM_emailMarkettingViewable.jsp</result>
        </action>
<!-- to be checked as it is going as a parameter string -->
        <action name="RMnewTestMail" class="promoEmailBeanId" method="sendMailNew">
            <result name="success" >/views/rm/promotionalEmail/RM_TestMailStatus.jsp</result>
        </action>
         <action name="getRmPreview" class="promoEmailBeanId" method="getPreRmMaker">
            <result name="success" >/views/rm/promotionalEmail/RM_promotionalemailPreview_new.jsp</result>
        </action>
    </package>
</struts>

