<?xml version="1.0" encoding="UTF-8" ?>

<!DOCTYPE struts PUBLIC
"-//Apache Software Foundation//DTD Struts Configuration 2.0//EN"
"http://struts.apache.org/dtds/struts-2.0.dtd">

<struts>
    <package name="viewsRole" namespace="/clickpss" extends="Session">
        <default-interceptor-ref name="myStack" />
        <action name="roleMenuAction" class="roleBeanId" method="getRoleDetails">
            <result name="success" >/views/Administrator/master/role.jsp</result>
        </action>

        <action name="addRoleAction" class="roleBeanId" method="addRole">
            <result name="success" >/views/Administrator/master/addRole.jsp</result>
        </action>

        <action name="rightsAssign" class="roleBeanId" method="assignRole">
            <result  name="input">/views/Administrator/master/addRole.jsp</result>
            <result  name="success" >/views/Administrator/master/assignRole.jsp</result>            
        </action>


      <action name="updaeRightAssign" class="roleBeanId" method="updateUserRoles">
           <result  name="input">/views/Administrator/master/addRole.jsp</result>
            <result name="success">/views/Administrator/master/assignRole.jsp</result>
        </action>
        <action name="saveRoleAction" class="roleBeanId" method="saveRoleDetails">
            <result name="success" >/views/Administrator/master/role.jsp</result>
        </action>

        <action name="updateRoleRight" class="roleBeanId" method="updateRoleDetailsRights">
            <result name="success">/views/Administrator/master/role.jsp</result>
        </action>

      <action name="getRoleForUpdateAction" class="roleBeanId" method="getRoles">
            <result name="success">/views/Administrator/master/addRole.jsp</result>
        </action>

        <action name="deleteRoleAction" class="roleBeanId" method="deleteRole">
            <result name="success">/views/Administrator/master/role.jsp</result>
        </action>

         <action name="cancelAddModifyRole" class="roleBeanId" method="cancelRole">
            <result name="success">/views/Administrator/master/role.jsp</result>
        </action>
        <action name="searchRoleAction" class="roleBeanId" method="searchRole">
            <result name="success">/views/Administrator/master/role.jsp</result>
            <result name="error">/views/Administrator/master/role.jsp</result>
        </action>

        <action name="resetRoleAction" class="roleBeanId" method="resetRole">
            <result name="success">/views/Administrator/master/role.jsp</result>
        </action>

        <action name="getSelectionCriteriaList" class="roleBeanId" method="getSelectionCriteriaList">
            <result name="success">/views/SelectionCriteria/SelectionCriteria.jsp</result>
        </action>
       
        <action name="addSelectedList" class="roleBeanId" method="addSelectedList">
            <result name="success">/views/SelectionCriteria/SelectionCriteria.jsp</result>
        </action>
        
        <action name="updateSelectedList" class="roleBeanId" method="updateSelectedList">
            <result name="success">/views/SelectionCriteria/SelectionCriteria.jsp</result>
        </action>
         
         <action name="displayListAction" class="roleBeanId" method="displaySelectedList">
            <result name="success">/views/SelectionCriteria/SelectionCriteria.jsp</result>
        </action>
    </package>
</struts>

