<?xml version="1.0" encoding="UTF-8" ?>

<!DOCTYPE struts PUBLIC
"-//Apache Software Foundation//DTD Struts Configuration 2.0//EN"
"http://struts.apache.org/dtds/struts-2.0.dtd">

<struts>
    <package name="viewsRollBack" namespace="/clickpss" extends="Session">
         <default-interceptor-ref name="myStack" />
        <action name="rollBackAction" class="rollBackBean" method="getRollBack">
            <result name="success">/views/Operation/HouseCleaning/Rollback.jsp</result>
        </action>

         <action name="getPrdRollBackDetails" class="rollBackBean" method="getRollBackData">
            <result name="success">/views/Operation/HouseCleaning/Rollback.jsp</result>
             
        </action>
        
        
        <action name="addRollBack" class="rollBackBean" method="saveRollBackData">
             <result name="success">/views/Operation/HouseCleaning/Rollback.jsp</result>
             
            
        </action>

         <action name="updateRollBack" class="rollBackBean" method="saveRollBackData">
             <result name="success">/views/Operation/HouseCleaning/Rollback.jsp</result>
             

        </action>

        

        <action name="cancelRollBack" class="rollBackBean" method="cancelAddRollBack">
             <result name="success">/views/Operation/HouseCleaning/Rollback.jsp</result>
        </action>

    </package>
</struts>

