<?xml version="1.0" encoding="UTF-8" ?>

<!DOCTYPE struts PUBLIC
"-//Apache Software Foundation//DTD Struts Configuration 2.0//EN"
"http://struts.apache.org/dtds/struts-2.0.dtd">

<struts>
    <package name="ViewSchedulerActivities" namespace="/clickpss" extends="Session">
        <default-interceptor-ref name="myStack" />
        <action name="schedlueEventAction" class="scheduleActivities" method="getScheduleActivity">
            <result>/views/Operation/Schedular/promoEmail/Schedular_Activities.jsp</result>
        </action>

        <action name="schedlueEventActionSet" class="scheduleActivities" method="setScheduleActivity">
            <result>/views/Operation/Schedular/promoEmail/Schedular_Activities.jsp</result>
        </action>

        <action name="scheduleOnetimePromoEmail" class="scheduleActivities" method="PromoScheduleSave">
             <result name="success">/views/Operation/Schedular/promoEmail/Promotional_Schedular_Activities.jsp</result>
             <result name="error">/views/Operation/Schedular/promoEmail/Promotional_Schedular_Activities.jsp</result>
             <result name="input">/views/Operation/Schedular/promoEmail/Promotional_Schedular_Activities.jsp</result>
        </action>

        <action name="schedluePromoEmailNew" class="scheduleActivities" method="multiPromoSchedulingNew">
            <result>/views/Operation/Schedular/promoEmail/Promotional_Schedular_Activities.jsp</result>
        </action>

        <action name="getpromoSchOnSelect" class="scheduleActivities" method="promoScheduleOnclick">
            <result>/views/Operation/Schedular/promoEmail/Promotional_Schedular_Activities.jsp</result>
        </action>

        <action name="schedlueEventActionData" class="scheduleActivities" method="getScheduleActivityData">
            <result>/views/Operation/Schedular/promoEmail/Schedular_Activities.jsp</result>
        </action>
        <action name="getScheduleActionPromEmlData" class="scheduleActivities" method="getSchedulePromEmlData">
            <result>/views/Operation/Schedular/promoEmail/Promotional_Schedular_Activities.jsp</result>
        </action>
        <action name="schedluePromotionalEventAction" class="scheduleActivities" method="getPromoActivityList">
            <result>/views/Operation/Schedular/promoEmail/Promotional_Schedular_Activities.jsp</result>
        </action>

        <action name="schedlueReadAndDeliveryForm" class="scheduleActivities" method="getReadDeliveryData">
            <result>/views/Operation/Schedular/deliveryandreadreceipt/scheduleReadAndDeliveryReceipt.jsp</result>
        </action>

        <action name="schedlueReadAndDeliverySave" class="scheduleActivities" method="ReadAndDeliveryScheduling">
            <result>/views/Operation/Schedular/deliveryandreadreceipt/scheduleReadAndDeliveryReceipt.jsp</result>
        </action>

        <action name="getReadAndDeliveryScheduledData" class="scheduleActivities" method="readAndDeliveryScheduleOnclick">
            <result>/views/Operation/Schedular/deliveryandreadreceipt/scheduleReadAndDeliveryReceipt.jsp</result>
        </action>
        <action name="schedlueReadAndDeliveryCancel" class="scheduleActivities" method="getReadDeliveryData">
            <result>/views/Operation/Schedular/deliveryandreadreceipt/scheduleReadAndDeliveryReceipt.jsp</result>
        </action>

    </package>
</struts>

