<?xml version="1.0" encoding="UTF-8" ?>

<!DOCTYPE struts PUBLIC
"-//Apache Software Foundation//DTD Struts Configuration 2.0//EN"
"http://struts.apache.org/dtds/struts-2.0.dtd">

<struts>
    <package name="ViewsScheduleArchive" namespace="/clickpss" extends="Session">
        <default-interceptor-ref name="myStack" />
        <action name="archiveScheduleAction" class="scheduleArchiveBeanId" method="getScheduleArchive">
            <result>/views/Operation/Scheduling/Archieveschedule.jsp</result>
       </action>
       <action name="addArchiveSchedule" class="scheduleArchiveBeanId" method="addScheduleArchive">
            <result>/views/Operation/Scheduling/Archieveschedule.jsp</result>
       </action>

       <action name="getArchive" class="scheduleArchiveBeanId" method="getArchiveData">
            <result>/views/Operation/Scheduling/Archieveschedule.jsp</result>
       </action>
       
       <action name="cancelArchiveAction" class="scheduleArchiveBeanId" method="cancelScheduleArchive">
            <result>/views/Operation/Scheduling/Archieveschedule.jsp</result>
       </action>
       
       

     </package>
</struts>

