<?xml version="1.0" encoding="UTF-8"?>

<!--
    Document   : adServing.xml
    Created on : Feb 22, 2012, 6:01 PM
    Author     : Administrator
    Description: Purpose of the document follows.
-->
<!DOCTYPE struts PUBLIC
"-//Apache Software Foundation//DTD Struts Configuration 2.0//EN"
"http://struts.apache.org/dtds/struts-2.0.dtd">

<struts>
    <package name="schedular_poc" namespace="/clickpss" extends="Session">
        <default-interceptor-ref name="myStack" />
        <action name="getSchedularActionpoc" class="schedularBeanIdpoc" method="getPageLoad">
            <result>/views/Schedular/schedular_poc.jsp</result>
        </action>

         <action name="getfrequencyrActionpoc" class="schedularBeanIdpoc" method="getfrequencyrAction">
            <result>/views/Schedular/schedularMode.jsp</result>
        </action>
        <action name="getScheduledpoc" class="schedularBeanIdpoc" method="getScheduledData">
            <!--<result>/views/CallBacks/EbpCallBack.jsp</result> -->
            <result>/views/Schedular/schedular_poc.jsp</result>
        </action>

        <action name="deleteschedulepoc" class="schedularBeanIdpoc" method="deleteSchedule">
            <!--<result>/views/CallBacks/EbpCallBack.jsp</result> -->
            <result>/views/Schedular/schedular_poc.jsp</result>
        </action>

        <action name="retrieveSchedulepoc" class="schedularBeanIdpoc" method="retrieveSchedule">
            <result>/views/Schedular/reschedular.jsp</result>
        </action>
        <action name="populateSCHEtlpoc" class="schedularBeanIdpoc" method="getSchedularProductEtl">
            <result>/views/Schedular/schedularEtlResult.jsp</result>
        </action>
        <action name="getExtractedActionpoc" class="schedularBeanIdpoc" method="getExtractedList">
            <result>/views/Schedular/schedularExtraction.jsp</result>
        </action>
        <action name="processTimeActionpoc" class="schedularBeanIdpoc" method="getProcessTime">
            <result>/views/Schedular/schedularProcessTime.jsp</result>
        </action>

        <action name="getProcessedActionpoc" class="schedularBeanIdpoc" method="getProcessList">
            <result>/views/Schedular/schedularProcesses.jsp</result>
        </action>
        
        <action name="getClickedScheduledDetails" class="schedularBeanIdpoc" method="getClickedScheduledDetails">
            <result name="success">/views/CallBacks/EbpCallBack.jsp</result>
            <result name="error">/views/CallBacks/EbpCallBack.jsp</result>
        </action>
          <action name="getClickedScheduledResume" class="schedularBeanIdpoc" method="getResumedSchedular">
            <result name="success">/views/CallBacks/EbpCallBack.jsp</result>
            <result name="error">/views/CallBacks/EbpCallBack.jsp</result>
        </action>
        
        <action name="rescheduleAction" class="schedularBeanIdpoc" method="rescheduleAction">
            <result>/views/Schedular/reschedule.jsp</result>
        </action>
        
        
    </package>
</struts>
