<?xml version="1.0" encoding="UTF-8" ?>

<!DOCTYPE struts PUBLIC
"-//Apache Software Foundation//DTD Struts Configuration 2.0//EN"
"http://struts.apache.org/dtds/struts-2.0.dtd">

<struts>
    <package name="ViewsScheduleBounceTrap" namespace="/clickpss" extends="Session">
         <default-interceptor-ref name="myStack" />
        <action name="Schedulebouncetrap" class="scheduleBounceTrapBeanId" method="getScheduleBounceTrap">
            <result name="success">/views/Operation/Scheduling/Bouncetrapper.jsp</result>
       </action>
       <action name="addBounceTrapSchedule" class="scheduleBounceTrapBeanId" method="addScheduleBounce">
            <result name="success" >/views/Operation/Scheduling/Bouncetrapper.jsp</result>
       </action>

        <action name="bounceSchCancelAction" class="scheduleBounceTrapBeanId" method="cancelScheduleBounce">
            <result name="success" >/views/Operation/Scheduling/Bouncetrapper.jsp</result>
       </action>
     </package>
</struts>

