<?xml version="1.0" encoding="UTF-8"?>

<!--
    Document   : adServing.xml
    Created on : Feb 22, 2012, 6:01 PM
    Author     : Administrator
    Description: Purpose of the document follows.
-->
<!DOCTYPE struts PUBLIC
"-//Apache Software Foundation//DTD Struts Configuration 2.0//EN"
"http://struts.apache.org/dtds/struts-2.0.dtd">

<struts>
    <package name="viewsSchedular" namespace="/clickpss" extends="Session">
        <default-interceptor-ref name="myStack" />
        <action name="getSchedularAction" class="schedularBeanId" method="getPageLoad">
            <result>/views/Schedular/schedular.jsp</result>
        </action>

         <action name="getfrequencyrAction" class="schedularBeanId" method="getfrequencyrAction">
            <result>/views/Schedular/schedularMode.jsp</result>
        </action>
        <action name="getScheduled" class="schedularBeanId" method="getScheduledData">
            <!--<result>/views/CallBacks/EbpCallBack.jsp</result> -->
            <result>/views/Schedular/schedular.jsp</result>
        </action>

        <action name="deleteschedule" class="schedularBeanId" method="deleteSchedule">
            <!--<result>/views/CallBacks/EbpCallBack.jsp</result> -->
            <result>/views/Schedular/schedular.jsp</result>
        </action>

        <action name="retrieveSchedule" class="schedularBeanId" method="retrieveSchedule">
            <result>/views/Schedular/reschedular.jsp</result>
        </action>
        <action name="populateSCHEtl" class="schedularBeanId" method="getSchedularProductEtl">
            <result>/views/Schedular/schedularEtlResult.jsp</result>
        </action>
        <action name="getExtractedAction" class="schedularBeanId" method="getExtractedList">
            <result>/views/Schedular/schedularExtraction.jsp</result>
        </action>
        <action name="processTimeAction" class="schedularBeanId" method="getProcessTime">
            <result>/views/Schedular/schedularProcessTime.jsp</result>
        </action>

        <action name="getProcessedAction" class="schedularBeanId" method="getProcessList">
            <result>/views/Schedular/schedularProcesses.jsp</result>
        </action>
        
        <action name="getClickedScheduledDetails" class="schedularBeanId" method="getClickedScheduledDetails">
            <result name="success">/views/CallBacks/EbpCallBack.jsp</result>
            <result name="error">/views/CallBacks/EbpCallBack.jsp</result>
        </action>
          <action name="getClickedScheduledResume" class="schedularBeanId" method="getResumedSchedular">
            <result name="success">/views/CallBacks/EbpCallBack.jsp</result>
            <result name="error">/views/CallBacks/EbpCallBack.jsp</result>
        </action>
        
        <action name="rescheduleAction" class="schedularBeanId" method="rescheduleAction">
            <result>/views/Schedular/reschedule.jsp</result>
        </action>
        
        
    </package>
</struts>
