<?xml version="1.0" encoding="UTF-8" ?>

<!DOCTYPE struts PUBLIC
"-//Apache Software Foundation//DTD Struts Configuration 2.0//EN"
"http://struts.apache.org/dtds/struts-2.0.dtd">

<struts>
    <package name="viewsSendmail" namespace="/clickpss" extends="Session">
        <default-interceptor-ref name="myStack" />
        <action name="initialstmtgen" class="statementAction" method="initialStmtGen">
            <result name="success">/views/Operation/generateSTMT/Manual_Generation.jsp</result>
        </action>
        <!-- Below action is added by sagar on 02-Feb-2012 to validate email broadcasting -->
        <action name="sendMailRedirect" class="sendMailAction" method="getManualGenData">
            <result name="success">/views/Operation/generateSTMT/Manual_Generation.jsp</result>
        </action>
        <action name="sendmail" class="sendMailAction" method="SendMail">
           <!-- <result  name="input" type="redirect">initialstmtgen?actionMessage=${actionMessage} </result> -->

           <!-- Below results are added by sagar on 02-Feb-2012 to validate email broadcasting -->
           <result name="input" type="redirect">sendMailRedirect?actionMessage=${actionMessage}</result>
           <result name="success">/views/Operation/generateSTMT/ViewSendmailSummary.jsp </result>
           
           <!--  <result  name="success" type="redirect">viewmailsummary?message=${message}  </result> -->
          <!--  <result  name="input" type="redirect">initialstmtgen?message=${message}  </result>
             <result  name="success" type="redirect">viewgenstmt?message=${message}  </result>
            <result name="success">/views/Operation/generateSTMT/Manual_Generation.jsp</result> !-->
        </action>
        <action name="checkEmailGroupAction" class="statementAction" method="initialStmtGen">
            <result name="success">/views/Operation/generateSTMT/SendMail.jsp</result>
        </action>
        <action name="viewmailsummary" class="sendMailAction" method="viewMailBroadCasting">
            <result name="success">/views/Operation/generateSTMT/ViewSendmailSummary.jsp</result>
        </action>

         <action name="getMannualProcessedActionEmail" class="sendMailAction" method="getProcessList">
            <result>/views/Schedular/schedularProcessesEmail.jsp</result>
        </action>
         <action name="startsftptransfer" class="sendMailAction" method="SFTPTransfer">
     
           <result name="input" type="redirect">sendMailRedirect?actionMessage=${actionMessage}</result>
           <result name="success">/views/Operation/generateSTMT/ViewSFTPSummary.jsp </result>
        </action>
    </package>
</struts>