<?xml version="1.0" encoding="UTF-8"?>
<!DOCTYPE struts PUBLIC
"-//Apache Software Foundation//DTD Struts Configuration 2.0//EN"
"http://struts.apache.org/dtds/struts-2.0.dtd">

<!--
    Document   : emailRule.xml
    Created on : October 13, 2010, 3:33 PM
    Author     : Administrator
    Description:
        Purpose of the document follows.
-->
<struts>
    <package name="viewsSMSRule" namespace="/clickpss" extends="Session">
    
        <default-interceptor-ref name="myStack" />
        
     	<!-- SMS Maker Action Starts  -->
		
	<action name="getSMSRuleListMaker" class="smsRuleController" method="displaySMSRule">
            <result>/views/Operation/SMS/smsRuleMaker.jsp</result>
        </action>
        <action name="hitAddSMSRuleAction" class="smsRuleController" method="getSMSRuleInputData">
            <result>/views/Operation/SMS/addSMSRule.jsp</result>
        </action>
        <action name="getDocumentIdData" class="smsRuleController" method="getDocumentIdData">
            <result>/views/Operation/SMS/documentId.jsp</result>
        </action>
         <action name="addSMSRuleAction" class="smsRuleController" method="saveSMSRule">
            <interceptor-ref name="myStack"/>
            <interceptor-ref name="tokenSession"/>
            <result  name="success">/views/Operation/SMS/smsRuleMaker.jsp</result>
            <result name="error">/views/Operation/SMS/addSMSRule.jsp</result>
        </action>
        <action name="deleteSMSRuleAction" class="smsRuleController" method="deleteSMSRule">
           <interceptor-ref name="myStack"/>
           <interceptor-ref name="tokenSession"/>
           <result name="success">/views/Operation/SMS/smsRuleMaker.jsp</result>
        </action>
        <action name="getSMSRuleDataForUpdateAction" class="smsRuleController" method="getDataForSMSRuleUpdate">
            <result>/views/Operation/SMS/editSMSRuleMaker.jsp</result>
        </action>
        <action name="updateSMSRuleAction" class="smsRuleController" method="updateSMSRuleMaker">
            <result name="success">/views/Operation/SMS/smsRuleMaker.jsp</result>
            <result name="error">/views/Operation/SMS/editSMSRuleMaker.jsp</result>
        </action>
        
        <action name="searchSMSRuleAction" class="smsRuleController" method="searchSMSRuleAction">
            <result>/views/Operation/SMS/smsRuleMaker.jsp</result>
        </action>
        
        <action name="cancelSMSRuleAction" class="smsRuleController" method="cancelSMSRule">
            <result>/views/Operation/SMS/smsRuleMaker.jsp</result>
        </action>
        
         <action name="resetSMSRuleAction" class="smsRuleController" method="resetSMSRuleSearch">
            <result>/views/Operation/SMS/smsRuleMaker.jsp</result>
        </action>
        
        <!-- SMS Maker Action Ends  -->
        
       
    </package>
</struts>