<?xml version="1.0" encoding="UTF-8" ?>

<!DOCTYPE struts PUBLIC
        "-//Apache Software Foundation//DTD Struts Configuration 2.0//EN"
        "http://struts.apache.org/dtds/struts-2.0.dtd">
<struts>
    <package name="SummaryFuctionviewLocaley" namespace="/clickpss" extends="Session">
        <default-interceptor-ref name="myStack" />
    </package>

    <package name="SummaryFuctionviewBill" namespace="/clickpss" extends="Session">
        <default-interceptor-ref name="myStack" />
        <action name="summaryFunctionReports" class="summaryFuctionAction" method="getReconTracingReportsView">
            <result name="success">/views/SummaryFuctionReport/summaryFuctionInput.jsp</result>
            <result name="error">/views/commonErrorView.jsp</result>
        </action>
     
       

        <action name="getSummaryFuctionView" class="summaryFuctionAction" method="getSummaryFuctionViewDetail">
            <result name="success">/views/SummaryFuctionReport/summaryFuctionView.jsp</result>
            <result name="error">/views/SummaryFuctionReport/summaryFuctionInput.jsp</result>
        </action>

<!--       <action name="getRegionDetails" class="summaryFuctionAction" method="getRegionDetails">
            <result name="success">/views/SummaryFuctionReport/summaryFuctionView.jsp</result>
            <result name="error">/views/SummaryFuctionReport/summaryFuctionInput.jsp</result>
        </action>-->
        
          <action name="ViewSummaryProcessDetail" method="getViewSummaryProcessDetail" class="summaryFuctionAction">
              <result name="DataParsed">/views/SummaryFuctionReport/Customer_Summary_Details.jsp</result>
              <result name="SUCCESS_SUMMARY">/views/SummaryFuctionReport/Customer_Summary_Details.jsp</result>
              <result name="FAILED_SUMMARY">/views/SummaryFuctionReport/Customer_Summary_Details.jsp</result>
              <result name="PENDING_SUMMARY">/views/SummaryFuctionReport/Customer_Summary_Details.jsp</result>
              <result name="TOTALEBS_SUMMARY">/views/SummaryFuctionReport/Customer_Summary_Details.jsp</result>
              <result name="TOTALNONEBS_SUMMARY">/views/SummaryFuctionReport/Customer_Summary_Details.jsp</result>
              <result name="TOTALTICKET_SUMMARY">/views/SummaryFuctionReport/Customer_Summary_Details.jsp</result>
              <result name="TOTALBLAST_SUMMARY">/views/SummaryFuctionReport/Customer_Summary_Details.jsp</result>
              <result name="Total_Cunt_Prn">/views/SummaryFuctionReport/Customer_Summary_Details.jsp</result>
              <result name="Total_Submit_Prn">/views/SummaryFuctionReport/Customer_Summary_Details.jsp</result>
              <result name="Total_Dwnd_Prn">/views/SummaryFuctionReport/Customer_Summary_Details.jsp</result>
              <result name="Total_Fail_Prn">/views/SummaryFuctionReport/Customer_Summary_Details.jsp</result>
              <result name="error">/views/SummaryFuctionReport/summaryFuctionInput.jsp</result>
          </action>
          
                <action name="populateSummaryProcessETLList" class="summaryFuctionAction" method="getSummarySchedularEtlList">
                <result name="success">/views/SummaryFuctionReport/summaryFuctionInput.jsp</result>
               
        </action>
 <action name="downloadSummaryExcleFile" class="summaryFuctionAction"  method="downloadExcleFile" >
          <result name="success" type="stream">
            <!-- Specify the content type -->
            <param name="contentType">application/vnd.openxmlformats-officedocument.spreadsheetml.sheet</param>
            <!-- Specify the output stream name -->
            <param name="inputName">inputStreamReport</param>
               <param name="contentDisposition">attachment;filename="SummaryFunctionReport.xlsx"</param>
                 <param name="bufferSize">1024</param>
        </result>
        </action>
    </package>

</struts>

