<?xml version="1.0" encoding="UTF-8" ?>

<!DOCTYPE struts PUBLIC
"-//Apache Software Foundation//DTD Struts Configuration 2.0//EN"
"http://struts.apache.org/dtds/struts-2.0.dtd">
<struts>
    <package name="viewsSuppression" namespace="/clickpss" extends="Session">
   <default-interceptor-ref name="myStack" />
        <action name="suppresionAction" class="suppression" method="getPageLoad">
            <result name="success">/views/product/setup/suppressionSetup.jsp</result>
            <result name="error">/views/errorPage.jsp</result>
        </action>
        <action name="addSuppression" class="suppression" method="getAddPageLoad">
            <result name="success">/views/product/setup/addSupression.jsp</result>
            <result name="error">/views/errorPage.jsp</result>
                </action>
        
        <action name="deleteSuppression" class="suppression" method="getDeletePageLoad">
            <result name="success">/views/product/setup/suppressionSetup.jsp</result>
            <result name="error">/views/errorPage.jsp</result>
        </action>
        <action name="editSuppression" class="suppression" method="getUpdatePageLoad">
            <result name="success">/views/product/setup/editSuppression.jsp</result>
            <result name="error">/views/errorPage.jsp</result>
        </action>
        <action name="searchSuppressionAction" class="suppression" method="findSuppression">
            <result name="success">/views/product/setup/suppressionSetup.jsp</result>
            <result name="error">/views/errorPage.jsp</result>
        </action>
        <action name="createSuppressionSetupAction" class="suppression" method="addSuppressionSetupData">
            <result name="success">/views/product/setup/suppressionSetup.jsp</result>
            <result name="error">/views/product/setup/addSupression.jsp</result>
        </action>
      
        <action name="updateSuppression" class="suppression" method="UpdateSuppressionDetails">
            <result name="success">/views/product/setup/suppressionSetup.jsp</result>
            <result name="error">/views/product/setup/addSupression.jsp</result>
        </action>
        <action name="cancelSuppresionAction" class="suppression" method="reSet">
            <result name="success">/views/product/setup/suppressionSetup.jsp</result>
        </action>
        <action name="resetSuppressionAction" class="suppression" method="reSet">
            <result name="success">/views/product/setup/suppressionSetup.jsp</result>
        </action>
    </package>
</struts>

