<?xml version="1.0" encoding="UTF-8" ?>

<!DOCTYPE struts PUBLIC
"-//Apache Software Foundation//DTD Struts Configuration 2.0//EN"
"http://struts.apache.org/dtds/struts-2.0.dtd">

<struts>
    <package name="templatePriority" namespace="/clickpss" extends="Session">
        <default-interceptor-ref name="myStack" />
        <action name="getMasterPriorityList" class="templatePriorityBean" method="getMasterPriorityList">
            <result name="success">/views/Administrator/templatePriority/Template_Master_Priority.jsp</result>
        </action>

        <action name="addTemplate" class="templatePriorityBean" method="addTemplate">
            <result name="success">/views/Administrator/templatePriority/templateMasterPriority.jsp</result>
        </action>


        <action name="getDocumentType" class="templatePriorityBean" method="getDocumentType">
  	   <result name="success">/views/Administrator/templatePriority/documentType.jsp</result>
           <result name="error">/views/Administrator/templatePriority/templateMasterPriority.jsp</result>
        </action>



        <action name="saveTemplate" class="templatePriorityBean" method="saveTemplate">
           <result name="success">/views/Administrator/templatePriority/Template_Master_Priority.jsp</result>
           <result name="error">/views/Administrator/templatePriority/templateMasterPriority.jsp</result>
        </action>

        <action name="updateTemplatePriority" class="templatePriorityBean" method="getTemplateDetails">
            <result name="success">/views/Administrator/templatePriority/templateMasterPriority.jsp</result>
        </action>

        <action name="updateTemplate" class="templatePriorityBean" method="updateTemplate">
           <result name="success">/views/Administrator/templatePriority/Template_Master_Priority.jsp</result>
           <result name="error">/views/Administrator/templatePriority/templateMasterPriority.jsp</result>
        </action>

        <action name="delTemplate" class="templatePriorityBean" method="delTemplate">
           <result name="success">/views/Administrator/templatePriority/Template_Master_Priority.jsp</result>
           <result name="error">/views/Administrator/templatePriority/Template_Master_Priority.jsp</result>
        </action>
        
        <!--updated by stalin on 28 apr, 2022; to be checked-->

        <action name="TCancel" class="templatePriorityBean" method="Cancel">
            <result name="success">/views/Administrator/templatePriority/Template_Master_Priority.jsp</result>
        </action>

        <action name="searchTemplate" class="templatePriorityBean" method="searchTemplate">
            <result name="success">/views/Administrator/templatePriority/Template_Master_Priority.jsp</result>
        </action>

        <action name="resetProductAction" class="productAction" method="resetProduct">
            <result name="success">/views/Administrator/product/Product__Master.jsp</result>
            <result name="error">/views/Administrator/product/Product__Master.jsp</result>
        </action>


    </package>
</struts>

