<?xml version="1.0" encoding="UTF-8"?>
<!DOCTYPE struts PUBLIC
        "-//Apache Software Foundation//DTD Struts Configuration 2.0//EN"
        "http://struts.apache.org/dtds/struts-2.0.dtd">
<!--
    Document   : tempright.xml
    Created on : July 16, 2010, 5:54 PM
    Author     : Administrator
    Description:
        Purpose of the document follows.
-->
<struts>
    <package name="viewsTempRt" namespace="/clickpss" extends="Session">
        <default-interceptor-ref name="myStack" />
        <action name="tempRightAction" class="tempRtBeanId"  method="getDetails">
            <result name="success">/views/Administrator/tempright/TempRightAccess.jsp</result>
        </action>
        <action name="displayDataAction" class="tempRtBeanId" method="displayTempRight">
            <result name="success">/views/Administrator/tempright/TempRightAccess.jsp</result>
        </action>
        <action name="searchRightAction" class="tempRtBeanId" method="findTempRights">
            <result name="success">/views/Administrator/tempright/TempRightAccess.jsp</result>
        </action>
        <action name="addTempRightsAction" class="tempRtBeanId" method="addTempRight">
            <result name="success">/views/Administrator/tempright/TempRightAccess.jsp</result>
        </action>
        <action name="updateTempListAction" class="tempRtBeanId" method="updateTempList">
            <result name="success">/views/Administrator/tempright/TempRightA.jsp</result>
        </action>
        <action name="cancelTempRightsAction" class="tempRtBeanId" method="cancelTempRights">
            <result name="success">/views/Administrator/tempright/TempRightAccess.jsp</result>
        </action>
        <!-- Add By Adip-->
        <action name="getTempRight" class="tempRtBeanId" method="getPage">
            <result name = "success">/views/Operation/Report/TempRightReport.jsp</result>
            <result name = "error">/views/commonErrorView.jsp</result>
        </action>

        <action name="getTempRightRept" class="tempRtBeanId" method="getTempRReport">
            <result name = "success">/views/Operation/Report/TempRightReport.jsp</result>
            <result name = "error">/views/commonErrorView.jsp</result>
        </action>
        
         <action name="TempRightReset" class="tempRtBeanId" method="TempRightReset">
            <result name = "success">/views/Operation/Report/TempRightReport.jsp</result>
            <result name = "error">/views/commonErrorView.jsp</result>
        </action>
    </package>
</struts>