<?xml version="1.0" encoding="UTF-8" ?>
<!DOCTYPE struts PUBLIC
        "-//Apache Software Foundation//DTD Struts Configuration 2.0//EN"
        "http://struts.apache.org/dtds/struts-2.0.dtd">
<struts>
    <package name="unlockUserAccess" namespace="/clickpss" extends="Session">
        <default-interceptor-ref name="myStack" />
        <action name="unlockUserAccessFrom" class="IDUnlockUserAccess" >
            <result>/views/Administrator/maste_setup/Unlock_User_Access.jsp</result>
        </action>
        
        <action name="actionActive" class="IDUnlockUserAccess" method="activateUser">
            <result name="success">/views/Administrator/maste_setup/Unlock_User_Access.jsp</result>
            <result name="input">/views/Administrator/maste_setup/Unlock_User_Access.jsp</result>
        </action>
       
       

        <action name="searchLockUser" class="IDUnlockUserAccess" method="searchUnLockUser">
             <result name="success">/views/Administrator/maste_setup/Unlock_User_Access.jsp</result>
             <result name="error">/views/Administrator/maste_setup/Unlock_User_Access.jsp</result>
        </action>
        <action name="resetLockUser" class="IDUnlockUserAccess" method="resetUnLockUser">
             <result>/views/Administrator/maste_setup/Unlock_User_Access.jsp</result>
        </action>
        
        
    </package>
</struts>

