<?xml version="1.0" encoding="UTF-8" ?>
<!DOCTYPE struts PUBLIC
        "-//Apache Software Foundation//DTD Struts Configuration 2.0//EN"
        "http://struts.apache.org/dtds/struts-2.0.dtd">
<struts>
    <package name="viewsUserProductRel" namespace="/clickpss" extends="Session">
      <!--action name="userprodrelation" class="UserprodrelationID">
            <result name="success">/views/Administrator/maste_setup/Add_User_Product_Rel.jsp</result>
          </action-->
          <default-interceptor-ref name="myStack" />
        <action name="userprodrelation" class="UserprodrelationID"  method="addUserproductRel">
            <result name="success">/views/Administrator/maste_setup/Add_User_Product_Rel.jsp</result>
        </action>
        <action name="viewuserproductrel" class="UserprodrelationID" method="assignUserProductRel" >
            <result name="input">/views/Administrator/maste_setup/Add_User_Product_Rel.jsp</result>
            <result name="success">/views/Administrator/maste_setup/User_Product_Rel.jsp</result>
        </action>
        <action name="cancelUserProdLinAction" class="UserprodrelationID" method="cancelUserProductRel" >
            <result name="success">/views/Administrator/maste_setup/Add_User_Product_Rel.jsp</result>
        </action>
        <action name="userProdRelSave" class="UserprodrelationID" method="saveUserProdRel" >
            <result name="success">/views/Administrator/maste_setup/Add_User_Product_Rel.jsp</result>
        </action>
        
        <action name="getUsersProduct" class="UserprodrelationID" method="getUsersProd" >
            <result name="success">/views/Administrator/maste_setup/User_Product_Rel.jsp</result>
        </action>

        <action name="populatePrdctCombo" class="UserprodrelationID" method="getUsersProdDetails" >
            <result name="success">/views/Administrator/maste_setup/Add_User_Product_Rel_Display.jsp</result>
        </action>

        
    </package>
</struts>

