<?xml version="1.0" encoding="UTF-8" ?>

<!DOCTYPE struts PUBLIC
"-//Apache Software Foundation//DTD Struts Configuration 2.0//EN"
"http://struts.apache.org/dtds/struts-2.0.dtd">

<struts>
    <package name="viewsUser" namespace="/clickpss" extends="Session">
        <default-interceptor-ref name="myStack" />
        <action name="userDetails" class="userAction" method="getDataDetails">
            <result name="success">/views/Administrator/User/user.jsp</result>
            <result name="LoginError">/views/errorPage.jsp</result>
        </action>

        <action name="addUser" class="userAction" method="addUserDetails">
            <result name="success">/views/Administrator/User/addUser.jsp</result>
            <result name="LoginError">/views/errorPage.jsp</result>
        </action>

         <action name="ADUserDetails" class="userAction" method="ADUserDetails">
            <result name="success">/views/Administrator/User/addUser.jsp</result>
            <result name="LoginError">/views/errorPage.jsp</result>
        </action>
        
        <action name="addUserData" class="userAction" method="saveUserDetails">
            <result name="success">/views/Administrator/User/user.jsp</result>
            <result name="LoginError">/views/errorPage.jsp</result>
            <result name="duplicateLogin">/views/Administrator/User/addUser.jsp</result>
        </action>

        <action name="getUserForUpdateAction" class="userAction" method="getDetails">
            <result name="success">/views/Administrator/User/editUser.jsp</result>
            <result name="LoginError">/views/errorPage.jsp</result>
        </action>


        <action name="updateUser" class="userAction" method="UpdateUserDetails">
            <result name="success">/views/Administrator/User/user.jsp</result>
            <result name="LoginError">/views/errorPage.jsp</result>
        </action>

        <action name="deleteUser" class="userAction" method="deleteUserDetails">
            <result name="success">/views/Administrator/User/user.jsp</result>
            <result name="LoginError">/views/errorPage.jsp</result>
        </action>

         <action name="cancelAddModifyUser" class="userAction" method="CancelUserUpdation">
            <result name="success">/views/Administrator/User/user.jsp</result>
          
        </action>

         <action name="searchUserDataAction" class="userAction" method="searchUser">
            <result name="success">/views/Administrator/User/user.jsp</result>
            <result name="error" >/views/Administrator/User/user.jsp</result>
        </action>
      

         <action name="resetUserDataAction" class="userAction" method="resetUser">
            <result name="success">/views/Administrator/User/user.jsp</result>
        </action>
        
        <action name="excelDownload" class="userAction" method="viewStatement">
            <result name="success" type="stream">
                <param name="inputName">fileInputStream</param>
                <param name="contentType">application/octet-stream</param>
                <param name="contentDisposition">attachment;filename=${exportToExcelPath}</param>
                <param name="bufferSize">2048</param>
            </result>
            <result name="error">/views/commonErrorView.jsp</result>
            <result name="goToCRM">/views/commonErrorView.jsp</result>
        </action>
        
        
    </package>
</struts>

