<?xml version="1.0" encoding="UTF-8" ?>
<!DOCTYPE struts PUBLIC
        "-//Apache Software Foundation//DTD Struts Configuration 2.0//EN"
        "http://struts.apache.org/dtds/struts-2.0.dtd">
<struts>
    <package name="viewsUserRegionRel" namespace="/clickpss" extends="Session">
          <default-interceptor-ref name="myStack" />
       <action name="userRegion" class="UserRegionrelationID"  method="addUserRegionRel">

            <result name="success">/views/Administrator/maste_setup/user_region_rel.jsp</result>
        </action>
        <action name="viewuserregionrel" class="UserRegionrelationID" method="assignUserRegionRel" >
            <result name="input">/views/Administrator/maste_setup/user_region_rel.jsp</result>
            <result name="success">/views/Administrator/maste_setup/add_user_region_rel.jsp</result>
        </action>
        <action name="cancelAction" class="UserRegionrelationID" method="cancelUserRegionRel" >
            <result name="success">/views/Administrator/maste_setup/user_region_rel.jsp</result>
        </action>
        <action name="userRegionRelSave" class="UserRegionrelationID" method="saveUserRegionRel" >
            <result name="success">/views/Administrator/maste_setup/user_region_rel.jsp</result>
        </action>
        <action name="userRegionRelDelete" class="UserRegionrelationID" method="delete" >
            <result name="success">/views/Administrator/maste_setup/user_region_rel.jsp</result>
        </action>
        <action name="populateRegionCombo" class="UserRegionrelationID" method="getUsersRegionDetails" >
            <result name="success">/views/Administrator/maste_setup/Add_User_Region_Rel_Display.jsp</result>
        </action>
    </package>
</struts>



