<?xml version="1.0" encoding="UTF-8" ?>

<!DOCTYPE struts PUBLIC
"-//Apache Software Foundation//DTD Struts Configuration 2.0//EN"
"http://struts.apache.org/dtds/struts-2.0.dtd">

<struts>
    <package name="viewsUserAccessReport" namespace="/clickpss" extends="Session">
         <default-interceptor-ref name="myStack" />
        <!-- Activity Report DETAILS [User Access] -->
        <action name="userAccessReport" class="userAccessReport" method="getDetails">
            <result name="success">/views/Administrator/Access Logs/Users_Access_Reports/Activity_Reports.jsp</result>
            <result name="LoginError">/views/errorPage.jsp</result>
        </action>

        <!-- Activity Report DETAILS [User Access] -->
        <action name="getActivityName" class="userAccessReport" method="getActivityDetails">
            <result name="success">/views/Administrator/Access Logs/Users_Access_Reports/Activity_Reports_Detail.jsp</result>
            <result name="LoginError">/views/errorPage.jsp</result>
        </action>

        <!-- Unauthorized User Access -->
        <action name="unAuthorizedAccesReport" class="userAccessReport" method="getUnAuthorizedAccesReport">
            <result name="success">/views/Administrator/Access Logs/Users_Access_Reports/User_Acccess_Reports.jsp</result>
            <result name="LoginError">/views/errorPage.jsp</result>
        </action>

        <!-- Unauthorized User Access By Date-->
        <action name="findUnauthReport" class="userAccessReport" method="getUnAuthorizedAccesReportByDate">
            <result name="success">/views/Administrator/Access Logs/Users_Access_Reports/User_Acccess_Reports.jsp</result>
            <result name="error">/views/errorPage.jsp</result>
        </action>

        <!-- Activity Report [User Access] -->
        <action name="searchUserAction" class="userAccessReport" method="searchUser">
            <result name="success">/views/Administrator/Access Logs/Users_Access_Reports/Activity_Reports.jsp</result>
            <result name="error" >/views/Administrator/Access Logs/Users_Access_Reports/Activity_Reports.jsp</result>
        </action>

        <!-- Activity Report [User Access] -->
        <action name="findUserAccessReportStatus" class="userAccessReport" method="userAccessReport">
            <result name="success">/views/Administrator/Access Logs/Users_Access_Reports/Activity_Reports.jsp</result>
            <result name="error" >/views/Administrator/Access Logs/Users_Access_Reports/Activity_Reports.jsp</result>
        </action>

        <!-- Activity Report [User Access] -->
        <action name="resetUserAction" class="userAccessReport" method="resetUser">
            <result name="success">/views/Administrator/Access Logs/Users_Access_Reports/Activity_Reports.jsp</result>
        </action>

    </package>
</struts>
