<?xml version="1.0" encoding="UTF-8" ?>

<!DOCTYPE struts PUBLIC
        "-//Apache Software Foundation//DTD Struts Configuration 2.0//EN"
        "http://struts.apache.org/dtds/struts-2.0.dtd">
<struts>
    <package name="viewsLocaley" namespace="/clickpss" extends="Session">
        <default-interceptor-ref name="myStack" />
    </package>

    <package name="viewsBill" namespace="/clickpss" extends="Session">
        <default-interceptor-ref name="myStack" />
        <action name="ViewBillAction" class="crmAction" method="getViewBill">
            <result name="success">/views/viwBill/CRM/crmInput.jsp</result>
            <result name="error">/views/commonErrorView.jsp</result>
        </action>
      
        <action name="viewAllStatmt" class="crmAction" method="viewAllStatement">
            <result name="success" type="stream">
                <param name="inputName">fileInputStream</param>
                <param name="contentType">application/octet-stream</param>
                <param name="contentDisposition">attachment;filename="${exportToExcelPath}"</param>
                <param name="bufferSize">2048</param>
            </result>
            <result name="error">/views/viwBill/CRM/crmView.jsp</result>
            <result name="goToCRM">/views/viwBill/CRM/crmView.jsp</result>
        </action>
        
        <action name="showCRMPdf" class="crmAction" method="showPdf">
            <result  name="success" type="stream">
                <param name="contentType">application/pdf;charset=UTF-8</param>
                <param name="inputName">inputStream</param>
              <!-- <param name="contentDisposition">filename=${contentDisposition}</param>-->
               <param name="contentDisposition">inline;filename="${viewFileName}"</param>
                <param name="bufferSize">2048</param>
            </result>
            <result name="error">/views/viwBill/CRM/crmView.jsp</result>
            <result name="goToCRM">/views/viwBill/CRM/crmView.jsp</result>
        </action>
        
        <action name="sendCRMEmail" class="crmAction" method="sendCRMEmail">
            <result name="success" >/views/viwBill/CRM/crmView.jsp</result>
            <result name="error">/views/commonErrorView.jsp</result>
           
        </action>
       <!--  <action name="viewStatmt" class="crmAction" method="viewStatement">
            <result name="success" type="stream">
                <param name="inputName">fileInputStream</param>
                <param name="contentType">application/octet-stream</param>
                <param name="contentDisposition">attachment;filename=${exportToExcelPath}</param>
                <param name="bufferSize">2048</param>
            </result>
            <result name="error">/views/commonErrorView.jsp</result>
            <result name="goToCRM">/views/commonErrorView.jsp</result>
        </action>
   
        <action name="viewaddEventAction" class="crmAction" method="viewAddEvent">
            <result name="success" >/views/addEvent.jsp</result>
        </action>


        <action name="emailStatmt" class="crmAction" method="emailStatement">
            <result name="success" >/views/viwBill/CRM/crmView.jsp</result>
            <result name="error">/views/commonErrorView.jsp</result>
            <result name="goToCRM">/views/commonErrorView.jsp</result>
        </action>

        <action name="viewBulkAnalysisStatmt" class="crmAction" method="viewBulkStatement">
            <result name="success" type="stream">
                <param name="inputName">fileInputStream</param>
                <param name="contentType">application/octet-stream</param>
                <param name="bufferSize">2048</param>
            </result>
            <result name="error">/views/PDFError.jsp</result>
            <result name="goToCRM">/views/PDFError.jsp</result>
        </action>
        -->

        <action name="getCRMView" class="crmAction" method="getCRMDetail">
            <result name="success">/views/viwBill/CRM/crmView.jsp</result>
            <result name="error">/views/viwBill/CRM/crmInput.jsp</result>
        </action>
<!--
        <action name="ViewRM" class="RMAction" method="getViewRM">
            <result name="success">/views/viwBill/CRM/crmInput.jsp</result>
        </action>
        <action name="printCrm" class="crmAction" method="printCRMData">
            <result name="success">/views/viwBill/CRM/crmInput.jsp</result>
        </action>
        <action name="emailCrm" class="crmAction" method="EmailCRMData">
            <result name="success">/views/viwBill/CRM/crmInput.jsp</result>
        </action>

        <action name="NetworkBIAction" class="RMAction" method="getNetworkBIAction">
            <result name="success">/views/viwBill/RM/relationshipMgr.jsp</result>
        </action>

        <action name="ManagementDashboardAction" class="crmAction" method="getManagementDashboard">
            <result name="success">/views/viwBill/dataAnalysis/dataAnalysis.jsp</result>
            <result name="error">/views/viwBill/dataAnalysis/dataAnalysis.jsp</result>
        </action>

        <action name="printRm" class="RMAction" method="getPrintAllData">
            <result name="success">/views/viwBill/RM/relationshipMgr.jsp</result>
        </action>
        <action name="emailRm" class="RMAction" method="getEmailAllData">
            <result name="success">/views/viwBill/RM/relationshipMgr.jsp</result>
        </action>

        <action name="checkQueryActionDataAnalysis" class="crmAction" method="getManagementValid">
            <result name="success">/views/markting/BusinessPromo/validateRule.jsp</result>
            <result name="error">/views/viwBill/dataAnalysis/dataAnalysis.jsp</result>
        </action>
-->
        <action name="resetFormAction" class="crmAction" method="resetForm">
            <result name="success">/views/viwBill/dataAnalysis/dataAnalysis.jsp</result>
        </action>

        <!--  action just for displaying all the pdf views-->
    <!--    <action name="DoaminViewAction" class="crmAction" method="domainViewPage">
            <result name="success">/views/PdfViews/SeeInfoBiz.jsp</result>
        </action>

        <action name="ViewCRMAnalysis" class="crmAction" method="getCRMAnalysis">
            <result>/views/crmAnalysisIndex.jsp</result>
        </action>
        <action name="customerquery" class="crmAction" method="getManagementDashboard">
            <result name="success">/views/viwBill/dataAnalysis/customerQuery.jsp</result>
            <result name="error">/views/viwBill/dataAnalysis/customerQuery.jsp</result>
        </action>
        <action name="saveCustomerQuery" class="crmAction" method="addCustomerQuery">
            <result name="success">/views/viwBill/dataAnalysis/customerQuery.jsp</result>
            <result name="error">/views/viwBill/dataAnalysis/customerQuery.jsp</result>
        </action>
        <action name="viewAnalysis" class="crmAction">
            <result>/views/rm/ViewAnalysis.jsp</result>
        </action>
        <action name="getCustomerLandingPage" class="crmAction" method="getCustomerLandingPage">
            <result name="success">/views/viwBill/CRM/customerInput.jsp</result>
        </action>

        <action name="getCustomerDetails" class="crmAction" method="getCustomerDetails">
            <result name="success">/views/viwBill/CRM/customerInput.jsp</result>
        </action>
        -->
        <!--Ar registration code starts -->
   <!--     <action name="ARregistration" class="arRegistration" method="execute">
            <result name="success">/views/Operation/Report/ARRegistration_1.jsp</result>
        </action>
        <action name="add" class="arController" method="execute">
            <result name="ERROR">/views/Operation/Report/ARRegistration_1.jsp</result>
            <result name="success">/views/Operation/Report/ARRegistration.jsp</result>

        </action>
        <action name="ViewAR" class="arController" method="ViewAR">
            <result name="input">/views/Operation/Report/ARRegistration.jsp</result>
            <result name="success">/views/Operation/Report/ARRegistration.jsp</result>

        </action>
        <action name="UpdateAR" class="arController" method="Update">
            <result name="input">/views/Operation/Report/ARRegistration.jsp</result>
            <result name="success">/views/Operation/Report/ARRegistration.jsp</result>
        </action>
        -->
         <!--Ar registration code end -->
        
        <!--Crm Registration Module -->
        
     <!--   <action name="getHistoricalstmt" class="arRegistration" method="execute">
            <result name="success">/views/viwBill/CRM/HistoricalStmt.jsp</result>
        </action>
        
        <action name="getHistoricalstmtView" class="arRegistration" method="execute">
            <result name="success">/views/viwBill/CRM/HistoricalStmtView.jsp</result>
        </action>
        
        <action name="SaveAlert" class="bkRegistration" method="SaveAlertUpdate">
            <result name="success">/views/Operation/Report/BackOffRegistration.jsp</result>
        </action>
        -->
        
    </package>

</struts>

