<!DOCTYPE struts PUBLIC
"-//Apache Software Foundation//DTD Struts Configuration 2.0//EN"
"http://struts.apache.org/dtds/struts-2.0.dtd">
<struts>

    <include file="clickPss-base.xml"/>
    <include file="login.xml"/>
    <include file="productWorkFlow.xml"/>
    <include file="emailCampaign.xml"/>
    <include file="locale.xml"/>
    <include file="department.xml"/>
    <include file="module.xml"/>
    <include file="product.xml"/>
    <include file="role.xml"/>
    <include file="region.xml"/>
    <include file="Implementation.xml"/>
    <include file="UserproductRel.xml"/>
    <include file="UserRegionRel.xml"/>
    <include file="email.xml"/>
    <include file="user.xml"/>
    <include file="user_access_report.xml"/>
    <include file="tempright.xml"/>
    <include file="emlPasswdSetup.xml"/>
    <include file="passwordMgmt.xml"/>
    <include file="deliveryChanelSetup.xml"/>
    <include file="BounceEmail.xml"/>
    <include file="folderstruct.xml"/>
    <include file="adStatement.xml"/>
    <include file="emailAlert.xml"/>
    <include file="emailRule.xml"/>
    <!-- <include file="emailRuleGroup.xml"/>-->
    <include file="unLockUserAccess.xml"/>
    <include file="productSLA.xml"/>
    <include file="passwordMgmt.xml"/>
    <include file="adServing.xml"/>
    <include file="deliveryreceipt.xml"/>
    <!-- <include file="adServingGroup.xml"/> -->
    <include file="marketting_promotional_email.xml"/>
    <include file="Bounce_Trap_Rep_Resend.xml"/>
    <include file="archiveandPurge.xml"/>
    <include file="rollback.xml"/>
    <include file="generatestmt.xml"/>
    <include file="sendmail.xml"/>
    <include file="ScheduleActivities.xml"/>
    <include file="report.xml"/>
    <include file="otherReport.xml"/>
    <include file="scheduleArchive.xml"/>
    <include file="scheduleBounceTrap.xml"/>
    <include file="preProductionRun.xml"/>
    <include file="billCycleQA.xml"/>
    <include file="EBP.xml"/>
    <include file="suppression.xml"/>
    <include file="viewlBill.xml"/>
    <include file="emailRuleGroupNew.xml"/>
    <include file="adServingGroupNew.xml"/>
    <include file="ebpScheduleCalendar.xml"/>
    <include file="rm_Marketting_promotional_email.xml"/>
    <include file="custregistration.xml"/>
	 <include file="ccbinMaster.xml"/>
    <!-- link master reference created; Dated: 2 Aug,2011 -->
    <include file="linkMaster.xml"/>
    <!-- link master reference created; Dated: 30 Aug,2011 -->
    <include file="imageMaster.xml"/>
    <include file="MISReport.xml"/>
	  <include file="reconTracingViewBill.xml"/>
       <include file="summaryFuctionViewBill.xml"/>
  <include file="bannerUpload.xml"/>
<include file="estampingReprocess.xml"/>
<include file="manualReviewEstamping.xml"/>
<include file="giroCustomPromotion.xml"/>

    <!--<include file="rm_Marketting_promotional_email.xml"/>-->

    <!-- Added by Rinav, June, 2 2011
         This xml struts config is used to configure,
         consolidated reports.
         but
         for Administrator reports its in the user_access_report.xml
     -->
   <!-- Added by Mrinal, June, 2 2011
         This xml struts config is used to configure,
         consolidated reports.
         but
         for Administrator reports its in the adhocChecker.xml
     -->
      <include file="adhocstmt.xml" />
   <include file="consolidatedReport.xml" />
   
    <include file="consolidatedReport.xml" />
    <include file="customerQuery.xml" />
    <include file="quadrant_report.xml" />
   <!-- Rajesh Include this xml for the Dynamic Schedular-->
    <include file="schedular.xml"/>
	<include file="schedular_poc.xml"/>
    <include file="templatePriority.xml"/>
    <include file="smsRule.xml"/>
    <!--  SMS/EMIL Alert -->
    <include file="alertCampaign.xml"/>
    <!-- ends -->
    
     <include file="emailAlias.xml" />
    <include file="fromEmails.xml" />
    <include file="campaignUsersList.xml" />
    <!-- ends -->
    <!-- Configuration for the default package. -->
    <constant name="struts.custom.i18n.resources"
              value="ApplicationResources" />
    <constant name="struts.multipart.maxSize" value="30000000"/>
    <package name="default" extends="spring-default">
    </package>
    <constant name="struts.objectFactory" value="org.apache.struts2.spring.StrutsSpringObjectFactory"/>
</struts>




